,regulator,TF_id,trn_type,gene_name,gene_id,reference
0,RutR2,PA0436,TF,pydP,PA0443,RegPrecise
1,RutR2,PA0436,TF,pydC,PA0444,RegPrecise
2,RutR2,PA0436,TF,pydB,PA0441,RegPrecise
3,RutR2,PA0436,TF,pydX,PA0440,RegPrecise
4,RutR2,PA0436,TF,pydA,PA0439,RegPrecise
5,RutR2,PA0436,TF,codB,PA0438,RegPrecise
6,RutR2,PA0436,TF,codA,PA0437,RegPrecise
7,PhhR,PA0873,TF,hpd,PA0865,RegPrecise
8,PhhR,PA0873,TF,phhR,PA0873,RegPrecise
9,PhhR,PA0873,TF,phhA,PA0872,RegPrecise
10,PhhR,PA0873,TF,phhB,PA0871,RegPrecise
11,PhhR,PA0873,TF,phhC,PA0870,RegPrecise
12,HexR,PA3184,TF,hexR,PA3184,RegPrecise
13,HexR,PA3184,TF,edd,PA3194,RegPrecise
14,HexR,PA3184,TF,glk,PA3193,RegPrecise
15,HexR,PA3184,TF,gltR,PA3192,RegPrecise
16,HexR,PA3184,TF,gltS,PA3191,RegPrecise
17,HexR,PA3184,TF,gapA,PA3195,RegPrecise
18,HexR,PA3184,TF,zwf,PA3183,RegPrecise
19,HexR,PA3184,TF,pgl,PA3182,RegPrecise
20,HexR,PA3184,TF,eda,PA3181,RegPrecise
21,DesT,PA4890,TF,fabA,PA1610,RegPrecise
22,DesT,PA4890,TF,desC,PA4889,RegPrecise
23,DesT,PA4890,TF,desB,PA4888,RegPrecise
24,HexR1,PA5438,TF,zwf,PA5439,RegPrecise
25,HexR1,PA5438,TF,aceE,PA5015,RegPrecise
26,HexR1,PA5438,TF,aceF,PA5016,RegPrecise
27,HexR1,PA5438,TF,hexR1,PA5438,RegPrecise
28,HexR1,PA5438,TF,aldE,PA3185,RegPrecise
29,BirA,PA4280,TF,bioB,PA0500,RegPrecise
30,BirA,PA4280,TF,bioF,PA0501,RegPrecise
31,BirA,PA4280,TF,bioH,PA0502,RegPrecise
32,BirA,PA4280,TF,bioC,PA0503,RegPrecise
33,BirA,PA4280,TF,bioD,PA0504,RegPrecise
34,NrtR,PA4916,TF,nadD,PA4917,RegPrecise
35,NrtR,PA4916,TF,nrtR,PA4916,RegPrecise
36,NrtR,PA4916,TF,pncA,PA4918,RegPrecise
37,NrtR,PA4916,TF,pncB,PA4919,RegPrecise
38,NrtR,PA4916,TF,nadE,PA4920,RegPrecise
39,NrdR,PA4057,TF,nrdD,PA1920,RegPrecise
40,NrdR,PA4057,TF,nrdG,PA1919,RegPrecise
41,NrdR,PA4057,TF,nrdJb,PA5497,RegPrecise
42,NrdR,PA4057,TF,nrdJa,PA5496,RegPrecise
43,NrdR,PA4057,TF,nrdA,PA1156,RegPrecise
44,NrdR,PA4057,TF,nrdB,PA1155,RegPrecise
45,NrdR,PA4057,TF,topA,PA3011,RegPrecise
46,SahR,PA0547,TF,sahR,PA0547,RegPrecise
47,SahR,PA0547,TF,metK,PA0546,RegPrecise
48,Zur,PA5499,TF,zur,PA5499,RegPrecise
49,Zur,PA5499,TF,znuC,PA5500,RegPrecise
50,Zur,PA5499,TF,znuB,PA5501,RegPrecise
51,Zur,PA5499,TF,omr,PA0781,RegPrecise
52,Zur,PA5499,TF,rpmE2,PA3601,RegPrecise
53,Zur,PA5499,TF,rpmJ,PA3600,RegPrecise
54,Zur,PA5499,TF,dksA2,PA5536,RegPrecise
55,Zur,PA5499,TF,yciC,PA5535,RegPrecise
56,Zur,PA5499,TF,PF08856,PA5534,RegPrecise
57,Zur,PA5499,TF,PA4838,PA4838,RegPrecise
58,Zur,PA5499,TF,PA5537,PA5537,RegPrecise
59,Zur,PA5499,TF,folE2,PA5539,RegPrecise
60,Zur,PA5499,TF,can,PA5540,RegPrecise
61,Zur,PA5499,TF,pyrC2,PA5541,RegPrecise
62,Zur,PA5499,TF,amiA,PA5538,RegPrecise
63,Zur,PA5499,TF,zbp,PA4063,RegPrecise
64,Zur,PA5499,TF,znuA,PA5498,RegPrecise
65,LldR,PA4769,TF,lldR,PA4769,RegPrecise
66,LldR,PA4769,TF,lldP,PA4770,RegPrecise
67,LldR,PA4769,TF,lldD,PA4771,RegPrecise
68,LldR,PA4769,TF,dld,PA4772,RegPrecise
69,NorR,PA2665,TF,hmp,PA2664,RegPrecise
70,NorR,PA2665,TF,,PA2663,RegPrecise
71,NorR,PA2665,TF,nnrS,PA2662,RegPrecise
72,NorR,PA2665,TF,norR,PA2665,RegPrecise
73,PrpR,PA0797,TF,prpR,PA0797,RegPrecise
74,PrpR,PA0797,TF,prpB,PA0796,RegPrecise
75,PrpR,PA0797,TF,prpC,PA0795,RegPrecise
76,PrpR,PA0797,TF,acnD,PA0794,RegPrecise
77,PrpR,PA0797,TF,prpF,PA0793,RegPrecise
78,PrpR,PA0797,TF,prpD,PA0792,RegPrecise
79,HutC,PA5105,TF,hutC,PA5105,RegPrecise
80,HutC,PA5105,TF,hutD,PA5104,RegPrecise
81,HutC,PA5105,TF,hutF,PA5106,RegPrecise
82,HutC,PA5105,TF,hutU,PA5100,RegPrecise
83,HutC,PA5105,TF,COG1457 (CodB),PA5099,RegPrecise
84,HutC,PA5105,TF,hutH,PA5098,RegPrecise
85,HutC,PA5105,TF,hisT,PA5097,RegPrecise
86,HutC,PA5105,TF,hutX,PA5096,RegPrecise
87,HutC,PA5105,TF,hutW,PA5095,RegPrecise
88,HutC,PA5105,TF,hutV,PA5094,RegPrecise
89,HutC,PA5105,TF,hutH2,PA5093,RegPrecise
90,HutC,PA5105,TF,hutI,PA5092,RegPrecise
91,HutC,PA5105,TF,hutG,PA5091,RegPrecise
92,HypR,PA1269,TF,hypR,PA1269,RegPrecise
93,HypR,PA1269,TF,hypE,PA1268,RegPrecise
94,HypR,PA1269,TF,hypO,PA1267,RegPrecise
95,HypR,PA1269,TF,hypM,PA1260,RegPrecise
96,HypR,PA1269,TF,hypX,PA1259,RegPrecise
97,HypR,PA1269,TF,hypN,PA1258,RegPrecise
98,HypR,PA1269,TF,hypP,PA1257,RegPrecise
99,HypR,PA1269,TF,hypQ,PA1256,RegPrecise
100,HypR,PA1269,TF,hypY,PA1255,RegPrecise
101,HypR,PA1269,TF,hypD,PA1254,RegPrecise
102,HypR,PA1269,TF,hypH,PA1253,RegPrecise
103,LphR,PA1268,TF,lphP,PA1260,27145750
104,LphR,PA1268,TF,lphH,PA1259,27145750
105,LphR,PA1268,TF,lphM,PA1258,27145750
106,LphR,PA1268,TF,lphN,PA1257,27145750
107,LphR,PA1268,TF,lphO,PA1256,27145750
108,LphR,PA1268,TF,lphK,PA1255,27145750
109,LphR,PA1268,TF,lphC,PA1254,27145750
110,LphR,PA1268,TF,lphG,PA1253,27145750
111,IscR,PA3815,TF,iscR,PA3815,RegPrecise
112,IscR,PA3815,TF,iscS,PA3814,RegPrecise
113,IscR,PA3815,TF,iscU,PA3813,RegPrecise
114,IscR,PA3815,TF,iscA,PA3812,RegPrecise
115,IscR,PA3815,TF,hscB,PA3811,RegPrecise
116,IscR,PA3815,TF,hscA,PA3810,RegPrecise
117,IscR,PA3815,TF,fdx,PA3809,RegPrecise
118,IscR,PA3815,TF,yfhJ,PA3808,RegPrecise
119,IscR,PA3815,TF,erpA,PA0665,RegPrecise
120,NagQ,PA3757,TF,nagQ,PA3757,RegPrecise
121,NagQ,PA3757,TF,,PA3758,RegPrecise
122,NagQ,PA3757,TF,nagB2,PA3759,RegPrecise
123,NagQ,PA3757,TF,ptsI,PA3760,RegPrecise
124,NagQ,PA3757,TF,,PA3761,RegPrecise
125,GlcC,PA5356,TF,glcD,PA5355,RegPrecise
126,GlcC,PA5356,TF,glcE,PA5354,RegPrecise
127,GlcC,PA5356,TF,glcF,PA5353,RegPrecise
128,GlcC,PA5356,TF,glcG,PA5352,RegPrecise
129,GlcC,PA5356,TF,glcC,PA5356,RegPrecise
130,NtrC,PA5125,TF,ntrB,PA5124,RegPrecise
131,NtrC,PA5125,TF,ntrC,PA5125,RegPrecise
132,NtrC,PA5125,TF,ybdK,PA1730,RegPrecise
133,NtrC,PA5125,TF,PF04168,PA1731,RegPrecise
134,NtrC,PA5125,TF,PF01841,PA1732,RegPrecise
135,NtrC,PA5125,TF,glnA,PA5119,RegPrecise
136,NtrC,PA5125,TF,glnK,PA5288,RegPrecise
137,NtrC,PA5125,TF,amtB,PA5287,RegPrecise
138,FruR,PA3563,TF,fruR,PA3563,RegPrecise
139,FruR,PA3563,TF,fruB,PA3562,RegPrecise
140,FruR,PA3563,TF,fruK,PA3561,RegPrecise
141,FruR,PA3563,TF,fruA,PA3560,RegPrecise
142,RbsR,PA1949,TF,rbsB,PA1946,RegPrecise
143,RbsR,PA1949,TF,rbsA,PA1947,RegPrecise
144,RbsR,PA1949,TF,rbsC,PA1948,RegPrecise
145,RbsR,PA1949,TF,rbsR,PA1949,RegPrecise
146,RbsR,PA1949,TF,rbsK,PA1950,RegPrecise
147,ModE,PA0487,TF,modA,PA1863,RegPrecise
148,ModE,PA0487,TF,modB,PA1862,RegPrecise
149,ModE,PA0487,TF,modC,PA1861,RegPrecise
150,LexA,PA3007,TF,yebG,PA3413,RegPrecise
151,LexA,PA3007,TF,PF04055,PA0069,RegPrecise
152,LexA,PA3007,TF,PA0922,PA0922,RegPrecise
153,LexA,PA3007,TF,imuA,PA0671,RegPrecise
154,LexA,PA3007,TF,imuB,PA0670,RegPrecise
155,LexA,PA3007,TF,dnaE2,PA0669,RegPrecise
156,LexA,PA3007,TF,lexA,PA3007,RegPrecise
157,LexA,PA3007,TF,sulA,PA3008,RegPrecise
158,LexA,PA3007,TF,recN,PA4763,RegPrecise
159,LexA,PA3007,TF,recA,PA3617,RegPrecise
160,LexA,PA3007,TF,recX,PA3616,RegPrecise
161,LexA,PA3007,TF,dinG,PA1045,RegPrecise
162,LexA,PA3007,TF,PF08774,PA1865,RegPrecise
163,LexA,PA3007,TF,COG1199,PA1866,RegPrecise
164,LexA,PA3007,TF,PA2288,PA2288,RegPrecise
165,LexA,PA3007,TF,PF07130,PA3413,RegPrecise
166,LiuR,PA2016,TF,aacS,PA2557,RegPrecise
167,LiuR,PA2016,TF,liuR,PA2016,RegPrecise
168,LiuR,PA2016,TF,liuA,PA2015,RegPrecise
169,LiuR,PA2016,TF,liuB,PA2014,RegPrecise
170,LiuR,PA2016,TF,liuC,PA2013,RegPrecise
171,LiuR,PA2016,TF,liuD,PA2012,RegPrecise
172,LiuR,PA2016,TF,liuE,PA2011,RegPrecise
173,PsrA,PA3006,TF,acdH1,PA0506,RegPrecise
174,PsrA,PA3006,TF,acdH2,PA0507,RegPrecise
175,PsrA,PA3006,TF,acdH3,PA0508,RegPrecise
176,PsrA,PA3006,TF,,PA1831,RegPrecise
177,PsrA,PA3006,TF,scp,PA1830,RegPrecise
178,PsrA,PA3006,TF,fadB,PA3014,RegPrecise
179,PsrA,PA3006,TF,fadA,PA3013,RegPrecise
180,PsrA,PA3006,TF,rpoS,PA3622,RegPrecise
181,PsrA,PA3006,TF,etfD,PA2953,RegPrecise
182,PsrA,PA3006,TF,etfB,PA2952,RegPrecise
183,PsrA,PA3006,TF,etfA,PA2951,RegPrecise
184,PsrA,PA3006,TF,algQ,PA5255,RegPrecise
185,PsrA,PA3006,TF,psrA,PA3006,RegPrecise
186,RutR,PA0167,TF,COG0726,PA1517,RegPrecise
187,RutR,PA0167,TF,pucL,PA1516,RegPrecise
188,RutR,PA0167,TF,allC,PA1515,RegPrecise
189,RutR,PA0167,TF,allA,PA1514,RegPrecise
190,RutR,PA0167,TF,COG3748,PA1513,RegPrecise
191,RutR,PA0167,TF,ppuA,PA0136,RegPrecise
192,RutR,PA0167,TF,ppuC,PA0137,RegPrecise
193,RutR,PA0167,TF,ppuD,PA0138,RegPrecise
194,RutR,PA0167,TF,tsx,PA0165,RegPrecise
195,RutR,PA0167,TF,pbuT,PA0166,RegPrecise
196,RutR,PA0167,TF,rutR,PA0167,RegPrecise
197,RutR,PA0167,TF,COG1739,PA0168,RegPrecise
198,VanR,PA4906,TF,vanA,PA4904,RegPrecise
199,VanR,PA4906,TF,vanB,PA4905,RegPrecise
200,VanR,PA4906,TF,vanK,PA4903,RegPrecise
201,PhnF,PA3381,TF,phnF,PA3381,RegPrecise
202,PhnF,PA3381,TF,phnG,PA3380,RegPrecise
203,PhnF,PA3381,TF,phnH,PA3379,RegPrecise
204,PhnF,PA3381,TF,phnI,PA3378,RegPrecise
205,PhnF,PA3381,TF,phnJ,PA3377,RegPrecise
206,PhnF,PA3381,TF,phnK,PA3376,RegPrecise
207,PhnF,PA3381,TF,phnL,PA3375,RegPrecise
208,PhnF,PA3381,TF,pnhM,PA3374,RegPrecise
209,PhnF,PA3381,TF,phnN,PA3373,RegPrecise
210,PhnF,PA3381,TF,phnP,PA3372,RegPrecise
211,PhnR,PA2802,TF,phnR,PA3249,RegPrecise
212,PhnR,PA2802,TF,phnS,PA3250,RegPrecise
213,PhnR,PA2802,TF,PF01663,PA3251,RegPrecise
214,PhnR,PA2802,TF,phnU,PA3252,RegPrecise
215,PhnR,PA2802,TF,phnV,PA3253,RegPrecise
216,PhnR,PA2802,TF,phnT,PA3254,RegPrecise
217,PhnR,PA2802,TF,COG0560,PA3255,RegPrecise
218,PhnR,PA2802,TF,phnR3,PA2802,RegPrecise
219,PhnR,PA2802,TF,phnX,PA2803,RegPrecise
220,PhnR,PA2802,TF,COG4341,PA2804,RegPrecise
221,PhnR,PA2802,TF,,PA1144,RegPrecise
222,PhnR,PA2802,TF,COG0560,PA1143,RegPrecise
223,PhnR,PA2802,TF,phnR2,PA1142,RegPrecise
224,PhnR,PA2802,TF,COG0560,PA3255,RegPrecise
225,FabR2,PA1539,TF,fabR2,PA1539,RegPrecise
226,FabR2,PA1539,TF,COG2072,PA1538,RegPrecise
227,FabR2,PA1539,TF,COG0300,PA1537,RegPrecise
228,RutR3,PA1504,TF,xdhA,PA1524,RegPrecise
229,RutR3,PA1504,TF,xdhB,PA1523,RegPrecise
230,RutR3,PA1504,TF,xdhC,PA1522,RegPrecise
231,RutR3,PA1504,TF,guaD,PA1521,RegPrecise
232,RutR3,PA1504,TF,pbuT,PA1519,RegPrecise
233,yybP-ykoY,,RNA,COG2119,PA4629,RegPrecise
234,yybP-ykoY,,RNA,COG1971,PA2910,RegPrecise
235,TPP,,RNA,thiC,PA4973,RegPrecise
236,SAH_riboswitch,,RNA,ahcY,PA0432,RegPrecise
237,SAH_riboswitch,,RNA,,PA0431,RegPrecise
238,SAH_riboswitch,,RNA,metF,PA0430,RegPrecise
239,mini-ykkC,,RNA,ykkC2,PA1882,RegPrecise
240,mini-ykkC,,RNA,ykkC1,PA3265,RegPrecise
241,S15,,RNA,rpsO,PA4741,RegPrecise
242,Cobalamin,,RNA,cobG,PA2906,RegPrecise
243,Cobalamin,,RNA,cbiC,PA2905,RegPrecise
244,Cobalamin,,RNA,cbiL,PA2904,RegPrecise
245,Cobalamin,,RNA,cbiGH,PA2903,RegPrecise
246,Cobalamin,,RNA,btuB2,PA1271,RegPrecise
247,Cobalamin,,RNA,btuR,PA1272,RegPrecise
248,Cobalamin,,RNA,cbiA,PA1273,RegPrecise
249,Cobalamin,,RNA,bluB,PA1274,RegPrecise
250,Cobalamin,,RNA,cbiB,PA1275,RegPrecise
251,Cobalamin,,RNA,cobD,PA1276,RegPrecise
252,Cobalamin,,RNA,cbiP,PA1277,RegPrecise
253,Cobalamin,,RNA,cobU,PA1278,RegPrecise
254,Cobalamin,,RNA,cobT,PA1279,RegPrecise
255,Cobalamin,,RNA,cobC,PA1280,RegPrecise
256,Cobalamin,,RNA,cobS,PA1281,RegPrecise
257,Cobalamin,,RNA,cbtA,PA2946,RegPrecise
258,Cobalamin,,RNA,cobE,PA2947,RegPrecise
259,Cobalamin,,RNA,cbiF,PA2948,RegPrecise
260,Cobalamin,,RNA,btuB,PA2911,RegPrecise
261,Cobalamin,,RNA,btuD,PA2912,RegPrecise
262,Cobalamin,,RNA,btuF,PA2913,RegPrecise
263,Cobalamin,,RNA,btuC,PA2914,RegPrecise
264,Cobalamin,,RNA,,PA2945,RegPrecise
265,Cobalamin,,RNA,cobN,PA2944,RegPrecise
266,FMN,,RNA,ribE2,PA4055,RegPrecise
267,FMN,,RNA,ribBA,PA4054,RegPrecise
268,FMN,,RNA,ribH,PA4053,RegPrecise
269,PA2100,PA2100,TF,COG697 (RhaT),PA2101,RegPrecise
270,PA2100,PA2100,TF,COG1310,PA2102,RegPrecise
271,GntR,PA2320,TF,gntT,PA2322,RegPrecise
272,GntR,PA2320,TF,gntK,PA2321,RegPrecise
273,GntR,PA2320,TF,gntR,PA2320,RegPrecise
274,SoxR,PA2273,TF,PF07690,PA3718,RegPrecise
275,SoxR,PA2273,TF,mexG,PA4205,RegPrecise
276,SoxR,PA2273,TF,mexH,PA4206,RegPrecise
277,SoxR,PA2273,TF,mexI,PA4207,RegPrecise
278,SoxR,PA2273,TF,opmD,PA4208,RegPrecise
279,SoxR,PA2273,TF,PF03992,PA2274,RegPrecise
280,SoxR,PA2273,TF,soxR,PA2273,RegPrecise
281,CueR,PA4778,TF,copA,PA3920,RegPrecise
282,CueR,PA4778,TF,,PA3523,RegPrecise
283,CueR,PA4778,TF,,PA3522,RegPrecise
284,CueR,PA4778,TF,PA3521,PA3521,RegPrecise
285,CadR-PbrR,PA3689,TF,cadA,PA3690,RegPrecise
286,PtxS,PA2259,TF,ptxS,PA2259,RegPrecise
287,PtxS,PA2259,TF,kguE,PA2260,RegPrecise
288,PtxS,PA2259,TF,kguK,PA2261,RegPrecise
289,PtxS,PA2259,TF,kguT,PA2262,RegPrecise
290,PtxS,PA2259,TF,kguD,PA2263,RegPrecise
291,PtxS,PA2259,TF,gadC,PA2264,RegPrecise
292,PtxS,PA2259,TF,gadB,PA2265,RegPrecise
293,PtxS,PA2259,TF,gadA,PA2266,RegPrecise
294,PA2299,PA2299,TF,PA2299,PA2299,RegPrecise
295,PA2299,PA2299,TF,PA2298,PA2298,RegPrecise
296,PA2299,PA2299,TF,PA2297,PA2297,RegPrecise
297,PA2299,PA2299,TF,PA2296,PA2296,RegPrecise
298,PA2299,PA2299,TF,PA2295,PA2295,RegPrecise
299,PA2299,PA2299,TF,PA2294,PA2294,RegPrecise
300,PA2299,PA2299,TF,PA2293,PA2293,RegPrecise
301,PA2299,PA2299,TF,PA2292,PA2292,RegPrecise
302,PA1520,PA1520,TF,PA2938,PA2938,RegPrecise
303,PA1520,PA1520,TF,PA1520,PA1520,RegPrecise
304,PA1520,PA1520,TF,PA1518,PA1518,RegPrecise
305,PA1520,PA1520,TF,gcl,PA1502,RegPrecise
306,PA1520,PA1520,TF,hyi,PA1501,RegPrecise
307,PA1520,PA1520,TF,garR,PA1500,RegPrecise
308,PA1520,PA1520,TF,PA0165,PA0165,RegPrecise
309,PA1520,PA1520,TF,PA1503,PA1503,RegPrecise
310,PA1520,PA1520,TF,PA1507,PA1507,RegPrecise
311,PA1520,PA1520,TF,PA1517,PA1517,RegPrecise
312,PA1520,PA1520,TF,uraO,PA1516,RegPrecise
313,PA1520,PA1520,TF,alc,PA1515,RegPrecise
314,PA1520,PA1520,TF,allA,PA1514,RegPrecise
315,PA1520,PA1520,TF,PA1513,PA1513,RegPrecise
316,PA1520,PA1520,TF,PA0476,PA0476,RegPrecise
317,PA1520,PA1520,TF,PA1519,PA1519,RegPrecise
318,UreR,PA0120,TF,dctA,PA0119,RegPrecise
319,UreR,PA0120,TF,ureR,PA0120,RegPrecise
320,MetR,PA3587,TF,metH,PA1843,RegPrecise
321,MetR,PA3587,TF,metR,PA3587,RegPrecise
322,MetR,PA3587,TF,metE,PA1927,RegPrecise
323,PA0268,PA0268,TF,PF02627,PA0269,RegPrecise
324,PA0268,PA0268,TF,PF07883,PA0270,RegPrecise
325,YdcR,PA4132,TF,cysI,PA4130,RegPrecise
326,YdcR,PA4132,TF,COG3749,PA4129,RegPrecise
327,YdcR,PA4132,TF,ccoN,PA4133,RegPrecise
328,GcsR,PA2449,TF,gcvH,PA2446,RegPrecise|27303730
329,GcsR,PA2449,TF,gcvP,PA2445,RegPrecise|27303730
330,GcsR,PA2449,TF,glyA,PA2444,RegPrecise|27303730
331,GcsR,PA2449,TF,sdaA,PA2443,RegPrecise|27303730
332,GcsR,PA2449,TF,gcvT,PA2442,RegPrecise|27303730
333,HmgR,PA2010,TF,hmgR,PA2010,RegPrecise
334,HmgR,PA2010,TF,hmgA,PA2009,RegPrecise
335,HmgR,PA2010,TF,hmgC,PA2008,RegPrecise
336,HmgR,PA2010,TF,hmgB,PA2007,RegPrecise
337,HmgR,PA2010,TF,COG2814,PA2006,RegPrecise
338,PdxR,PA4165,TF,PF00583,PA4166,RegPrecise
339,YjiR,PA2032,TF,yjiS,PA2031,RegPrecise
340,EutR,PA5506,TF,eutR,PA5506,RegPrecise
341,EutR,PA5506,TF,COG1335,PA5507,RegPrecise
342,EutR,PA5506,TF,eutB,PA5508,RegPrecise
343,EutR,PA5506,TF,eutA,PA5509,RegPrecise
344,EutR,PA5506,TF,eutT,PA5510,RegPrecise
345,SdaR,PA1050,TF,grtP,PA1051,RegPrecise
346,SdaR,PA1050,TF,garK,PA1052,RegPrecise
347,PhrR,PA4659,TF,COG3380,PA4657,RegPrecise
348,PhrR,PA4659,TF,COG3272,PA4658,RegPrecise
349,PhrR,PA4659,TF,phrR,PA4659,RegPrecise
350,PhrR,PA4659,TF,phr,PA4660,RegPrecise
351,PdxW2,PA5431,TF,COG456 (RimI) PF00583,PA5432,RegPrecise
352,PdxW2,PA5431,TF,COG1670 (RimL) PF00583,PA5433,RegPrecise
353,RoxR,PA4493,TF,coxA,PA0105,28542449
354,RoxR,PA4493,TF,coxB,PA0106,28542449
355,RoxR,PA4493,TF,coIII,PA0108,28542449
356,RpoS,PA3622,TF,coxA,PA0105,28542449
357,RpoS,PA3622,TF,coxB,PA0106,28542449
358,RpoS,PA3622,TF,coIII,PA0108,28542449
359,CysB,PA1754,TF,atsB,PA0185,10715018
360,CysB,PA1754,TF,ataA,PA0183,10715018
361,CysB,PA1754,TF,atsC,PA0184,10715018
362,CysB,PA1754,TF,atsR,PA0186,10715018
363,YdfF,PA2079,TF,cysA,PA0280,PseudoCyc
364,YdfF,PA2079,TF,cysW,PA0281,PseudoCyc
365,YdfF,PA2079,TF,cysT,PA0282,PseudoCyc
366,AtuR,PA2885,TF,atuA,PA2886,20487029
367,AtuR,PA2885,TF,atuB,PA2887,20487029
368,AtuR,PA2885,TF,atuC,PA2888,20487029
369,AtuR,PA2885,TF,atuD,PA2889,20487029
370,AtuR,PA2885,TF,atuE,PA2890,20487029
371,AtuR,PA2885,TF,atuF,PA2891,20487029
372,AtuR,PA2885,TF,atuG,PA2892,20487029
373,RpoS,PA3622,TF,pelA,PA3064,22176658
374,RpoS,PA3622,TF,pelB,PA3063,22176658
375,RpoS,PA3622,TF,pelC,PA3062,22176658
376,RpoS,PA3622,TF,pelD,PA3061,22176658
377,RpoS,PA3622,TF,pelE,PA3060,22176658
378,RpoS,PA3622,TF,pelF,PA3059,22176658
379,RpoS,PA3622,TF,pelG,PA3058,22176658
380,FleQ,PA1097,TF,pelA,PA3064,22176658
381,FleQ,PA1097,TF,pelB,PA3063,22176658
382,FleQ,PA1097,TF,pelC,PA3062,22176658
383,FleQ,PA1097,TF,pelD,PA3061,22176658
384,FleQ,PA1097,TF,pelE,PA3060,22176658
385,FleQ,PA1097,TF,pelF,PA3059,22176658
386,FleQ,PA1097,TF,pelG,PA3058,22176658
387,RsmA,PA0905,TF,pelA,PA3064,22176658
388,RsmA,PA0905,TF,pelB,PA3063,22176658
389,RsmA,PA0905,TF,pelC,PA3062,22176658
390,RsmA,PA0905,TF,pelD,PA3061,22176658
391,RsmA,PA0905,TF,pelE,PA3060,22176658
392,RsmA,PA0905,TF,pelF,PA3059,22176658
393,RsmA,PA0905,TF,pelG,PA3058,22176658
394,AcoR,PA4147,TF,PA4148,PA4148,32814867
395,AcoR,PA4147,TF,PA4149,PA4149,32814867
396,AcoR,PA4147,TF,PA4150,PA4150,32814867
397,AcoR,PA4147,TF,acoB,PA4151,32814867
398,AcoR,PA4147,TF,PA4152,PA4152,32814867
399,AcoR,PA4147,TF,PA4153,PA4153,32814867
400,Fur,PA4764,TF,cyoA,PA1317,21833336
401,Fur,PA4764,TF,cyoB,PA1318,21833336
402,Fur,PA4764,TF,cyoC,PA1319,21833336
403,Fur,PA4764,TF,cyoD,PA1320,21833336
404,Fur,PA4764,TF,cyoE,PA1321,21833336
405,Anr,PA1544,TF,nirJ,PA0511,9919648
406,Anr,PA1544,TF,nirL,PA0514,9919648
407,Anr,PA1544,TF,nirF,PA0516,9919648
408,Anr,PA1544,TF,nirN,PA0509,9919648
409,Anr,PA1544,TF,nirE,PA0510,9919648
410,Anr,PA1544,TF,nirH,PA0512,9919648
411,Anr,PA1544,TF,nirC,PA0517,9919648
412,Anr,PA1544,TF,nirM,PA0518,9919648
413,Anr,PA1544,TF,nirS,PA0519,9919648
414,DhcR,PA1998,TF,dhcA,PA1999,20304990
415,DhcR,PA1998,TF,dhcB,PA2000,20304990
416,DhcR,PA1998,TF,atoB,PA2001,20304990
417,PvdS,PA2426,TF,pvdA,PA2386,12686626
418,PvdS,PA2426,TF,pvdF,PA2396,12686626
419,PvdS,PA2426,TF,pvdE,PA2397,12686626
420,PvdS,PA2426,TF,pvdD,PA2399,12686626
421,PvdS,PA2426,TF,pvdJ,PA2400,12686626
422,PvdS,PA2426,TF,pvdI,PA2402,12686626
423,MmsR,PA3571,TF,mmsA,PA3570,1339433
424,MmsR,PA3571,TF,mmsB,PA3569,1339433
425,PqsR,PA1003,TF,phzA1,PA4210,26735915
426,PqsR,PA1003,TF,phzB1,PA4211,26735915
427,PqsR,PA1003,TF,phzC1,PA4212,26735915
428,PqsR,PA1003,TF,phzD1,PA4213,26735915
429,PqsR,PA1003,TF,phzE1,PA4214,26735915
430,PqsR,PA1003,TF,phzF1,PA4215,26735915
431,PqsR,PA1003,TF,phzG1,PA4216,26735915
432,RhlR,PA3477,TF,phzA1,PA4210,26735915
433,RhlR,PA3477,TF,phzB1,PA4211,26735915
434,RhlR,PA3477,TF,phzC1,PA4212,26735915
435,RhlR,PA3477,TF,phzD1,PA4213,26735915
436,RhlR,PA3477,TF,phzE1,PA4214,26735915
437,RhlR,PA3477,TF,phzF1,PA4215,26735915
438,RhlR,PA3477,TF,phzG1,PA4216,26735915
439,QscR,PA1898,TF,phzA1,PA4210,26735915
440,QscR,PA1898,TF,phzB1,PA4211,26735915
441,QscR,PA1898,TF,phzC1,PA4212,26735915
442,QscR,PA1898,TF,phzD1,PA4213,26735915
443,QscR,PA1898,TF,phzE1,PA4214,26735915
444,QscR,PA1898,TF,phzF1,PA4215,26735915
445,QscR,PA1898,TF,phzG1,PA4216,26735915
446,QscR,PA1898,TF,phzA2,PA1899,26735915
447,QscR,PA1898,TF,phzB2,PA1900,26735915
448,QscR,PA1898,TF,phzC2,PA1901,26735915
449,QscR,PA1898,TF,phzD2,PA1902,26735915
450,QscR,PA1898,TF,phzE2,PA1903,26735915
451,QscR,PA1898,TF,phzF2,PA1904,26735915
452,QscR,PA1898,TF,phzG2,PA1905,26735915
453,CzcR,PA2523,TF,czcC,PA2522,17449606
454,CzcR,PA2523,TF,czcB,PA2521,17449606
455,CzcR,PA2523,TF,czcA,PA2520,17449606
456,SouR,PA4184,TF,glyA1,PA5415,26503852
457,SouR,PA4184,TF,soxB,PA5416,26503852
458,SouR,PA4184,TF,soxD,PA5417,26503852
459,SouR,PA4184,TF,soxA,PA5418,26503852
460,SouR,PA4184,TF,soxG,PA5419,26503852
461,SouR,PA4184,TF,purU2,PA5420,26503852
462,GbdR,PA5380,TF,glyA1,PA5415,26503852
463,GbdR,PA5380,TF,soxB,PA5416,26503852
464,GbdR,PA5380,TF,soxD,PA5417,26503852
465,GbdR,PA5380,TF,soxA,PA5418,26503852
466,GbdR,PA5380,TF,soxG,PA5419,26503852
467,GbdR,PA5380,TF,purU2,PA5420,26503852
468,AmrZ,PA3385,TF,pslA,PA2231,23354748
469,AmrZ,PA3385,TF,pslB,PA2232,23354748
470,AmrZ,PA3385,TF,pslC,PA2233,23354748
471,AmrZ,PA3385,TF,pslD,PA2234,23354748
472,AmrZ,PA3385,TF,pslE,PA2235,23354748
473,AmrZ,PA3385,TF,pslF,PA2236,23354748
474,AmrZ,PA3385,TF,pslG,PA2237,23354748
475,AmrZ,PA3385,TF,pslH,PA2238,23354748
476,AmrZ,PA3385,TF,pslJ,PA2240,23354748
477,AmrZ,PA3385,TF,pslK,PA2241,23354748
478,AmrZ,PA3385,TF,pslL,PA2242,23354748
479,GbuR,PA1422,TF,PA1419,PA1419,12029055
480,GbuR,PA1422,TF,PA1420,PA1420,12029055
481,GbuR,PA1422,TF,gbuA,PA1421,12029055
482,Anr,PA1544,TF,moaA1,PA3914,23967252
483,Anr,PA1544,TF,moaB1,PA3915,23967252
484,Anr,PA1544,TF,moaE,PA3916,23967252
485,Anr,PA1544,TF,moaD,PA3917,23967252
486,Anr,PA1544,TF,moaC,PA3918,23967252
487,Dnr,PA1544,TF,moaA1,PA3914,23967252
488,Dnr,PA1544,TF,moaB1,PA3915,23967252
489,Dnr,PA0527,TF,moaE,PA3916,23967252
490,Dnr,PA0527,TF,moaD,PA3917,23967252
491,Dnr,PA0527,TF,moaC,PA3918,23967252
492,DguR,PA5085,TF,dguA,PA5084,25082951
493,DguR,PA5085,TF,dguB,PA5083,25082951
494,DguR,PA5085,TF,dguC,PA5082,25082951
495,AgmR,PA1978,TF,exaA,PA1982,15184571
496,AgmR,PA1978,TF,exaB,PA1983,15184571
497,AgmR,PA1978,TF,exaC,PA1984,15184571
498,AHL,,Compound,PA2328,PA2328,21261883
499,AHL,,Compound,PA2329,PA2329,21261883
500,AHL,,Compound,PA2330,PA2330,21261883
501,AHL,,Compound,PA2331,PA2331,21261883
502,GlpR,PA3583,TF,glpF,PA3581,8752340
503,GlpR,PA3583,TF,glpK,PA3582,8752340
504,GlpR,PA3583,TF,glpD,PA3584,8752340
505,FleQ,PA1097,TF,flgB,PA1077,10629180
506,FleQ,PA1097,TF,flgC,PA1078,10629180
507,FleQ,PA1097,TF,flgD,PA1079,10629180
508,FleQ,PA1097,TF,flgE,PA1080,10629180
509,FleQ,PA1097,TF,flgF,PA1081,10629180
510,FleQ,PA1097,TF,flgL,PA1087,10629180
511,FleN,PA1454,TF,flgB,PA1077,10629180
512,FleN,PA1454,TF,flgC,PA1078,10629180
513,FleN,PA1454,TF,flgD,PA1079,10629180
514,FleN,PA1454,TF,flgE,PA1080,10629180
515,FleN,PA1454,TF,flgF,PA1081,10629180
516,FleN,PA1454,TF,flgL,PA1087,10629180
517,ArgR,PA0893,TF,aotJ,PA0888,9286981 15175299
518,ArgR,PA0893,TF,aotQ,PA0889,9286981 15175299
519,ArgR,PA0893,TF,aotM,PA0890,9286981 15175299
520,ArgR,PA0893,TF,aotP,PA0892,9286981 15175299
521,ArgR,PA0893,TF,aruC,PA0895,9286981 15175299
522,ArgR,PA0893,TF,aruF,PA0896,9286981 15175299
523,ArgR,PA0893,TF,aruG,PA0897,9286981 15175299
524,ArgR,PA0893,TF,aruD,PA0898,9286981 15175299
525,ArgR,PA0893,TF,aruB,PA0899,9286981 15175299
526,ArgR,PA0893,TF,aruE,PA0901,9286981 15175299
527,ArgR,PA0893,TF,gdhB,PA3068,9286981 15175299
528,ArgR,PA0893,TF,argG,PA3525,9286981 15175299
529,ArgR,PA0893,TF,argF,PA3537,9286981 15175299
530,ArgR,PA0893,TF,gdhA,PA4588,9286981 15175299
531,ArgR,PA0893,TF,gltB,PA5036,9286981 15175299
532,ArgR,PA0893,TF,arcD,PA5170,9286981 15175299
533,ArgR,PA0893,TF,arcB,PA5172,9286981 15175299
534,ArgR,PA0893,TF,arcA,PA5171,9286981 15175299
535,FpvR,PA2388,TF,fpvG,PA2403,24923658 30386787
536,FpvR,PA2388,TF,fpvH,PA2404,24923658 30386787
537,FpvR,PA2388,TF,fpvJ,PA2405,24923658 30386787
538,FpvR,PA2388,TF,fpvK,PA2406,24923658 30386787
539,FpvR,PA2388,TF,fpvC,PA2407,24923658 30386787
540,FpvR,PA2388,TF,fpvD,PA2408,24923658 30386787
541,FpvR,PA2388,TF,fpvE,PA2409,24923658 30386787
542,FpvR,PA2388,TF,fpvF,PA2410,24923658 30386787
543,PvdS,PA2426,TF,fpvG,PA2403,24923658 30386787
544,PvdS,PA2426,TF,fpvH,PA2404,24923658 30386787
545,PvdS,PA2426,TF,fpvJ,PA2405,24923658 30386787
546,PvdS,PA2426,TF,fpvK,PA2406,24923658 30386787
547,PvdS,PA2426,TF,fpvC,PA2407,24923658 30386787
548,PvdS,PA2426,TF,fpvD,PA2408,24923658 30386787
549,PvdS,PA2426,TF,fpvE,PA2409,24923658 30386787
550,PvdS,PA2426,TF,fpvF,PA2410,24923658 30386787
551,FpvI,PA2387,TF,fpvG,PA2403,24923658 30386787
552,FpvI,PA2387,TF,fpvH,PA2404,24923658 30386787
553,FpvI,PA2387,TF,fpvJ,PA2405,24923658 30386787
554,FpvI,PA2387,TF,fpvK,PA2406,24923658 30386787
555,FpvI,PA2387,TF,fpvC,PA2407,24923658 30386787
556,FpvI,PA2387,TF,fpvD,PA2408,24923658 30386787
557,FpvI,PA2387,TF,fpvE,PA2409,24923658 30386787
558,FpvI,PA2387,TF,fpvF,PA2410,24923658 30386787
559,LasR,PA1430,TF,aprD,PA1246,30190495
560,LasR,PA1430,TF,aprE,PA1247,30190495
561,LasR,PA1430,TF,aprF,PA1248,30190495
562,LasR,PA1430,TF,aprA,PA1249,30190495
563,LasR,PA1430,TF,aprI,PA1250,30190495
564,MvfR,PA1003,TF,ambE,PA2302,27456813
565,MvfR,PA1003,TF,ambD,PA2303,27456813
566,MvfR,PA1003,TF,ambC,PA2304,27456813
567,MvfR,PA1003,TF,ambB,PA2305,27456813
568,FruR,PA3563,TF,fruA,PA3560,14563858
569,FruR,PA3563,TF,fruK,PA3561,14563858
570,FruR,PA3563,TF,fruI,PA3562,14563858
571,EatR,PA4021,TF,eutB,PA4024,27325678
572,EatR,PA4021,TF,eutC,PA4025,27325678
573,EatR,PA4021,TF,eutP,PA4023,27325678
574,EatR,PA4021,TF,exaC,PA1984,27325678
575,RpoN,PA4462,TF,eutB,PA4024,27325678
576,RpoN,PA4462,TF,eutC,PA4025,27325678
577,RpoN,PA4462,TF,eutP,PA4023,27325678
578,RpoN,PA4462,TF,exaC,PA1984,27325678
579,Anr,PA1544,TF,hcnA,PA2193,11092854
580,Anr,PA1544,TF,hcnB,PA2194,11092854
581,Anr,PA1544,TF,hcnC,PA2195,11092854
582,LasR,PA1430,TF,hcnA,PA2193,11092854
583,LasR,PA1430,TF,hcnB,PA2194,11092854
584,LasR,PA1430,TF,hcnC,PA2195,11092854
585,RhlR,PA3477,TF,hcnA,PA2193,11092854
586,RhlR,PA3477,TF,hcnB,PA2194,11092854
587,RhlR,PA3477,TF,hcnC,PA2195,11092854
588,PchR,PA4227,TF,pchD,PA4228,8982005; 11208777
589,PchR,PA4227,TF,pchC,PA4229,8982005; 11208777
590,PchR,PA4227,TF,pchB,PA4230,8982005; 11208777
591,PchR,PA4227,TF,pchA,PA4231,8982005; 11208777
592,PchR,PA4227,TF,PA4222,PA4222,8982005; 11208777
593,PchR,PA4227,TF,PA4223,PA4223,8982005; 11208777
594,PchR,PA4227,TF,pchG,PA4224,8982005; 11208777
595,PchR,PA4227,TF,pchF,PA4225,8982005; 11208777
596,PchR,PA4227,TF,pchE,PA4226,8982005; 11208777
597,ErbR,PA1978,TF,pqqA,PA1985,19902179
598,ErbR,PA1978,TF,pqqB,PA1986,19902179
599,ErbR,PA1978,TF,pqqC,PA1987,19902179
600,ErbR,PA1978,TF,pqqD,PA1988,19902179
601,ErbR,PA1978,TF,pqqE,PA1989,19902179
602,ErbR,PA1978,TF,pqqH,PA1990,19902179
603,PprB,PA4296,TF,tadD,PA4299,19151143
604,PprB,PA4296,TF,tadC,PA4300,19151143
605,PprB,PA4296,TF,tadB,PA4301,19151143
606,PprB,PA4296,TF,tadA,PA4302,19151143
607,PprB,PA4296,TF,tadZ,PA4303,19151143
608,AntR,PA2511,TF,catA,PA2507,20498077
609,AntR,PA2511,TF,catC,PA2508,20498077
610,AntR,PA2511,TF,catB,PA2509,20498077
611,AntR,PA2511,TF,antA,PA2512,20498077
612,AntR,PA2511,TF,antB,PA2513,20498077
613,AntR,PA2511,TF,antC,PA2514,20498077
614,CpxR,PA3204,TF,opmB,PA2525,27736975
615,CpxR,PA3204,TF,muxC,PA2526,27736975
616,CpxR,PA3204,TF,muxB,PA2527,27736975
617,CpxR,PA3204,TF,muxA,PA2528,27736975
618,RpoS,PA3622,TF,coxB,PA0105,14763974
619,RpoS,PA3622,TF,coxA,PA0106,14763974
620,RpoS,PA3622,TF,PA0107,PA0107,14763974
621,RpoS,PA3622,TF,coIII,PA0108,14763974
622,AlgU,PA0762,TF,mucA,PA0763,15516570
623,AlgU,PA0762,TF,mucB,PA0764,15516570
624,AlgU,PA0762,TF,mucC,PA0765,15516570
625,AlgU,PA0762,TF,mucD,PA0766,15516570
626,MexS,PA2491,TF,mexE,PA2493,21078928
627,MexS,PA2491,TF,mexF,PA2494,21078928
628,MexS,PA2491,TF,OprN,PA2495,21078928
629,MexT,PA2492,TF,mexE,PA2493,21078928
630,MexT,PA2492,TF,mexF,PA2494,21078928
631,MexT,PA2492,TF,OprN,PA2495,21078928
632,MvfR,PA1003,TF,pqsA,PA0996,24239007
633,MvfR,PA1003,TF,pqsB,PA0997,24239007
634,MvfR,PA1003,TF,pqsC,PA0998,24239007
635,MvfR,PA1003,TF,pqsD,PA0999,24239007
636,MvfR,PA1003,TF,pqsE,PA1000,24239007
637,MvfR,PA1003,TF,phnA,PA1001,15686549
638,MvfR,PA1003,TF,phnB,PA1002,15686549
639,Sigma factor X,PA1776,TF,braG,PA1070,Pseudomonas.com
640,Sigma factor X,PA1776,TF,braF,PA1071,Pseudomonas.com
641,Sigma factor X,PA1776,TF,braE,PA1072,Pseudomonas.com
642,Sigma factor X,PA1776,TF,braD,PA1073,Pseudomonas.com
643,Sigma factor X,PA1776,TF,braC,PA1074,Pseudomonas.com
644,FleQ,PA1097,TF,fliM,PA1443,10629180
645,FleQ,PA1097,TF,fliN,PA1444,10629180
646,FleQ,PA1097,TF,fliO,PA1445,10629180
647,FleQ,PA1097,TF,fliP,PA1446,10629180
648,FleQ,PA1097,TF,fliQ,PA1447,10629180
649,FleQ,PA1097,TF,fliE,PA1100,10629180
650,FleQ,PA1097,TF,fliF,PA1101,10629180
651,FleQ,PA1097,TF,fliG,PA1102,10629180
652,FleQ,PA1097,TF,fleS,PA1098,10629180
653,FleQ,PA1097,TF,fleR,PA1099,10629180
654,FleN,PA1454,TF,fliM,PA1443,10629180
655,FleN,PA1454,TF,fliN,PA1444,10629180
656,FleN,PA1454,TF,fliO,PA1445,10629180
657,FleN,PA1454,TF,fliP,PA1446,10629180
658,FleN,PA1454,TF,fliQ,PA1447,10629180
659,FleN,PA1454,TF,fliE,PA1100,10629180
660,FleN,PA1454,TF,fliF,PA1101,10629180
661,FleN,PA1454,TF,fliG,PA1102,10629180
662,FleN,PA1454,TF,fleS,PA1098,10629180
663,FleN,PA1454,TF,fleR,PA1099,10629180
664,TagR1,PA0071,TF,ppkA,PA0074,19400797
665,TagR1,PA0071,TF,pppA,PA0075,19400797
666,PhhR,PA0873,TF,phhC,PA0870,10217769
667,PhhR,PA0873,TF,phhB,PA0871,10217769
668,PhhR,PA0873,TF,phhA,PA0872,10217769
669,PhhR,PA0873,TF,dhcA,PA1999,10217769
670,PhhR,PA0873,TF,dhcB,PA2000,10217769
671,Sfa2,PA1663,TF,hsiA1,PA1656,25721475
672,Sfa2,PA1663,TF,hsiB2,PA1657,25721475
673,Sfa2,PA1663,TF,hsiC2,PA1658,25721475
674,Sfa2,PA1663,TF,hsiF2,PA1659,25721475
675,Sfa2,PA1663,TF,hsiG2,PA1660,25721475
676,Sfa2,PA1663,TF,hsiF2,PA1661,25721475
677,Sfa2,PA1663,TF,clpV2,PA1662,25721475
678,Sfa2,PA1663,TF,sfa2,PA1663,25721475
679,Sfa2,PA1663,TF,orfX,PA1664,25721475
680,Sfa2,PA1663,TF,fha2,PA1665,25721475
681,Sfa2,PA1663,TF,lip2,PA1666,25721475
682,Sfa2,PA1663,TF,hsiJ2,PA1667,25721475
683,Sfa2,PA1663,TF,dotU2,PA1668,25721475
684,Sfa2,PA1663,TF,icmF2,PA1669,25721475
685,Sfa2,PA1663,TF,stp1,PA1670,25721475
686,Sfa2,PA1663,TF,stk1,PA1671,25721475
687,CopR,PA2809,TF,pcoA,PA2064,28760827
688,CopR,PA2809,TF,pcoB,PA2065,28760827
689,EsrC,PA4596,TF,oprJ,PA4597,25143244
690,EsrC,PA4596,TF,mexD,PA4598,25143244
691,EsrC,PA4596,TF,mexC,PA4599,25143244
692,NfxB,PA4600,TF,oprJ,PA4597,25143244
693,NfxB,PA4600,TF,mexD,PA4598,25143244
694,NfxB,PA4600,TF,mexC,PA4599,25143244
695,PrrF,,sRNA,leuD,PA3120,30962354
696,PrrF,,sRNA,leuC,PA3121,30962354
697,ModR,PA0487,TF,modA,PA1863,Pseudomonas.com
698,ModR,PA0487,TF,modB,PA1862,Pseudomonas.com
699,ModR,PA0487,TF,modC,PA1861,Pseudomonas.com
700,NarL,PA3879,TF,narI,PA3872,21833336
701,NarL,PA3879,TF,narJ,PA3873,21833336
702,NarL,PA3879,TF,narH,PA3874,21833336
703,NarL,PA3879,TF,narG,PA3875,21833336
704,NarL,PA3879,TF,narK2,PA3876,21833336
705,NarL,PA3879,TF,narK1,PA3877,21833336
706,AtsR,PA0186,TF,atsA,PA0183,10715018
707,AtsR,PA0186,TF,atsC,PA0184,10715018
708,AtsR,PA0186,TF,atsB,PA0185,10715018
709,PA1226,PA1226,TF,PA0754,PA0754,29995308
710,PA1226,PA1226,TF,yneJ,PA1413,29995308
711,PA1226,PA1226,TF,fpvG,PA2403,29995308
712,PA1226,PA1226,TF,fpvH,PA2404,29995308
713,PA1226,PA1226,TF,fpvJ,PA2405,29995308
714,PA1226,PA1226,TF,fpvK,PA2406,29995308
715,PA1226,PA1226,TF,potF4,PA2711,29995308
716,PA1226,PA1226,TF,wbpI,PA3148,29995308
717,PA1226,PA1226,TF,wbpH,PA3149,29995308
718,PA1226,PA1226,TF,wbpG,PA3150,29995308
719,PA1226,PA1226,TF,algD,PA3540,29995308
720,PA1226,PA1226,TF,alg8,PA3541,29995308
721,PA1226,PA1226,TF,alg44,PA3542,29995308
722,PA1226,PA1226,TF,algK,PA3543,29995308
723,PA1226,PA1226,TF,algE,PA3544,29995308
724,PA1226,PA1226,TF,algG,PA3545,29995308
725,PA1226,PA1226,TF,algX,PA3546,29995308
726,PA1226,PA1226,TF,algL,PA3547,29995308
727,PA1226,PA1226,TF,algI,PA3548,29995308
728,PA1226,PA1226,TF,PA3927,PA3927,29995308
729,PA1226,PA1226,TF,NmoR,PA4203,29995308
730,PA1226,PA1226,TF,fimU,PA4550,29995308
731,PA1226,PA1226,TF,pilV,PA4551,29995308
732,PA1226,PA1226,TF,pilW,PA4552,29995308
733,PA1226,PA1226,TF,pilX,PA4553,29995308
734,PA1226,PA1226,TF,pilY1,PA4554,29995308
735,PA1226,PA1226,TF,pilY2,PA4555,29995308
736,PA1226,PA1226,TF,pilE,PA4556,29995308
737,PA1226,PA1226,TF,PA5284,PA5284,29995308
738,FoxR,PA2467,TF,foxI,PA2468,16484199
739,FoxR,PA2467,TF,foxA,PA2466,16484199
740,Fur,PA1544,TF,foxI,PA2468,16484199
741,Fur,PA1544,TF,foxA,PA2466,16484199
742,MvaT,PA4315,TF,cupA1,PA2128,15090530
743,MvaT,PA4315,TF,cupA2,PA2129,15090530
744,MvaT,PA4315,TF,cupA3,PA2130,15090530
745,MvaT,PA4315,TF,cupA4,PA2131,15090530
746,MvaT,PA4315,TF,cupA5,PA2132,15090530
747,RpoS,PA3622,TF,napC,PA1172,14763974
748,RpoS,PA3622,TF,napB,PA1173,14763974
749,RpoS,PA3622,TF,napA,PA1174,14763974
750,RpoS,PA3622,TF,napD,PA1175,14763974
751,RpoS,PA3622,TF,napF,PA1176,14763974
752,RpoS,PA3622,TF,napE,PA1177,14763974
753,ErbR,PA1978,TF,exaA,PA1982,19902179
754,ErbR,PA1978,TF,exaB,PA1983,19902179
755,ErbR,PA1978,TF,exaC,PA1984,19902179
756,ErbR,PA1978,TF,pqqA,PA1985,19902179
757,ErbR,PA1978,TF,pqqB,PA1986,19902179
758,ErbR,PA1978,TF,pqqC,PA1987,19902179
759,ErbR,PA1978,TF,pqqD,PA1988,19902179
760,ErbR,PA1978,TF,pqqE,PA1989,19902179
761,ErbR,PA1978,TF,pqqH,PA1990,19902179
762,ErbR,PA1978,TF,eraS,PA1979,19902179
763,ErbR,PA1978,TF,eraR,PA1980,19902179
764,AmpR,PA4109,TF,ampC,PA4110,16251318
765,AmpR,PA4109,TF,PA4111,PA4111,16251318
766,XisF4,PA0716,TF,PA0718,PA0718,30475408
767,XisF4,PA0716,TF,PA0719,PA0719,30475408
768,XisF4,PA0716,TF,PA0720,PA0720,30475408
769,XisF4,PA0716,TF,PA0721,PA0721,30475408
770,XisF4,PA0716,TF,PA0722,PA0722,30475408
771,XisF4,PA0716,TF,coaB,PA0723,30475408
772,XisF4,PA0716,TF,coaA,PA0724,30475408
773,XisF4,PA0716,TF,PA0725,PA0725,30475408
774,XisF4,PA0716,TF,PA0726,PA0726,30475408
775,XisF4,PA0716,TF,PA0727,PA0727,30475408
776,XisF4,PA0716,TF,PA0728,PA0728,30475408
777,AmiE,PA3366,TF,PA2110,PA2110,28981745
778,AmiE,PA3366,TF,PA2111,PA2111,28981745
779,AmiE,PA3366,TF,PA2112,PA2112,28981745
780,AmiE,PA3366,TF,opdO,PA2113,28981745
781,AmiE,PA3366,TF,PA2114,PA2114,28981745
782,ExsB,PA1712,TF,pscB,PA1715,25690097
783,ExsB,PA1712,TF,pscC,PA1716,25690097
784,ExsB,PA1712,TF,pscD,PA1717,25690097
785,ExsB,PA1712,TF,pscE,PA1718,25690097
786,ExsB,PA1712,TF,pscF,PA1719,25690097
787,ExsB,PA1712,TF,pscG,PA1720,25690097
788,ExsB,PA1712,TF,pscH,PA1721,25690097
789,ExsB,PA1712,TF,pscI,PA1722,25690097
790,ExsB,PA1712,TF,pscJ,PA1723,25690097
791,ExsB,PA1712,TF,pscK,PA1724,25690097
792,ExsB,PA1712,TF,pscL,PA1725,25690097
793,ExsB,PA1712,TF,popB,PA1708,25690097
794,ExsB,PA1712,TF,pcrV,PA1706,25690097
795,AauR,PA1335,TF,aatP,PA1339,25082951
796,AauR,PA1335,TF,aatM,PA1340,25082951
797,AauR,PA1335,TF,aatQ,PA1341,25082951
798,AauR,PA1335,TF,aatJ,PA1342,25082951
799,PmrA,PA4776,TF,arnB,PA3552,Pseudomonas.com
800,PmrA,PA4776,TF,arnC,PA3553,Pseudomonas.com
801,PmrA,PA4776,TF,arnA,PA3554,Pseudomonas.com
802,PmrA,PA4776,TF,arnD,PA3555,Pseudomonas.com
803,PmrA,PA4776,TF,arnT,PA3556,Pseudomonas.com
804,PmrA,PA4776,TF,arnE,PA3557,Pseudomonas.com
805,PmrA,PA4776,TF,arnF,PA3558,Pseudomonas.com
806,Anr,PA1544,TF,arcD,PA5170,1325563
807,Anr,PA1544,TF,arcB,PA5172,1325563
808,Anr,PA1544,TF,arcA,PA5171,1325563
809,Anr,PA1544,TF,arcC,PA5173,1325563
810,Anr,PA1544,TF,nirN,PA0509,26078448
811,Anr,PA1544,TF,nirE,PA0510,26078448
812,Anr,PA1544,TF,nirJ,PA0511,26078448
813,Anr,PA1544,TF,nirH,PA0512,26078448
814,Anr,PA1544,TF,nirG,PA0513,26078448
815,Anr,PA1544,TF,nirL,PA0514,26078448
816,Anr,PA1544,TF,nirD,PA0515,26078448
817,Anr,PA1544,TF,nirF,PA0516,26078448
818,Anr,PA1544,TF,nirC,PA0517,26078448
819,Anr,PA1544,TF,nirM,PA0518,26078448
820,Anr,PA1544,TF,nirS,PA0519,26078448
821,Anr,PA1544,TF,ccoP2,PA1555,26078448
822,Anr,PA1544,TF,ccoQ2,PA1555.1,26078448
823,Anr,PA1544,TF,ccoO2,PA1556,26078448
824,Anr,PA1544,TF,ccoN2,PA1557,26078448
825,AlgR,PA5261,TF,fimU,PA4550,29995308
826,AlgR,PA5261,TF,pilV,PA4551,29995308
827,AlgR,PA5261,TF,pilW,PA4552,29995308
828,AlgR,PA5261,TF,pilX,PA4553,29995308
829,AlgR,PA5261,TF,pilY1,PA4554,29995308
830,AlgR,PA5261,TF,pilY2,PA4555,29995308
831,CbrB,PA4726,TF,spuA,PA0297,16849793
832,CbrB,PA4726,TF,spuB,PA0298,16849793
833,CbrB,PA4726,TF,spuC,PA0299,16849793
834,CbrB,PA4726,TF,spuD,PA0300,16849793
835,CbrB,PA4726,TF,apuE,PA0301,16849793
836,CbrB,PA4726,TF,spuA,PA0297,16849793
837,CbrB,PA4726,TF,spuB,PA0298,16849793
838,CbrB,PA4726,TF,spuC,PA0299,16849793
839,CbrB,PA4726,TF,spuD,PA0300,16849793
840,CbrB,PA4726,TF,spuE,PA0301,16849793
841,CbrB,PA4726,TF,spuF,PA0302,16849793
842,CbrB,PA4726,TF,spuG,PA0303,16849793
843,CbrB,PA4726,TF,spuH,PA0304,16849793
844,BauR,PA0133,TF,spuA,PA0297,21622750
845,BauR,PA0133,TF,spuB,PA0298,21622750
846,BauR,PA0133,TF,spuC,PA0299,21622750
847,BauR,PA0133,TF,spuD,PA0300,21622750
848,BauR,PA0133,TF,spuE,PA0301,21622750
849,BauR,PA0133,TF,spuF,PA0302,21622750
850,BauR,PA0133,TF,spuG,PA0303,21622750
851,BauR,PA0133,TF,spuH,PA0304,21622750
852,Sigma-70,PA4896,TF,PA0614,PA0614,18086184
853,Sigma-70,PA4896,TF,PA0615,PA0615,18086184
854,Sigma-70,PA4896,TF,PA0616,PA0616,18086184
855,Sigma-70,PA4896,TF,PA0617,PA0617,18086184
856,Sigma-70,PA4896,TF,PA0618,PA0618,18086184
857,Sigma-70,PA4896,TF,PA0619,PA0619,18086184
858,Sigma-70,PA4896,TF,PA0620,PA0620,18086184
859,Sigma-70,PA4896,TF,PA0621,PA0621,18086184
860,Sigma-70,PA4896,TF,PA0622,PA0622,18086184
861,Sigma-70,PA4896,TF,PA0623,PA0623,18086184
862,Sigma-70,PA4896,TF,PA0624,PA0624,18086184
863,Sigma-70,PA4896,TF,PA0625,PA0625,18086184
864,Sigma-70,PA4896,TF,PA0626,PA0626,18086184
865,Sigma-70,PA4896,TF,PA0627,PA0627,18086184
866,Sigma-70,PA4896,TF,PA0628,PA0628,18086184
867,Sigma-70,PA4896,TF,PA0629,PA0629,18086184
868,Sigma-70,PA4896,TF,PA0630,PA0630,18086184
869,Sigma-70,PA4896,TF,PA0631,PA0631,18086184
870,Sigma-70,PA4896,TF,PA0633,PA0633,18086184
871,Sigma-70,PA4896,TF,PA0634,PA0634,18086184
872,Sigma-70,PA4896,TF,PA0635,PA0635,18086184
873,Sigma-70,PA4896,TF,PA0636,PA0636,18086184
874,Sigma-70,PA4896,TF,PA0637,PA0637,18086184
875,Sigma-70,PA4896,TF,PA0638,PA0638,18086184
876,Sigma-70,PA4896,TF,PA0639,PA0639,18086184
877,Sigma-70,PA4896,TF,PA0640,PA0640,18086184
878,Sigma-70,PA4896,TF,PA0641,PA0641,18086184
879,Sigma-70,PA4896,TF,PA0643,PA0643,18086184
880,Sigma-70,PA4896,TF,PA0644,PA0644,18086184
881,Sigma-70,PA4896,TF,PA0645,PA0645,18086184
882,Dnr,PA0527,TF,nirN,PA0509,23967252
883,Dnr,PA0527,TF,nirE,PA0510,23967252
884,Dnr,PA0527,TF,nirJ,PA0511,23967252
885,Dnr,PA0527,TF,nirH,PA0512,23967252
886,Dnr,PA0527,TF,nirG,PA0513,23967252
887,Dnr,PA0527,TF,nirL,PA0514,23967252
888,Dnr,PA0527,TF,nirD,PA0515,23967252
889,Dnr,PA0527,TF,nirF,PA0516,23967252
890,Dnr,PA0527,TF,nirC,PA0517,23967252
891,Dnr,PA0527,TF,nirM,PA0518,23967252
892,Dnr,PA0527,TF,nirS,PA0519,23967252
893,Dnr,PA0527,TF,nirQ,PA0520,23967252
894,Dnr,PA0527,TF,nirO,PA0521,23967252
895,Dnr,PA0527,TF,nirP,PA0522,23967252
896,MdcR,PA0217,TF,mdcA,PA0208,31086830
897,MdcR,PA0217,TF,mdcB,PA0209,31086830
898,MdcR,PA0217,TF,mdcC,PA0210,31086830
899,MdcR,PA0217,TF,mdcD,PA0211,31086830
900,MdcR,PA0217,TF,mdcE,PA0212,31086830
901,MdcR,PA0217,TF,mdcG,PA0213,31086830
902,MdcR,PA0217,TF,mdcH,PA0214,31086830
903,GltR,PA3192,TF,gltK,PA3187,28981745
904,GltR,PA3192,TF,gltG,PA3188,28981745
905,GltR,PA3192,TF,gltF,PA3189,28981745
906,GltR,PA3192,TF,gltB,PA3190,28981745
907,GltR,PA3192,TF,gltS,PA3191,28981745
908,ParB,PA5562,TF,PA0492,PA0492,29648658
909,ParB,PA5562,TF,PA0493,PA0493,29648658
910,ParB,PA5562,TF,PA0494,PA0494,29648658
911,ParB,PA5562,TF,PA0495,PA0495,29648658
912,ParB,PA5562,TF,PA0496,PA0496,29648658
913,k-opioid,,Compound,PA1211,PA1211,22514685
914,k-opioid,,Compound,PA1212,PA1212,22514685
915,k-opioid,,Compound,PA1213,PA1213,22514685
916,k-opioid,,Compound,PA1214,PA1214,22514685
917,k-opioid,,Compound,PA1215,PA1215,22514685
918,k-opioid,,Compound,PA1216,PA1216,22514685
919,k-opioid,,Compound,PA1217,PA1217,22514685
920,k-opioid,,Compound,PA1218,PA1218,22514685
921,k-opioid,,Compound,PA1219,PA1219,22514685
922,k-opioid,,Compound,PA1220,PA1220,22514685
923,k-opioid,,Compound,PA1221,PA1221,22514685
924,RsmA,PA0905,TF,hpcG,PA4127,16436429
925,RsmA,PA0905,TF,hpcH,PA4128,16436429
926,RsmA,PA0905,TF,PA4129,PA4129,16436429
927,RsmA,PA0905,TF,PA4130,PA4130,16436429
928,RsmA,PA0905,TF,PA4131,PA4131,16436429
929,RsmA,PA0905,TF,mpaR,PA4132,16436429
930,RsmA,PA0905,TF,PA4133,PA4133,16436429
931,RsmA,PA0905,TF,PA4134,PA4134,16436429
932,RpoN,PA4462,TF,PA2134,PA2134,22210761
933,RpoN,PA4462,TF,PA2135,PA2135,22210761
934,RpoN,PA4462,TF,PA2136,PA2136,22210761
935,RpoN,PA4462,TF,PA2140,PA2140,22210761
936,RpoN,PA4462,TF,PA2141,PA2141,22210761
937,RpoN,PA4462,TF,PA2142,PA2142,22210761
938,RpoN,PA4462,TF,PA2143,PA2143,22210761
939,RpoN,PA4462,TF,glgP,PA2144,22210761
940,RpoN,PA4462,TF,PA2146,PA2146,22210761
941,RpoN,PA4462,TF,katE,PA2147,22210761
942,RpoN,PA4462,TF,PA2148,PA2148,22210761
943,RpoN,PA4462,TF,PA2149,PA2149,22210761
944,RpoN,PA4462,TF,PA2150,PA2150,22210761
945,RpoN,PA4462,TF,PA2151,PA2151,22210761
946,RpoN,PA4462,TF,PA2152,PA2152,22210761
947,RpoN,PA4462,TF,glgB,PA2153,22210761
948,RpoN,PA4462,TF,PA2154,PA2154,22210761
949,RpoN,PA4462,TF,PA2155,PA2155,22210761
950,RpoN,PA4462,TF,PA2156,PA2156,22210761
951,RpoN,PA4462,TF,PA2157,PA2157,22210761
952,RpoN,PA4462,TF,PA2158,PA2158,22210761
953,RpoN,PA4462,TF,PA2159,PA2159,22210761
954,RpoN,PA4462,TF,PA2160,PA2160,22210761
955,RpoN,PA4462,TF,PA2161,PA2161,22210761
956,RpoN,PA4462,TF,PA2162,PA2162,22210761
957,RpoN,PA4462,TF,PA2163,PA2163,22210761
958,RpoN,PA4462,TF,PA2164,PA2164,22210761
959,RpoN,PA4462,TF,PA2165,PA2165,22210761
960,RpoN,PA4462,TF,PA2166,PA2166,22210761
961,RpoN,PA4462,TF,PA2167,PA2167,22210761
962,RpoN,PA4462,TF,PA2168,PA2168,22210761
963,RpoN,PA4462,TF,PA2169,PA2169,22210761
964,RpoN,PA4462,TF,PA2170,PA2170,22210761
965,RpoN,PA4462,TF,PA2171,PA2171,22210761
966,RpoN,PA4462,TF,PA2172,PA2172,22210761
967,RpoN,PA4462,TF,PA2173,PA2173,22210761
968,RpoN,PA4462,TF,PA2173a,PA2173a,22210761
969,RpoN,PA4462,TF,PA2175,PA2175,22210761
970,RpoN,PA4462,TF,PA2178,PA2178,22210761
971,RpoN,PA4462,TF,PA2179,PA2179,22210761
972,RpoN,PA4462,TF,PA2180,PA2180,22210761
973,RpoN,PA4462,TF,PA2181,PA2181,22210761
974,RpoN,PA4462,TF,PA2184,PA2184,22210761
975,RpoN,PA4462,TF,PA2187,PA2187,22210761
976,RpoN,PA4462,TF,PA2190,PA2190,22210761
977,RpoN,PA4462,TF,PA2192,PA2192,22210761
978,CysB,PA1754,TF,ssuF,PA3441,10781557
979,CysB,PA1754,TF,ssuB,PA3442,10781557
980,CysB,PA1754,TF,ssuC,PA3443,10781557
981,CysB,PA1754,TF,ssuD,PA3444,10781557
982,CysB,PA1754,TF,ssuA,PA3445,10781557
983,CysB,PA1754,TF,ssuE,PA3446,10781557
984,BexR,PA2432,TF,ycaC,PA1202,20041030
985,BexR,PA2432,TF,PA1203,PA1203,20041030
986,BexR,PA2432,TF,yieF,PA1204,20041030
987,BexR,PA2432,TF,PA1205,PA1205,20041030
988,BexR,PA2432,TF,PA1206,PA1206,20041030
989,BexR,PA2432,TF,kefB,PA1207,20041030
990,BexR,PA2432,TF,PA2698,PA2698,20041030
991,BexR,PA2432,TF,aprA,PA1249,20041030
992,QscR,PA1898,TF,PA1891,PA1891,17075036
993,QscR,PA1898,TF,PA1892,PA1892,17075036
994,QscR,PA1898,TF,PA1893,PA1893,17075036
995,QscR,PA1898,TF,PA1894,PA1894,17075036
996,QscR,PA1898,TF,PA1895,PA1895,17075036
997,QscR,PA1898,TF,PA1896,PA1896,17075036
998,QscR,PA1898,TF,PA1897,PA1897,17075036
999,LaoR,PA0367,TF,laoA,PA0364,29678916
1000,LaoR,PA0367,TF,laoB,PA0365,29678916
1001,LaoR,PA0367,TF,laoC,PA0366,29678916
1002,MexZ,PA2020,TF,mexY,PA2018,20691272
1003,MexZ,PA2020,TF,mexX,PA2019,20691272
1004,AmiR,PA3363,TF,amiE,PA3366,7642533
1005,AmiR,PA3363,TF,amiB,PA3365,7642533
1006,AmiR,PA3363,TF,amiC,PA3364,7642533
1007,AmiR,PA3363,TF,amiR,PA3363,7642533
1008,AmiR,PA3363,TF,amiS,PA3362,7642533
1009,RpoH,PA0376,Sigma factor,dnaK,PA4761,18070067
1010,RpoH,PA0376,Sigma factor,dnaJ,PA4760,18070067
1011,RpoH,PA0376,Sigma factor,grpE,PA4762,18070067
1012,RpoH,PA0376,Sigma factor,groeL,PA4385,18070067
1013,RpoH,PA0376,Sigma factor,groeS,PA4386,18070067
1014,TagR1,PA0071,TF,tagQ1,PA0070,25721475
1015,TagR1,PA0071,TF,tagR1,PA0071,25721475
1016,TagR1,PA0071,TF,tagS1,PA0072,25721475
1017,TagR1,PA0071,TF,tagT1,PA0073,25721475
1018,TagR1,PA0071,TF,ppkA,PA0074,25721475
1019,TagR1,PA0071,TF,pppA,PA0075,25721475
1020,TagR1,PA0071,TF,pppB,PA0076,25721475
1021,TagR1,PA0071,TF,icmF1,PA0077,25721475
1022,TagR1,PA0071,TF,dotU1,PA0078,25721475
1023,TagR1,PA0071,TF,hsiJ1,PA0079,25721475
1024,TagR1,PA0071,TF,lip1,PA0080,25721475
1025,TagR1,PA0071,TF,fha1,PA0081,25721475
1026,TagR1,PA0071,TF,hsiA1,PA0082,25721475
1027,TagR1,PA0071,TF,hsiB1,PA0083,25721475
1028,TagR1,PA0071,TF,hsiC1,PA0084,25721475
1029,TagR1,PA0071,TF,hcp1,PA0085,25721475
1030,TagR1,PA0071,TF,hsiE1,PA0086,25721475
1031,TagR1,PA0071,TF,hsiF1,PA0087,25721475
1032,TagR1,PA0071,TF,hsiG1,PA0088,25721475
1033,TagR1,PA0071,TF,hsiH1,PA0089,25721475
1034,TagR1,PA0071,TF,clpV1,PA0090,25721475
1035,TagR1,PA0071,TF,vgrG1,PA0091,25721475
1036,Sfa3,PA2359,TF,sfa3,PA2359,25721475
1037,Sfa3,PA2359,TF,hsiA3,PA2360,25721475
1038,Sfa3,PA2359,TF,icmF3,PA2361,25721475
1039,Sfa3,PA2359,TF,dotU3,PA2362,25721475
1040,Sfa3,PA2359,TF,hsiJ3,PA2363,25721475
1041,Sfa3,PA2359,TF,lip3,PA2364,25721475
1042,Sfa3,PA2359,TF,hsiB3,PA2365,25721475
1043,Sfa3,PA2359,TF,hsiC3,PA2366,25721475
1044,Sfa3,PA2359,TF,hcp3,PA2367,25721475
1045,Sfa3,PA2359,TF,hsiF3,PA2368,25721475
1046,Sfa3,PA2359,TF,hsiG3,PA2369,25721475
1047,Sfa3,PA2359,TF,hsiH3,PA2370,25721475
1048,Sfa3,PA2359,TF,clpV3,PA2371,25721475
