,ReleaseDate,TaxID,ScientificName,species_tax_id,class_tax_id,strain_tax_id,species,LibraryLayout,Platform,Model,Run,SRAStudy,BioProject,ProjectID,sample,BioSample1,Submission,LibraryStrategy,LibrarySelection,LibrarySource,CenterName,InsertSize,InsertDev,BioSample2,doi,base_media,carbon_source,temperature,growth_phase,project,project_detail,condition,n_replicates,reference_condition,R1,R2,passed_fastqc,passed_pct_reads_mapped,passed_reads_mapped_to_CDS,passed_global_correlation,full_condition_name,passed_similar_replicates,passed_number_replicates,replicate
SBRG_BHIN_Growth_Late_1,na,1219067,Vibrio natriegens NBRC 15636 = ATCC 14048 = DSM 759,691,1236,1219067,Vibrio natriegens,SINGLE,ILLUMINA,Illumina NovaSeq 6000,,na,na,na,Rich_TF_over_stress__BHIN_Growth_Late__1,na,na,RNA-Seq,RANDOM,TRANSCRIPTOMIC,UCSD-SBRG,0,0,,,BHIN,,30.0,Late,RichMedia,RichMedia,BHIN_Growth_Late,2,LBv2_Growth_Mid,Vnat_data/VCi_HRS_Vnat_BHIN__Growth_phase_Late_Rep1_S59_L002_R1_001.fastq.gz,,True,,True,True,Rich_TF_over_stress:BHIN_Growth_Late,True,True,1
SBRG_BHIN_Growth_Late_2,na,1219067,Vibrio natriegens NBRC 15636 = ATCC 14048 = DSM 759,691,1236,1219067,Vibrio natriegens,SINGLE,ILLUMINA,Illumina NovaSeq 6000,,na,na,na,Rich_TF_over_stress__BHIN_Growth_Late__2,na,na,RNA-Seq,RANDOM,TRANSCRIPTOMIC,UCSD-SBRG,0,0,,,BHIN,,30.0,Late,RichMedia,RichMedia,BHIN_Growth_Late,2,LBv2_Growth_Mid,Vnat_data/VCi_HRS_Vnat_BHIN__Growth_phase_Late_Rep2_S60_L002_R1_001.fastq.gz,,True,,True,True,Rich_TF_over_stress:BHIN_Growth_Late,True,True,2
SBRG_BHIN_Growth_Mid_1,na,1219067,Vibrio natriegens NBRC 15636 = ATCC 14048 = DSM 759,691,1236,1219067,Vibrio natriegens,SINGLE,ILLUMINA,Illumina NovaSeq 6000,,na,na,na,Rich_TF_over_stress__BHIN_Growth_Mid__1,na,na,RNA-Seq,RANDOM,TRANSCRIPTOMIC,UCSD-SBRG,0,0,,,BHIN,,30.0,Mid,RichMedia,RichMedia,BHIN_Growth_Mid,2,LBv2_Growth_Mid,Vnat_data/VCi_HRS_Vnat_BHIN__Growth_phase_Mid_Rep1_S61_L002_R1_001.fastq.gz,,True,,True,True,Rich_TF_over_stress:BHIN_Growth_Mid,True,True,1
SBRG_BHIN_Growth_Mid_2,na,1219067,Vibrio natriegens NBRC 15636 = ATCC 14048 = DSM 759,691,1236,1219067,Vibrio natriegens,SINGLE,ILLUMINA,Illumina NovaSeq 6000,,na,na,na,Rich_TF_over_stress__BHIN_Growth_Mid__2,na,na,RNA-Seq,RANDOM,TRANSCRIPTOMIC,UCSD-SBRG,0,0,,,BHIN,,30.0,Mid,RichMedia,RichMedia,BHIN_Growth_Mid,2,LBv2_Growth_Mid,Vnat_data/VCi_HRS_Vnat_BHIN__Growth_phase_Mid_Rep2_S62_L002_R1_001.fastq.gz,,True,,True,True,Rich_TF_over_stress:BHIN_Growth_Mid,True,True,2
SBRG_BHIN_Growth_Stat_1,na,1219067,Vibrio natriegens NBRC 15636 = ATCC 14048 = DSM 759,691,1236,1219067,Vibrio natriegens,SINGLE,ILLUMINA,Illumina NovaSeq 6000,,na,na,na,Rich_TF_over_stress__BHIN_Growth_Stat__1,na,na,RNA-Seq,RANDOM,TRANSCRIPTOMIC,UCSD-SBRG,0,0,,,BHIN,,30.0,Stationary,RichMedia,RichMedia,BHIN_Growth_Stat,2,LBv2_Growth_Mid,Vnat_data/VCi_HRS_Vnat_BHIN__Growth_phase_Stationary_Rep1_S63_L002_R1_001.fastq.gz,,True,,True,True,Rich_TF_over_stress:BHIN_Growth_Stat,True,True,1
SBRG_BHIN_Growth_Stat_2,na,1219067,Vibrio natriegens NBRC 15636 = ATCC 14048 = DSM 759,691,1236,1219067,Vibrio natriegens,SINGLE,ILLUMINA,Illumina NovaSeq 6000,,na,na,na,Rich_TF_over_stress__BHIN_Growth_Stat__2,na,na,RNA-Seq,RANDOM,TRANSCRIPTOMIC,UCSD-SBRG,0,0,,,BHIN,,30.0,Stationary,RichMedia,RichMedia,BHIN_Growth_Stat,2,LBv2_Growth_Mid,Vnat_data/VCi_HRS_Vnat_BHIN__Growth_phase_Stationary_Rep2_S64_L002_R1_001.fastq.gz,,True,,True,True,Rich_TF_over_stress:BHIN_Growth_Stat,True,True,2
SBRG_LBv2_Growth_Late_1,na,1219067,Vibrio natriegens NBRC 15636 = ATCC 14048 = DSM 759,691,1236,1219067,Vibrio natriegens,SINGLE,ILLUMINA,Illumina NovaSeq 6000,,na,na,na,Rich_TF_over_stress__LBv2_Growth_Late__1,na,na,RNA-Seq,RANDOM,TRANSCRIPTOMIC,UCSD-SBRG,0,0,,,LBv2,,30.0,Late,RichMedia,RichMedia,LBv2_Growth_Late,2,LBv2_Growth_Mid,Vnat_data/VCi_HRS_Vnat_LBv2__Growth_phase_Late_Rep1_S75_L002_R1_001.fastq.gz,,True,,True,True,Rich_TF_over_stress:LBv2_Growth_Late,True,True,1
SBRG_LBv2_Growth_Late_2,na,1219067,Vibrio natriegens NBRC 15636 = ATCC 14048 = DSM 759,691,1236,1219067,Vibrio natriegens,SINGLE,ILLUMINA,Illumina NovaSeq 6000,,na,na,na,Rich_TF_over_stress__LBv2_Growth_Late__2,na,na,RNA-Seq,RANDOM,TRANSCRIPTOMIC,UCSD-SBRG,0,0,,,LBv2,,30.0,Late,RichMedia,RichMedia,LBv2_Growth_Late,2,LBv2_Growth_Mid,Vnat_data/VCi_HRS_Vnat_LBv2__Growth_phase_Late_Rep2_S76_L002_R1_001.fastq.gz,,True,,True,True,Rich_TF_over_stress:LBv2_Growth_Late,True,True,2
SBRG_LBv2_Growth_Mid_1,na,1219067,Vibrio natriegens NBRC 15636 = ATCC 14048 = DSM 759,691,1236,1219067,Vibrio natriegens,SINGLE,ILLUMINA,Illumina NovaSeq 6000,,na,na,na,Rich_TF_over_stress__LBv2_Growth_Mid__1,na,na,RNA-Seq,RANDOM,TRANSCRIPTOMIC,UCSD-SBRG,0,0,,,LBv2,,30.0,Mid,RichMedia,RichMedia,LBv2_Growth_Mid,2,LBv2_Growth_Mid,Vnat_data/VCi_HRS_Vnat_LBv2__Growth_phase_Mid_Rep1_S73_L002_R1_001.fastq.gz,,True,,True,True,Rich_TF_over_stress:LBv2_Growth_Mid,True,True,1
SBRG_LBv2_Growth_Mid_2,na,1219067,Vibrio natriegens NBRC 15636 = ATCC 14048 = DSM 759,691,1236,1219067,Vibrio natriegens,SINGLE,ILLUMINA,Illumina NovaSeq 6000,,na,na,na,Rich_TF_over_stress__LBv2_Growth_Mid__2,na,na,RNA-Seq,RANDOM,TRANSCRIPTOMIC,UCSD-SBRG,0,0,,,LBv2,,30.0,Mid,RichMedia,RichMedia,LBv2_Growth_Mid,2,LBv2_Growth_Mid,Vnat_data/VCi_HRS_Vnat_LBv2__Growth_phase_Mid_Rep2_S74_L002_R1_001.fastq.gz,,True,,True,True,Rich_TF_over_stress:LBv2_Growth_Mid,True,True,2
SBRG_LBv2_Growth_Stat_1,na,1219067,Vibrio natriegens NBRC 15636 = ATCC 14048 = DSM 759,691,1236,1219067,Vibrio natriegens,SINGLE,ILLUMINA,Illumina NovaSeq 6000,,na,na,na,Rich_TF_over_stress__LBv2_Growth_Stat__1,na,na,RNA-Seq,RANDOM,TRANSCRIPTOMIC,UCSD-SBRG,0,0,,,LBv2,,30.0,Stationary,RichMedia,RichMedia,LBv2_Growth_Stat,2,LBv2_Growth_Mid,Vnat_data/VCi_HRS_Vnat_LBv2__Growth_phase_Stationary_Rep1_S77_L002_R1_001.fastq.gz,,True,,True,True,Rich_TF_over_stress:LBv2_Growth_Stat,True,True,1
SBRG_LBv2_Growth_Stat_2,na,1219067,Vibrio natriegens NBRC 15636 = ATCC 14048 = DSM 759,691,1236,1219067,Vibrio natriegens,SINGLE,ILLUMINA,Illumina NovaSeq 6000,,na,na,na,Rich_TF_over_stress__LBv2_Growth_Stat__2,na,na,RNA-Seq,RANDOM,TRANSCRIPTOMIC,UCSD-SBRG,0,0,,,LBv2,,30.0,Stationary,RichMedia,RichMedia,LBv2_Growth_Stat,2,LBv2_Growth_Mid,Vnat_data/VCi_HRS_Vnat_LBv2__Growth_phase_Stationary_Rep2_S78_L002_R1_001.fastq.gz,,True,,True,True,Rich_TF_over_stress:LBv2_Growth_Stat,True,True,2
SBRG_MHB_Rich_Mid_1,na,1219067,Vibrio natriegens NBRC 15636 = ATCC 14048 = DSM 759,691,1236,1219067,Vibrio natriegens,SINGLE,ILLUMINA,Illumina NovaSeq 6000,,na,na,na,Rich_TF_over_stress__MHB_Rich_Mid__1,na,na,RNA-Seq,RANDOM,TRANSCRIPTOMIC,UCSD-SBRG,0,0,,,MHB,,30.0,Mid,RichMedia,RichMedia,MHB_Rich_Mid,2,LBv2_Growth_Mid,Vnat_data/VCi_HRS_Vnat_MHB__Rich_Mid_Rep1_S1_L001_R1_001.fastq.gz,,True,,True,True,Rich_TF_over_stress:MHB_Rich_Mid,True,True,1
SBRG_MHB_Rich_Mid_2,na,1219067,Vibrio natriegens NBRC 15636 = ATCC 14048 = DSM 759,691,1236,1219067,Vibrio natriegens,SINGLE,ILLUMINA,Illumina NovaSeq 6000,,na,na,na,Rich_TF_over_stress__MHB_Rich_Mid__2,na,na,RNA-Seq,RANDOM,TRANSCRIPTOMIC,UCSD-SBRG,0,0,,,MHB,,30.0,Mid,RichMedia,RichMedia,MHB_Rich_Mid,2,LBv2_Growth_Mid,Vnat_data/VCi_HRS_Vnat_MHB__Rich_Mid_Rep2_S2_L001_R1_001.fastq.gz,,True,,True,True,Rich_TF_over_stress:MHB_Rich_Mid,True,True,2
SBRG_NBO_Rich_Mid_1,na,1219067,Vibrio natriegens NBRC 15636 = ATCC 14048 = DSM 759,691,1236,1219067,Vibrio natriegens,SINGLE,ILLUMINA,Illumina NovaSeq 6000,,na,na,na,Rich_TF_over_stress__NBO_Rich_Mid__1,na,na,RNA-Seq,RANDOM,TRANSCRIPTOMIC,UCSD-SBRG,0,0,,,NBO,,30.0,Mid,RichMedia,RichMedia,NBO_Rich_Mid,2,LBv2_Growth_Mid,Vnat_data/VCi_HRS_Vnat_NBO__Rich_Mid_Rep1_S3_L001_R1_001.fastq.gz,,True,,True,True,Rich_TF_over_stress:NBO_Rich_Mid,True,True,1
SBRG_NBO_Rich_Mid_2,na,1219067,Vibrio natriegens NBRC 15636 = ATCC 14048 = DSM 759,691,1236,1219067,Vibrio natriegens,SINGLE,ILLUMINA,Illumina NovaSeq 6000,,na,na,na,Rich_TF_over_stress__NBO_Rich_Mid__2,na,na,RNA-Seq,RANDOM,TRANSCRIPTOMIC,UCSD-SBRG,0,0,,,NBO,,30.0,Mid,RichMedia,RichMedia,NBO_Rich_Mid,2,LBv2_Growth_Mid,Vnat_data/VCi_HRS_Vnat_NBO__Rich_Mid_Rep2_S4_L001_R1_001.fastq.gz,,True,,True,True,Rich_TF_over_stress:NBO_Rich_Mid,True,True,2
SBRG_M9Na_Arabinose_Mid_1,na,1219067,Vibrio natriegens NBRC 15636 = ATCC 14048 = DSM 759,691,1236,1219067,Vibrio natriegens,SINGLE,ILLUMINA,Illumina NovaSeq 6000,,na,na,na,Carbons__M9Na_Arabinose_Mid__1,na,na,RNA-Seq,RANDOM,TRANSCRIPTOMIC,UCSD-SBRG,0,0,,,M9Na,Arabinose,30.0,Mid,Carbon,Carbons,M9Na_Arabinose_Mid,2,M9Na_glucoseGrowth_Mid,Vnat_data/VCi_HRS_Vnat_M9Na_Arabinose_Min_carbons_Mid_Rep1_S35_L001_R1_001.fastq.gz,,True,,True,True,Carbons:M9Na_Arabinose_Mid,True,True,1
SBRG_M9Na_Arabinose_Mid_2,na,1219067,Vibrio natriegens NBRC 15636 = ATCC 14048 = DSM 759,691,1236,1219067,Vibrio natriegens,SINGLE,ILLUMINA,Illumina NovaSeq 6000,,na,na,na,Carbons__M9Na_Arabinose_Mid__2,na,na,RNA-Seq,RANDOM,TRANSCRIPTOMIC,UCSD-SBRG,0,0,,,M9Na,Arabinose,30.0,Mid,Carbon,Carbons,M9Na_Arabinose_Mid,2,M9Na_glucoseGrowth_Mid,Vnat_data/VCi_HRS_Vnat_M9Na_Arabinose_Min_carbons_Mid_Rep2_S36_L001_R1_001.fastq.gz,,True,,True,True,Carbons:M9Na_Arabinose_Mid,True,True,2
SBRG_M9Na_Galactose_Mid_1,na,1219067,Vibrio natriegens NBRC 15636 = ATCC 14048 = DSM 759,691,1236,1219067,Vibrio natriegens,SINGLE,ILLUMINA,Illumina NovaSeq 6000,,na,na,na,Carbons__M9Na_Galactose_Mid__1,na,na,RNA-Seq,RANDOM,TRANSCRIPTOMIC,UCSD-SBRG,0,0,,,M9Na,Galactose,30.0,Mid,Carbon,Carbons,M9Na_Galactose_Mid,2,M9Na_glucoseGrowth_Mid,Vnat_data/VCi_HRS_Vnat_M9Na_Galactose_Min_carbons_Mid_Rep1_S27_L001_R1_001.fastq.gz,,True,,True,True,Carbons:M9Na_Galactose_Mid,True,True,1
SBRG_M9Na_Galactose_Mid_2,na,1219067,Vibrio natriegens NBRC 15636 = ATCC 14048 = DSM 759,691,1236,1219067,Vibrio natriegens,SINGLE,ILLUMINA,Illumina NovaSeq 6000,,na,na,na,Carbons__M9Na_Galactose_Mid__2,na,na,RNA-Seq,RANDOM,TRANSCRIPTOMIC,UCSD-SBRG,0,0,,,M9Na,Galactose,30.0,Mid,Carbon,Carbons,M9Na_Galactose_Mid,2,M9Na_glucoseGrowth_Mid,Vnat_data/VCi_HRS_Vnat_M9Na_Galactose_Min_carbons_Mid_Rep2_S28_L001_R1_001.fastq.gz,,True,,True,True,Carbons:M9Na_Galactose_Mid,True,True,2
SBRG_M9Na_GlcNAcGrowth_Late_1,na,1219067,Vibrio natriegens NBRC 15636 = ATCC 14048 = DSM 759,691,1236,1219067,Vibrio natriegens,SINGLE,ILLUMINA,Illumina NovaSeq 6000,,na,na,na,Carbons__M9Na_GlcNAcGrowth_Late__1,na,na,RNA-Seq,RANDOM,TRANSCRIPTOMIC,UCSD-SBRG,0,0,,,M9Na,GlcNAc,30.0,Late,Carbon,Carbons,M9Na_GlcNAcGrowth_Late,2,M9Na_glucoseGrowth_Mid,Vnat_data/VCi_HRS_Vnat_M9Na_GlcNAc_Growth_phase_Late_Rep1_S55_L002_R1_001.fastq.gz,,True,,True,True,Carbons:M9Na_GlcNAcGrowth_Late,True,True,1
SBRG_M9Na_GlcNAcGrowth_Late_2,na,1219067,Vibrio natriegens NBRC 15636 = ATCC 14048 = DSM 759,691,1236,1219067,Vibrio natriegens,SINGLE,ILLUMINA,Illumina NovaSeq 6000,,na,na,na,Carbons__M9Na_GlcNAcGrowth_Late__2,na,na,RNA-Seq,RANDOM,TRANSCRIPTOMIC,UCSD-SBRG,0,0,,,M9Na,GlcNAc,30.0,Late,Carbon,Carbons,M9Na_GlcNAcGrowth_Late,2,M9Na_glucoseGrowth_Mid,Vnat_data/VCi_HRS_Vnat_M9Na_GlcNAc_Growth_phase_Late_Rep2_S56_L002_R1_001.fastq.gz,,True,,True,True,Carbons:M9Na_GlcNAcGrowth_Late,True,True,2
SBRG_M9Na_GlcNAcGrowth_Mid_1,na,1219067,Vibrio natriegens NBRC 15636 = ATCC 14048 = DSM 759,691,1236,1219067,Vibrio natriegens,SINGLE,ILLUMINA,Illumina NovaSeq 6000,,na,na,na,Carbons__M9Na_GlcNAcGrowth_Mid__1,na,na,RNA-Seq,RANDOM,TRANSCRIPTOMIC,UCSD-SBRG,0,0,,,M9Na,GlcNAc,30.0,Mid,Carbon,Carbons,M9Na_GlcNAcGrowth_Mid,2,M9Na_glucoseGrowth_Mid,Vnat_data/VCi_HRS_Vnat_M9Na_GlcNAc_Growth_phase_Mid_Rep1_S53_L002_R1_001.fastq.gz,,True,,True,True,Carbons:M9Na_GlcNAcGrowth_Mid,True,True,1
SBRG_M9Na_GlcNAcGrowth_Mid_2,na,1219067,Vibrio natriegens NBRC 15636 = ATCC 14048 = DSM 759,691,1236,1219067,Vibrio natriegens,SINGLE,ILLUMINA,Illumina NovaSeq 6000,,na,na,na,Carbons__M9Na_GlcNAcGrowth_Mid__2,na,na,RNA-Seq,RANDOM,TRANSCRIPTOMIC,UCSD-SBRG,0,0,,,M9Na,GlcNAc,30.0,Mid,Carbon,Carbons,M9Na_GlcNAcGrowth_Mid,2,M9Na_glucoseGrowth_Mid,Vnat_data/VCi_HRS_Vnat_M9Na_GlcNAc_Growth_phase_Mid_Rep2_S54_L002_R1_001.fastq.gz,,True,,True,True,Carbons:M9Na_GlcNAcGrowth_Mid,True,True,2
SBRG_M9Na_GlcNAcGrowth_Stat_1,na,1219067,Vibrio natriegens NBRC 15636 = ATCC 14048 = DSM 759,691,1236,1219067,Vibrio natriegens,SINGLE,ILLUMINA,Illumina NovaSeq 6000,,na,na,na,Carbons__M9Na_GlcNAcGrowth_Stat__1,na,na,RNA-Seq,RANDOM,TRANSCRIPTOMIC,UCSD-SBRG,0,0,,,M9Na,GlcNAc,30.0,Stationary,Carbon,Carbons,M9Na_GlcNAcGrowth_Stat,2,M9Na_glucoseGrowth_Mid,Vnat_data/VCi_HRS_Vnat_M9Na_GlcNAc_Growth_phase_Stationary_Rep1_S57_L002_R1_001.fastq.gz,,True,,True,True,Carbons:M9Na_GlcNAcGrowth_Stat,True,True,1
SBRG_M9Na_GlcNAcGrowth_Stat_2,na,1219067,Vibrio natriegens NBRC 15636 = ATCC 14048 = DSM 759,691,1236,1219067,Vibrio natriegens,SINGLE,ILLUMINA,Illumina NovaSeq 6000,,na,na,na,Carbons__M9Na_GlcNAcGrowth_Stat__2,na,na,RNA-Seq,RANDOM,TRANSCRIPTOMIC,UCSD-SBRG,0,0,,,M9Na,GlcNAc,30.0,Stationary,Carbon,Carbons,M9Na_GlcNAcGrowth_Stat,2,M9Na_glucoseGrowth_Mid,Vnat_data/VCi_HRS_Vnat_M9Na_GlcNAc_Growth_phase_Stationary_Rep2_S58_L002_R1_001.fastq.gz,,True,,True,True,Carbons:M9Na_GlcNAcGrowth_Stat,True,True,2
SBRG_M9Na_GlcNAc_Mid_1,na,1219067,Vibrio natriegens NBRC 15636 = ATCC 14048 = DSM 759,691,1236,1219067,Vibrio natriegens,SINGLE,ILLUMINA,Illumina NovaSeq 6000,,na,na,na,Carbons__M9Na_GlcNAc_Mid__1,na,na,RNA-Seq,RANDOM,TRANSCRIPTOMIC,UCSD-SBRG,0,0,,,M9Na,GlcNAc,30.0,Mid,Carbon,Carbons,M9Na_GlcNAc_Mid,2,M9Na_glucoseGrowth_Mid,Vnat_data/VCi_HRS_Vnat_M9Na_GlcNAc_Min_carbons_Mid_Rep1_S25_L001_R1_001.fastq.gz,,True,,True,True,Carbons:M9Na_GlcNAc_Mid,True,True,1
SBRG_M9Na_GlcNAc_Mid_2,na,1219067,Vibrio natriegens NBRC 15636 = ATCC 14048 = DSM 759,691,1236,1219067,Vibrio natriegens,SINGLE,ILLUMINA,Illumina NovaSeq 6000,,na,na,na,Carbons__M9Na_GlcNAc_Mid__2,na,na,RNA-Seq,RANDOM,TRANSCRIPTOMIC,UCSD-SBRG,0,0,,,M9Na,GlcNAc,30.0,Mid,Carbon,Carbons,M9Na_GlcNAc_Mid,2,M9Na_glucoseGrowth_Mid,Vnat_data/VCi_HRS_Vnat_M9Na_GlcNAc_Min_carbons_Mid_Rep2_S26_L001_R1_001.fastq.gz,,True,,True,True,Carbons:M9Na_GlcNAc_Mid,True,True,2
SBRG_M9Na_Gluconate_Mid_1,na,1219067,Vibrio natriegens NBRC 15636 = ATCC 14048 = DSM 759,691,1236,1219067,Vibrio natriegens,SINGLE,ILLUMINA,Illumina NovaSeq 6000,,na,na,na,Carbons__M9Na_Gluconate_Mid__1,na,na,RNA-Seq,RANDOM,TRANSCRIPTOMIC,UCSD-SBRG,0,0,,,M9Na,Gluconate,30.0,Mid,Carbon,Carbons,M9Na_Gluconate_Mid,2,M9Na_glucoseGrowth_Mid,Vnat_data/VCi_HRS_Vnat_M9Na_Gluconate_Min_carbons_Mid_Rep1_S23_L001_R1_001.fastq.gz,,True,,True,True,Carbons:M9Na_Gluconate_Mid,True,True,1
SBRG_M9Na_Gluconate_Mid_2,na,1219067,Vibrio natriegens NBRC 15636 = ATCC 14048 = DSM 759,691,1236,1219067,Vibrio natriegens,SINGLE,ILLUMINA,Illumina NovaSeq 6000,,na,na,na,Carbons__M9Na_Gluconate_Mid__2,na,na,RNA-Seq,RANDOM,TRANSCRIPTOMIC,UCSD-SBRG,0,0,,,M9Na,Gluconate,30.0,Mid,Carbon,Carbons,M9Na_Gluconate_Mid,2,M9Na_glucoseGrowth_Mid,Vnat_data/VCi_HRS_Vnat_M9Na_Gluconate_Min_carbons_Mid_Rep2_S24_L001_R1_001.fastq.gz,,True,,True,True,Carbons:M9Na_Gluconate_Mid,True,True,2
SBRG_M9Na_Glucosamine_Mid_1,na,1219067,Vibrio natriegens NBRC 15636 = ATCC 14048 = DSM 759,691,1236,1219067,Vibrio natriegens,SINGLE,ILLUMINA,Illumina NovaSeq 6000,,na,na,na,Carbons__M9Na_Glucosamine_Mid__1,na,na,RNA-Seq,RANDOM,TRANSCRIPTOMIC,UCSD-SBRG,0,0,,,M9Na,Glucosamine,30.0,Mid,Carbon,Carbons,M9Na_Glucosamine_Mid,2,M9Na_glucoseGrowth_Mid,Vnat_data/VCi_HRS_Vnat_M9Na_Glucosamine_Min_carbons_Mid_Rep1_S21_L001_R1_001.fastq.gz,,True,,True,True,Carbons:M9Na_Glucosamine_Mid,True,True,1
SBRG_M9Na_Glucosamine_Mid_2,na,1219067,Vibrio natriegens NBRC 15636 = ATCC 14048 = DSM 759,691,1236,1219067,Vibrio natriegens,SINGLE,ILLUMINA,Illumina NovaSeq 6000,,na,na,na,Carbons__M9Na_Glucosamine_Mid__2,na,na,RNA-Seq,RANDOM,TRANSCRIPTOMIC,UCSD-SBRG,0,0,,,M9Na,Glucosamine,30.0,Mid,Carbon,Carbons,M9Na_Glucosamine_Mid,2,M9Na_glucoseGrowth_Mid,Vnat_data/VCi_HRS_Vnat_M9Na_Glucosamine_Min_carbons_Mid_Rep2_S22_L001_R1_001.fastq.gz,,True,,True,True,Carbons:M9Na_Glucosamine_Mid,True,True,2
SBRG_M9Na_Glycerol_Mid_1,na,1219067,Vibrio natriegens NBRC 15636 = ATCC 14048 = DSM 759,691,1236,1219067,Vibrio natriegens,SINGLE,ILLUMINA,Illumina NovaSeq 6000,,na,na,na,Carbons__M9Na_Glycerol_Mid__1,na,na,RNA-Seq,RANDOM,TRANSCRIPTOMIC,UCSD-SBRG,0,0,,,M9Na,Glycerol,30.0,Mid,Carbon,Carbons,M9Na_Glycerol_Mid,2,M9Na_glucoseGrowth_Mid,Vnat_data/VCi_HRS_Vnat_M9Na_Glycerol_Min_carbons_Mid_Rep1_S19_L001_R1_001.fastq.gz,,True,,True,True,Carbons:M9Na_Glycerol_Mid,True,True,1
SBRG_M9Na_Glycerol_Mid_2,na,1219067,Vibrio natriegens NBRC 15636 = ATCC 14048 = DSM 759,691,1236,1219067,Vibrio natriegens,SINGLE,ILLUMINA,Illumina NovaSeq 6000,,na,na,na,Carbons__M9Na_Glycerol_Mid__2,na,na,RNA-Seq,RANDOM,TRANSCRIPTOMIC,UCSD-SBRG,0,0,,,M9Na,Glycerol,30.0,Mid,Carbon,Carbons,M9Na_Glycerol_Mid,2,M9Na_glucoseGrowth_Mid,Vnat_data/VCi_HRS_Vnat_M9Na_Glycerol_Min_carbons_Mid_Rep2_S20_L001_R1_001.fastq.gz,,True,,True,True,Carbons:M9Na_Glycerol_Mid,True,True,2
SBRG_M9Na_Maltose_Mid_1,na,1219067,Vibrio natriegens NBRC 15636 = ATCC 14048 = DSM 759,691,1236,1219067,Vibrio natriegens,SINGLE,ILLUMINA,Illumina NovaSeq 6000,,na,na,na,Carbons__M9Na_Maltose_Mid__1,na,na,RNA-Seq,RANDOM,TRANSCRIPTOMIC,UCSD-SBRG,0,0,,,M9Na,Maltose,30.0,Mid,Carbon,Carbons,M9Na_Maltose_Mid,2,M9Na_glucoseGrowth_Mid,Vnat_data/VCi_HRS_Vnat_M9Na_Maltose_Min_carbons_Mid_Rep1_S17_L001_R1_001.fastq.gz,,True,,True,True,Carbons:M9Na_Maltose_Mid,True,True,1
SBRG_M9Na_Maltose_Mid_2,na,1219067,Vibrio natriegens NBRC 15636 = ATCC 14048 = DSM 759,691,1236,1219067,Vibrio natriegens,SINGLE,ILLUMINA,Illumina NovaSeq 6000,,na,na,na,Carbons__M9Na_Maltose_Mid__2,na,na,RNA-Seq,RANDOM,TRANSCRIPTOMIC,UCSD-SBRG,0,0,,,M9Na,Maltose,30.0,Mid,Carbon,Carbons,M9Na_Maltose_Mid,2,M9Na_glucoseGrowth_Mid,Vnat_data/VCi_HRS_Vnat_M9Na_Maltose_Min_carbons_Mid_Rep2_S18_L001_R1_001.fastq.gz,,True,,True,True,Carbons:M9Na_Maltose_Mid,True,True,2
SBRG_M9Na_Mannitol_Mid_1,na,1219067,Vibrio natriegens NBRC 15636 = ATCC 14048 = DSM 759,691,1236,1219067,Vibrio natriegens,SINGLE,ILLUMINA,Illumina NovaSeq 6000,,na,na,na,Carbons__M9Na_Mannitol_Mid__1,na,na,RNA-Seq,RANDOM,TRANSCRIPTOMIC,UCSD-SBRG,0,0,,,M9Na,Mannitol,30.0,Mid,Carbon,Carbons,M9Na_Mannitol_Mid,2,M9Na_glucoseGrowth_Mid,Vnat_data/VCi_HRS_Vnat_M9Na_Mannitol_Min_carbons_Mid_Rep1_S15_L001_R1_001.fastq.gz,,True,,True,True,Carbons:M9Na_Mannitol_Mid,True,True,1
SBRG_M9Na_Mannitol_Mid_2,na,1219067,Vibrio natriegens NBRC 15636 = ATCC 14048 = DSM 759,691,1236,1219067,Vibrio natriegens,SINGLE,ILLUMINA,Illumina NovaSeq 6000,,na,na,na,Carbons__M9Na_Mannitol_Mid__2,na,na,RNA-Seq,RANDOM,TRANSCRIPTOMIC,UCSD-SBRG,0,0,,,M9Na,Mannitol,30.0,Mid,Carbon,Carbons,M9Na_Mannitol_Mid,2,M9Na_glucoseGrowth_Mid,Vnat_data/VCi_HRS_Vnat_M9Na_Mannitol_Min_carbons_Mid_Rep2_S16_L001_R1_001.fastq.gz,,True,,True,True,Carbons:M9Na_Mannitol_Mid,True,True,2
SBRG_M9Na_Trehalose_Mid_1,na,1219067,Vibrio natriegens NBRC 15636 = ATCC 14048 = DSM 759,691,1236,1219067,Vibrio natriegens,SINGLE,ILLUMINA,Illumina NovaSeq 6000,,na,na,na,Carbons__M9Na_Trehalose_Mid__1,na,na,RNA-Seq,RANDOM,TRANSCRIPTOMIC,UCSD-SBRG,0,0,,,M9Na,Trehalose,30.0,Mid,Carbon,Carbons,M9Na_Trehalose_Mid,2,M9Na_glucoseGrowth_Mid,Vnat_data/VCi_HRS_Vnat_M9Na_Trehalose_Min_carbons_Mid_Rep1_S9_L001_R1_001.fastq.gz,,True,,True,True,Carbons:M9Na_Trehalose_Mid,True,True,1
SBRG_M9Na_Trehalose_Mid_2,na,1219067,Vibrio natriegens NBRC 15636 = ATCC 14048 = DSM 759,691,1236,1219067,Vibrio natriegens,SINGLE,ILLUMINA,Illumina NovaSeq 6000,,na,na,na,Carbons__M9Na_Trehalose_Mid__2,na,na,RNA-Seq,RANDOM,TRANSCRIPTOMIC,UCSD-SBRG,0,0,,,M9Na,Trehalose,30.0,Mid,Carbon,Carbons,M9Na_Trehalose_Mid,2,M9Na_glucoseGrowth_Mid,Vnat_data/VCi_HRS_Vnat_M9Na_Trehalose_Min_carbons_Mid_Rep2_S10_L001_R1_001.fastq.gz,,True,,True,True,Carbons:M9Na_Trehalose_Mid,True,True,2
SBRG_M9Na_ethanol_Mid_1,na,1219067,Vibrio natriegens NBRC 15636 = ATCC 14048 = DSM 759,691,1236,1219067,Vibrio natriegens,SINGLE,ILLUMINA,Illumina NovaSeq 6000,,na,na,na,Carbons__M9Na_ethanol_Mid__1,na,na,RNA-Seq,RANDOM,TRANSCRIPTOMIC,UCSD-SBRG,0,0,,,M9Na,ethanol,30.0,Mid,Carbon,Carbons,M9Na_ethanol_Mid,2,M9Na_glucoseGrowth_Mid,Vnat_data/VCi_HRS_Vnat_M9Na_ethanol_Min_carbons_Mid_Rep1_S33_L001_R1_001.fastq.gz,,True,,True,True,Carbons:M9Na_ethanol_Mid,True,True,1
SBRG_M9Na_ethanol_Mid_2,na,1219067,Vibrio natriegens NBRC 15636 = ATCC 14048 = DSM 759,691,1236,1219067,Vibrio natriegens,SINGLE,ILLUMINA,Illumina NovaSeq 6000,,na,na,na,Carbons__M9Na_ethanol_Mid__2,na,na,RNA-Seq,RANDOM,TRANSCRIPTOMIC,UCSD-SBRG,0,0,,,M9Na,ethanol,30.0,Mid,Carbon,Carbons,M9Na_ethanol_Mid,2,M9Na_glucoseGrowth_Mid,Vnat_data/VCi_HRS_Vnat_M9Na_ethanol_Min_carbons_Mid_Rep2_S34_L001_R1_001.fastq.gz,,True,,True,True,Carbons:M9Na_ethanol_Mid,True,True,2
SBRG_M9Na_fructose_Mid_1,na,1219067,Vibrio natriegens NBRC 15636 = ATCC 14048 = DSM 759,691,1236,1219067,Vibrio natriegens,SINGLE,ILLUMINA,Illumina NovaSeq 6000,,na,na,na,Carbons__M9Na_fructose_Mid__1,na,na,RNA-Seq,RANDOM,TRANSCRIPTOMIC,UCSD-SBRG,0,0,,,M9Na,fructose,30.0,Mid,Carbon,Carbons,M9Na_fructose_Mid,2,M9Na_glucoseGrowth_Mid,Vnat_data/VCi_HRS_Vnat_M9Na_fructose_Min_carbons_Mid_Rep1_S31_L001_R1_001.fastq.gz,,True,,True,True,Carbons:M9Na_fructose_Mid,True,True,1
SBRG_M9Na_fructose_Mid_2,na,1219067,Vibrio natriegens NBRC 15636 = ATCC 14048 = DSM 759,691,1236,1219067,Vibrio natriegens,SINGLE,ILLUMINA,Illumina NovaSeq 6000,,na,na,na,Carbons__M9Na_fructose_Mid__2,na,na,RNA-Seq,RANDOM,TRANSCRIPTOMIC,UCSD-SBRG,0,0,,,M9Na,fructose,30.0,Mid,Carbon,Carbons,M9Na_fructose_Mid,2,M9Na_glucoseGrowth_Mid,Vnat_data/VCi_HRS_Vnat_M9Na_fructose_Min_carbons_Mid_Rep2_S32_L001_R1_001.fastq.gz,,True,,True,True,Carbons:M9Na_fructose_Mid,True,True,2
SBRG_M9Na_fumarate_Mid_1,na,1219067,Vibrio natriegens NBRC 15636 = ATCC 14048 = DSM 759,691,1236,1219067,Vibrio natriegens,SINGLE,ILLUMINA,Illumina NovaSeq 6000,,na,na,na,Carbons__M9Na_fumarate_Mid__1,na,na,RNA-Seq,RANDOM,TRANSCRIPTOMIC,UCSD-SBRG,0,0,,,M9Na,fumarate,30.0,Mid,Carbon,Carbons,M9Na_fumarate_Mid,2,M9Na_glucoseGrowth_Mid,Vnat_data/VCi_HRS_Vnat_M9Na_fumarate_Min_carbons_Mid_Rep1_S29_L001_R1_001.fastq.gz,,True,,True,True,Carbons:M9Na_fumarate_Mid,True,True,1
SBRG_M9Na_fumarate_Mid_2,na,1219067,Vibrio natriegens NBRC 15636 = ATCC 14048 = DSM 759,691,1236,1219067,Vibrio natriegens,SINGLE,ILLUMINA,Illumina NovaSeq 6000,,na,na,na,Carbons__M9Na_fumarate_Mid__2,na,na,RNA-Seq,RANDOM,TRANSCRIPTOMIC,UCSD-SBRG,0,0,,,M9Na,fumarate,30.0,Mid,Carbon,Carbons,M9Na_fumarate_Mid,2,M9Na_glucoseGrowth_Mid,Vnat_data/VCi_HRS_Vnat_M9Na_fumarate_Min_carbons_Mid_Rep2_S30_L001_R1_001.fastq.gz,,True,,True,True,Carbons:M9Na_fumarate_Mid,True,True,2
SBRG_M9Na_glucoseGrowth_Late_1,na,1219067,Vibrio natriegens NBRC 15636 = ATCC 14048 = DSM 759,691,1236,1219067,Vibrio natriegens,SINGLE,ILLUMINA,Illumina NovaSeq 6000,,na,na,na,Carbons__M9Na_glucoseGrowth_Late__1,na,na,RNA-Seq,RANDOM,TRANSCRIPTOMIC,UCSD-SBRG,0,0,,,M9Na,glucose,30.0,Late,Carbon,Carbons,M9Na_glucoseGrowth_Late,2,M9Na_glucoseGrowth_Mid,Vnat_data/VCi_HRS_Vnat_M9Na_glucose_Growth_phase_Late_Rep1_S49_L001_R1_001.fastq.gz,,True,,True,True,Carbons:M9Na_glucoseGrowth_Late,True,True,1
SBRG_M9Na_glucoseGrowth_Late_2,na,1219067,Vibrio natriegens NBRC 15636 = ATCC 14048 = DSM 759,691,1236,1219067,Vibrio natriegens,SINGLE,ILLUMINA,Illumina NovaSeq 6000,,na,na,na,Carbons__M9Na_glucoseGrowth_Late__2,na,na,RNA-Seq,RANDOM,TRANSCRIPTOMIC,UCSD-SBRG,0,0,,,M9Na,glucose,30.0,Late,Carbon,Carbons,M9Na_glucoseGrowth_Late,2,M9Na_glucoseGrowth_Mid,Vnat_data/VCi_HRS_Vnat_M9Na_glucose_Growth_phase_Late_Rep2_S50_L001_R1_001.fastq.gz,,True,,True,True,Carbons:M9Na_glucoseGrowth_Late,True,True,2
SBRG_M9Na_glucoseGrowth_Mid_1,na,1219067,Vibrio natriegens NBRC 15636 = ATCC 14048 = DSM 759,691,1236,1219067,Vibrio natriegens,SINGLE,ILLUMINA,Illumina NovaSeq 6000,,na,na,na,Carbons__M9Na_glucoseGrowth_Mid__1,na,na,RNA-Seq,RANDOM,TRANSCRIPTOMIC,UCSD-SBRG,0,0,,,M9Na,glucose,30.0,Mid,Carbon,Carbons,M9Na_glucoseGrowth_Mid,2,M9Na_glucoseGrowth_Mid,Vnat_data/VCi_HRS_Vnat_M9Na_glucose_Growth_phase_Mid_Rep1_S47_L001_R1_001.fastq.gz,,True,,True,True,Carbons:M9Na_glucoseGrowth_Mid,True,True,1
SBRG_M9Na_glucoseGrowth_Mid_2,na,1219067,Vibrio natriegens NBRC 15636 = ATCC 14048 = DSM 759,691,1236,1219067,Vibrio natriegens,SINGLE,ILLUMINA,Illumina NovaSeq 6000,,na,na,na,Carbons__M9Na_glucoseGrowth_Mid__2,na,na,RNA-Seq,RANDOM,TRANSCRIPTOMIC,UCSD-SBRG,0,0,,,M9Na,glucose,30.0,Mid,Carbon,Carbons,M9Na_glucoseGrowth_Mid,2,M9Na_glucoseGrowth_Mid,Vnat_data/VCi_HRS_Vnat_M9Na_glucose_Growth_phase_Mid_Rep2_S48_L001_R1_001.fastq.gz,,True,,True,True,Carbons:M9Na_glucoseGrowth_Mid,True,True,2
SBRG_M9Na_glucoseGrowth_Stat_1,na,1219067,Vibrio natriegens NBRC 15636 = ATCC 14048 = DSM 759,691,1236,1219067,Vibrio natriegens,SINGLE,ILLUMINA,Illumina NovaSeq 6000,,na,na,na,Carbons__M9Na_glucoseGrowth_Stat__1,na,na,RNA-Seq,RANDOM,TRANSCRIPTOMIC,UCSD-SBRG,0,0,,,M9Na,glucose,30.0,Stationary,Carbon,Carbons,M9Na_glucoseGrowth_Stat,2,M9Na_glucoseGrowth_Mid,Vnat_data/VCi_HRS_Vnat_M9Na_glucose_Growth_phase_Stationary_Rep1_S51_L001_R1_001.fastq.gz,,True,,True,True,Carbons:M9Na_glucoseGrowth_Stat,True,True,1
SBRG_M9Na_glucoseGrowth_Stat_2,na,1219067,Vibrio natriegens NBRC 15636 = ATCC 14048 = DSM 759,691,1236,1219067,Vibrio natriegens,SINGLE,ILLUMINA,Illumina NovaSeq 6000,,na,na,na,Carbons__M9Na_glucoseGrowth_Stat__2,na,na,RNA-Seq,RANDOM,TRANSCRIPTOMIC,UCSD-SBRG,0,0,,,M9Na,glucose,30.0,Stationary,Carbon,Carbons,M9Na_glucoseGrowth_Stat,2,M9Na_glucoseGrowth_Mid,Vnat_data/VCi_HRS_Vnat_M9Na_glucose_Growth_phase_Stationary_Rep2_S52_L002_R1_001.fastq.gz,,True,,True,True,Carbons:M9Na_glucoseGrowth_Stat,True,True,2
SBRG_M9Na_ribose_Mid_1,na,1219067,Vibrio natriegens NBRC 15636 = ATCC 14048 = DSM 759,691,1236,1219067,Vibrio natriegens,SINGLE,ILLUMINA,Illumina NovaSeq 6000,,na,na,na,Carbons__M9Na_ribose_Mid__1,na,na,RNA-Seq,RANDOM,TRANSCRIPTOMIC,UCSD-SBRG,0,0,,,M9Na,ribose,30.0,Mid,Carbon,Carbons,M9Na_ribose_Mid,2,M9Na_glucoseGrowth_Mid,Vnat_data/VCi_HRS_Vnat_M9Na_ribose_Min_carbons_Mid_Rep1_S13_L001_R1_001.fastq.gz,,True,,True,True,Carbons:M9Na_ribose_Mid,True,True,1
SBRG_M9Na_ribose_Mid_2,na,1219067,Vibrio natriegens NBRC 15636 = ATCC 14048 = DSM 759,691,1236,1219067,Vibrio natriegens,SINGLE,ILLUMINA,Illumina NovaSeq 6000,,na,na,na,Carbons__M9Na_ribose_Mid__2,na,na,RNA-Seq,RANDOM,TRANSCRIPTOMIC,UCSD-SBRG,0,0,,,M9Na,ribose,30.0,Mid,Carbon,Carbons,M9Na_ribose_Mid,2,M9Na_glucoseGrowth_Mid,Vnat_data/VCi_HRS_Vnat_M9Na_ribose_Min_carbons_Mid_Rep2_S14_L001_R1_001.fastq.gz,,True,,True,True,Carbons:M9Na_ribose_Mid,True,True,2
SBRG_M9Na_succinate_Mid_1,na,1219067,Vibrio natriegens NBRC 15636 = ATCC 14048 = DSM 759,691,1236,1219067,Vibrio natriegens,SINGLE,ILLUMINA,Illumina NovaSeq 6000,,na,na,na,Carbons__M9Na_succinate_Mid__1,na,na,RNA-Seq,RANDOM,TRANSCRIPTOMIC,UCSD-SBRG,0,0,,,M9Na,succinate,30.0,Mid,Carbon,Carbons,M9Na_succinate_Mid,2,M9Na_glucoseGrowth_Mid,Vnat_data/VCi_HRS_Vnat_M9Na_succinate_Min_carbons_Mid_Rep1_S11_L001_R1_001.fastq.gz,,True,,True,True,Carbons:M9Na_succinate_Mid,True,True,1
SBRG_M9Na_succinate_Mid_2,na,1219067,Vibrio natriegens NBRC 15636 = ATCC 14048 = DSM 759,691,1236,1219067,Vibrio natriegens,SINGLE,ILLUMINA,Illumina NovaSeq 6000,,na,na,na,Carbons__M9Na_succinate_Mid__2,na,na,RNA-Seq,RANDOM,TRANSCRIPTOMIC,UCSD-SBRG,0,0,,,M9Na,succinate,30.0,Mid,Carbon,Carbons,M9Na_succinate_Mid,2,M9Na_glucoseGrowth_Mid,Vnat_data/VCi_HRS_Vnat_M9Na_succinate_Min_carbons_Mid_Rep2_S12_L001_R1_001.fastq.gz,,True,,True,True,Carbons:M9Na_succinate_Mid,True,True,2
SBRG_M9Na_sucrose_Mid_1,na,1219067,Vibrio natriegens NBRC 15636 = ATCC 14048 = DSM 759,691,1236,1219067,Vibrio natriegens,SINGLE,ILLUMINA,Illumina NovaSeq 6000,,na,na,na,Carbons__M9Na_sucrose_Mid__1,na,na,RNA-Seq,RANDOM,TRANSCRIPTOMIC,UCSD-SBRG,0,0,,,M9Na,sucrose,30.0,Mid,Carbon,Carbons,M9Na_sucrose_Mid,2,M9Na_glucoseGrowth_Mid,Vnat_data/VCi_HRS_Vnat_M9Na_sucrose_Min_carbons_Mid_Rep1_S37_L001_R1_001.fastq.gz,,True,,True,True,Carbons:M9Na_sucrose_Mid,True,True,1
SBRG_M9Na_sucrose_Mid_2,na,1219067,Vibrio natriegens NBRC 15636 = ATCC 14048 = DSM 759,691,1236,1219067,Vibrio natriegens,SINGLE,ILLUMINA,Illumina NovaSeq 6000,,na,na,na,Carbons__M9Na_sucrose_Mid__2,na,na,RNA-Seq,RANDOM,TRANSCRIPTOMIC,UCSD-SBRG,0,0,,,M9Na,sucrose,30.0,Mid,Carbon,Carbons,M9Na_sucrose_Mid,2,M9Na_glucoseGrowth_Mid,Vnat_data/VCi_HRS_Vnat_M9Na_sucrose_Min_carbons_Mid_Rep2_S38_L001_R1_001.fastq.gz,,True,,True,True,Carbons:M9Na_sucrose_Mid,True,True,2
SBRG_LBv2_HapROver_Late_1,na,1219067,Vibrio natriegens NBRC 15636 = ATCC 14048 = DSM 759,691,1236,1219067,Vibrio natriegens,SINGLE,ILLUMINA,Illumina NovaSeq 6000,,na,na,na,Rich_TF_over_stress__LBv2_HapROver_Late__1,na,na,RNA-Seq,RANDOM,TRANSCRIPTOMIC,UCSD-SBRG,0,0,,,LBv2,,30.0,Late,TF,HapR,LBv2_HapROver_Late,2,LBv2_Growth_Mid,Vnat_data/VCi_HRS_Vnat_LBv2__HapR_Over_Late_Rep1_S93_L002_R1_001.fastq.gz,,True,,True,True,Rich_TF_over_stress:LBv2_HapROver_Late,True,True,1
SBRG_LBv2_HapROver_Late_2,na,1219067,Vibrio natriegens NBRC 15636 = ATCC 14048 = DSM 759,691,1236,1219067,Vibrio natriegens,SINGLE,ILLUMINA,Illumina NovaSeq 6000,,na,na,na,Rich_TF_over_stress__LBv2_HapROver_Late__2,na,na,RNA-Seq,RANDOM,TRANSCRIPTOMIC,UCSD-SBRG,0,0,,,LBv2,,30.0,Late,TF,HapR,LBv2_HapROver_Late,2,LBv2_Growth_Mid,Vnat_data/VCi_HRS_Vnat_LBv2__HapR_Over_Late_Rep2_S94_L002_R1_001.fastq.gz,,True,,True,True,Rich_TF_over_stress:LBv2_HapROver_Late,True,True,2
SBRG_LBv2_HapROver_Mid_1,na,1219067,Vibrio natriegens NBRC 15636 = ATCC 14048 = DSM 759,691,1236,1219067,Vibrio natriegens,SINGLE,ILLUMINA,Illumina NovaSeq 6000,,na,na,na,Rich_TF_over_stress__LBv2_HapROver_Mid__1,na,na,RNA-Seq,RANDOM,TRANSCRIPTOMIC,UCSD-SBRG,0,0,,,LBv2,,30.0,Mid,TF,HapR,LBv2_HapROver_Mid,2,LBv2_Growth_Mid,Vnat_data/VCi_HRS_Vnat_LBv2__HapR_Over_Mid_Rep1_S91_L002_R1_001.fastq.gz,,True,,True,True,Rich_TF_over_stress:LBv2_HapROver_Mid,True,True,1
SBRG_LBv2_HapROver_Mid_2,na,1219067,Vibrio natriegens NBRC 15636 = ATCC 14048 = DSM 759,691,1236,1219067,Vibrio natriegens,SINGLE,ILLUMINA,Illumina NovaSeq 6000,,na,na,na,Rich_TF_over_stress__LBv2_HapROver_Mid__2,na,na,RNA-Seq,RANDOM,TRANSCRIPTOMIC,UCSD-SBRG,0,0,,,LBv2,,30.0,Mid,TF,HapR,LBv2_HapROver_Mid,2,LBv2_Growth_Mid,Vnat_data/VCi_HRS_Vnat_LBv2__HapR_Over_Mid_Rep2_S92_L002_R1_001.fastq.gz,,True,,True,True,Rich_TF_over_stress:LBv2_HapROver_Mid,True,True,2
SBRG_LBv2_HapROver_Stat_1,na,1219067,Vibrio natriegens NBRC 15636 = ATCC 14048 = DSM 759,691,1236,1219067,Vibrio natriegens,SINGLE,ILLUMINA,Illumina NovaSeq 6000,,na,na,na,Rich_TF_over_stress__LBv2_HapROver_Stat__1,na,na,RNA-Seq,RANDOM,TRANSCRIPTOMIC,UCSD-SBRG,0,0,,,LBv2,,30.0,Stationary,TF,HapR,LBv2_HapROver_Stat,2,LBv2_Growth_Mid,Vnat_data/VCi_HRS_Vnat_LBv2__HapR_Over_Stationary_Rep1_S95_L002_R1_001.fastq.gz,,True,,True,True,Rich_TF_over_stress:LBv2_HapROver_Stat,True,True,1
SBRG_LBv2_HapROver_Stat_2,na,1219067,Vibrio natriegens NBRC 15636 = ATCC 14048 = DSM 759,691,1236,1219067,Vibrio natriegens,SINGLE,ILLUMINA,Illumina NovaSeq 6000,,na,na,na,Rich_TF_over_stress__LBv2_HapROver_Stat__2,na,na,RNA-Seq,RANDOM,TRANSCRIPTOMIC,UCSD-SBRG,0,0,,,LBv2,,30.0,Stationary,TF,HapR,LBv2_HapROver_Stat,2,LBv2_Growth_Mid,Vnat_data/VCi_HRS_Vnat_LBv2__HapR_Over_Stationary_Rep2_S96_L002_R1_001.fastq.gz,,True,,True,True,Rich_TF_over_stress:LBv2_HapROver_Stat,True,True,2
SBRG_LBv2_LuxOOver_Late_1,na,1219067,Vibrio natriegens NBRC 15636 = ATCC 14048 = DSM 759,691,1236,1219067,Vibrio natriegens,SINGLE,ILLUMINA,Illumina NovaSeq 6000,,na,na,na,Rich_TF_over_stress__LBv2_LuxOOver_Late__1,na,na,RNA-Seq,RANDOM,TRANSCRIPTOMIC,UCSD-SBRG,0,0,,,LBv2,,30.0,Late,TF,LuxO,LBv2_LuxOOver_Late,2,LBv2_Growth_Mid,Vnat_data/VCi_HRS_Vnat_LBv2__LuxO_Over_Late_Rep1_S99_L002_R1_001.fastq.gz,,True,,True,True,Rich_TF_over_stress:LBv2_LuxOOver_Late,True,True,1
SBRG_LBv2_LuxOOver_Late_2,na,1219067,Vibrio natriegens NBRC 15636 = ATCC 14048 = DSM 759,691,1236,1219067,Vibrio natriegens,SINGLE,ILLUMINA,Illumina NovaSeq 6000,,na,na,na,Rich_TF_over_stress__LBv2_LuxOOver_Late__2,na,na,RNA-Seq,RANDOM,TRANSCRIPTOMIC,UCSD-SBRG,0,0,,,LBv2,,30.0,Late,TF,LuxO,LBv2_LuxOOver_Late,2,LBv2_Growth_Mid,Vnat_data/VCi_HRS_Vnat_LBv2__LuxO_Over_Late_Rep2_S100_L002_R1_001.fastq.gz,,True,,True,True,Rich_TF_over_stress:LBv2_LuxOOver_Late,True,True,2
SBRG_LBv2_LuxOOver_Mid_1,na,1219067,Vibrio natriegens NBRC 15636 = ATCC 14048 = DSM 759,691,1236,1219067,Vibrio natriegens,SINGLE,ILLUMINA,Illumina NovaSeq 6000,,na,na,na,Rich_TF_over_stress__LBv2_LuxOOver_Mid__1,na,na,RNA-Seq,RANDOM,TRANSCRIPTOMIC,UCSD-SBRG,0,0,,,LBv2,,30.0,Mid,TF,LuxO,LBv2_LuxOOver_Mid,2,LBv2_Growth_Mid,Vnat_data/VCi_HRS_Vnat_LBv2__LuxO_Over_Mid_Rep1_S97_L002_R1_001.fastq.gz,,True,,True,True,Rich_TF_over_stress:LBv2_LuxOOver_Mid,True,True,1
SBRG_LBv2_LuxOOver_Mid_2,na,1219067,Vibrio natriegens NBRC 15636 = ATCC 14048 = DSM 759,691,1236,1219067,Vibrio natriegens,SINGLE,ILLUMINA,Illumina NovaSeq 6000,,na,na,na,Rich_TF_over_stress__LBv2_LuxOOver_Mid__2,na,na,RNA-Seq,RANDOM,TRANSCRIPTOMIC,UCSD-SBRG,0,0,,,LBv2,,30.0,Mid,TF,LuxO,LBv2_LuxOOver_Mid,2,LBv2_Growth_Mid,Vnat_data/VCi_HRS_Vnat_LBv2__LuxO_Over_Mid_Rep2_S98_L002_R1_001.fastq.gz,,True,,True,True,Rich_TF_over_stress:LBv2_LuxOOver_Mid,True,True,2
SBRG_LBv2_LuxOOver_Stat_1,na,1219067,Vibrio natriegens NBRC 15636 = ATCC 14048 = DSM 759,691,1236,1219067,Vibrio natriegens,SINGLE,ILLUMINA,Illumina NovaSeq 6000,,na,na,na,Rich_TF_over_stress__LBv2_LuxOOver_Stat__1,na,na,RNA-Seq,RANDOM,TRANSCRIPTOMIC,UCSD-SBRG,0,0,,,LBv2,,30.0,Stationary,TF,LuxO,LBv2_LuxOOver_Stat,2,LBv2_Growth_Mid,Vnat_data/VCi_HRS_Vnat_LBv2__LuxO_Over_Stationary_Rep1_S101_L002_R1_001.fastq.gz,,True,,True,True,Rich_TF_over_stress:LBv2_LuxOOver_Stat,True,True,1
SBRG_LBv2_LuxOOver_Stat_2,na,1219067,Vibrio natriegens NBRC 15636 = ATCC 14048 = DSM 759,691,1236,1219067,Vibrio natriegens,SINGLE,ILLUMINA,Illumina NovaSeq 6000,,na,na,na,Rich_TF_over_stress__LBv2_LuxOOver_Stat__2,na,na,RNA-Seq,RANDOM,TRANSCRIPTOMIC,UCSD-SBRG,0,0,,,LBv2,,30.0,Stationary,TF,LuxO,LBv2_LuxOOver_Stat,2,LBv2_Growth_Mid,Vnat_data/VCi_HRS_Vnat_LBv2__LuxO_Over_Stationary_Rep2_S102_L002_R1_001.fastq.gz,,True,,True,True,Rich_TF_over_stress:LBv2_LuxOOver_Stat,True,True,2
SBRG_LBv2_QstROver_Late_1,na,1219067,Vibrio natriegens NBRC 15636 = ATCC 14048 = DSM 759,691,1236,1219067,Vibrio natriegens,SINGLE,ILLUMINA,Illumina NovaSeq 6000,,na,na,na,Rich_TF_over_stress__LBv2_QstROver_Late__1,na,na,RNA-Seq,RANDOM,TRANSCRIPTOMIC,UCSD-SBRG,0,0,,,LBv2,,30.0,Late,TF,QstR,LBv2_QstROver_Late,2,LBv2_Growth_Mid,Vnat_data/VCi_HRS_Vnat_LBv2__QstR_Over_Late_Rep1_S87_L002_R1_001.fastq.gz,,True,,True,True,Rich_TF_over_stress:LBv2_QstROver_Late,True,True,1
SBRG_LBv2_QstROver_Late_2,na,1219067,Vibrio natriegens NBRC 15636 = ATCC 14048 = DSM 759,691,1236,1219067,Vibrio natriegens,SINGLE,ILLUMINA,Illumina NovaSeq 6000,,na,na,na,Rich_TF_over_stress__LBv2_QstROver_Late__2,na,na,RNA-Seq,RANDOM,TRANSCRIPTOMIC,UCSD-SBRG,0,0,,,LBv2,,30.0,Late,TF,QstR,LBv2_QstROver_Late,2,LBv2_Growth_Mid,Vnat_data/VCi_HRS_Vnat_LBv2__QstR_Over_Late_Rep2_S88_L002_R1_001.fastq.gz,,True,,True,True,Rich_TF_over_stress:LBv2_QstROver_Late,True,True,2
SBRG_LBv2_QstROver_Mid_1,na,1219067,Vibrio natriegens NBRC 15636 = ATCC 14048 = DSM 759,691,1236,1219067,Vibrio natriegens,SINGLE,ILLUMINA,Illumina NovaSeq 6000,,na,na,na,Rich_TF_over_stress__LBv2_QstROver_Mid__1,na,na,RNA-Seq,RANDOM,TRANSCRIPTOMIC,UCSD-SBRG,0,0,,,LBv2,,30.0,Mid,TF,QstR,LBv2_QstROver_Mid,2,LBv2_Growth_Mid,Vnat_data/VCi_HRS_Vnat_LBv2__QstR_Over_Mid_Rep1_S85_L002_R1_001.fastq.gz,,True,,True,True,Rich_TF_over_stress:LBv2_QstROver_Mid,True,True,1
SBRG_LBv2_QstROver_Mid_2,na,1219067,Vibrio natriegens NBRC 15636 = ATCC 14048 = DSM 759,691,1236,1219067,Vibrio natriegens,SINGLE,ILLUMINA,Illumina NovaSeq 6000,,na,na,na,Rich_TF_over_stress__LBv2_QstROver_Mid__2,na,na,RNA-Seq,RANDOM,TRANSCRIPTOMIC,UCSD-SBRG,0,0,,,LBv2,,30.0,Mid,TF,QstR,LBv2_QstROver_Mid,2,LBv2_Growth_Mid,Vnat_data/VCi_HRS_Vnat_LBv2__QstR_Over_Mid_Rep2_S86_L002_R1_001.fastq.gz,,True,,True,True,Rich_TF_over_stress:LBv2_QstROver_Mid,True,True,2
SBRG_LBv2_QstROver_Stat_1,na,1219067,Vibrio natriegens NBRC 15636 = ATCC 14048 = DSM 759,691,1236,1219067,Vibrio natriegens,SINGLE,ILLUMINA,Illumina NovaSeq 6000,,na,na,na,Rich_TF_over_stress__LBv2_QstROver_Stat__1,na,na,RNA-Seq,RANDOM,TRANSCRIPTOMIC,UCSD-SBRG,0,0,,,LBv2,,30.0,Stationary,TF,QstR,LBv2_QstROver_Stat,2,LBv2_Growth_Mid,Vnat_data/VCi_HRS_Vnat_LBv2__QstR_Over_Stationary_Rep1_S89_L002_R1_001.fastq.gz,,True,,True,True,Rich_TF_over_stress:LBv2_QstROver_Stat,True,True,1
SBRG_LBv2_QstROver_Stat_2,na,1219067,Vibrio natriegens NBRC 15636 = ATCC 14048 = DSM 759,691,1236,1219067,Vibrio natriegens,SINGLE,ILLUMINA,Illumina NovaSeq 6000,,na,na,na,Rich_TF_over_stress__LBv2_QstROver_Stat__2,na,na,RNA-Seq,RANDOM,TRANSCRIPTOMIC,UCSD-SBRG,0,0,,,LBv2,,30.0,Stationary,TF,QstR,LBv2_QstROver_Stat,2,LBv2_Growth_Mid,Vnat_data/VCi_HRS_Vnat_LBv2__QstR_Over_Stationary_Rep2_S90_L002_R1_001.fastq.gz,,True,,True,True,Rich_TF_over_stress:LBv2_QstROver_Stat,True,True,2
SBRG_LBv2_TfoXOver_Late_1,na,1219067,Vibrio natriegens NBRC 15636 = ATCC 14048 = DSM 759,691,1236,1219067,Vibrio natriegens,SINGLE,ILLUMINA,Illumina NovaSeq 6000,,na,na,na,Rich_TF_over_stress__LBv2_TfoXOver_Late__1,na,na,RNA-Seq,RANDOM,TRANSCRIPTOMIC,UCSD-SBRG,0,0,,,LBv2,,30.0,Late,TF,TfoX,LBv2_TfoXOver_Late,2,LBv2_Growth_Mid,Vnat_data/VCi_HRS_Vnat_LBv2__TfoX_Over_Late_Rep1_S81_L002_R1_001.fastq.gz,,True,,True,True,Rich_TF_over_stress:LBv2_TfoXOver_Late,True,True,1
SBRG_LBv2_TfoXOver_Late_2,na,1219067,Vibrio natriegens NBRC 15636 = ATCC 14048 = DSM 759,691,1236,1219067,Vibrio natriegens,SINGLE,ILLUMINA,Illumina NovaSeq 6000,,na,na,na,Rich_TF_over_stress__LBv2_TfoXOver_Late__2,na,na,RNA-Seq,RANDOM,TRANSCRIPTOMIC,UCSD-SBRG,0,0,,,LBv2,,30.0,Late,TF,TfoX,LBv2_TfoXOver_Late,2,LBv2_Growth_Mid,Vnat_data/VCi_HRS_Vnat_LBv2__TfoX_Over_Late_Rep2_S82_L002_R1_001.fastq.gz,,True,,True,True,Rich_TF_over_stress:LBv2_TfoXOver_Late,True,True,2
SBRG_LBv2_TfoXOver_Mid_1,na,1219067,Vibrio natriegens NBRC 15636 = ATCC 14048 = DSM 759,691,1236,1219067,Vibrio natriegens,SINGLE,ILLUMINA,Illumina NovaSeq 6000,,na,na,na,Rich_TF_over_stress__LBv2_TfoXOver_Mid__1,na,na,RNA-Seq,RANDOM,TRANSCRIPTOMIC,UCSD-SBRG,0,0,,,LBv2,,30.0,Mid,TF,TfoX,LBv2_TfoXOver_Mid,2,LBv2_Growth_Mid,Vnat_data/VCi_HRS_Vnat_LBv2__TfoX_Over_Mid_Rep1_S79_L002_R1_001.fastq.gz,,True,,True,True,Rich_TF_over_stress:LBv2_TfoXOver_Mid,True,True,1
SBRG_LBv2_TfoXOver_Mid_2,na,1219067,Vibrio natriegens NBRC 15636 = ATCC 14048 = DSM 759,691,1236,1219067,Vibrio natriegens,SINGLE,ILLUMINA,Illumina NovaSeq 6000,,na,na,na,Rich_TF_over_stress__LBv2_TfoXOver_Mid__2,na,na,RNA-Seq,RANDOM,TRANSCRIPTOMIC,UCSD-SBRG,0,0,,,LBv2,,30.0,Mid,TF,TfoX,LBv2_TfoXOver_Mid,2,LBv2_Growth_Mid,Vnat_data/VCi_HRS_Vnat_LBv2__TfoX_Over_Mid_Rep2_S80_L002_R1_001.fastq.gz,,True,,True,True,Rich_TF_over_stress:LBv2_TfoXOver_Mid,True,True,2
SBRG_LBv2_TfoXOver_Stat_1,na,1219067,Vibrio natriegens NBRC 15636 = ATCC 14048 = DSM 759,691,1236,1219067,Vibrio natriegens,SINGLE,ILLUMINA,Illumina NovaSeq 6000,,na,na,na,Rich_TF_over_stress__LBv2_TfoXOver_Stat__1,na,na,RNA-Seq,RANDOM,TRANSCRIPTOMIC,UCSD-SBRG,0,0,,,LBv2,,30.0,Stationary,TF,TfoX,LBv2_TfoXOver_Stat,2,LBv2_Growth_Mid,Vnat_data/VCi_HRS_Vnat_LBv2__TfoX_Over_Stationary_Rep1_S83_L002_R1_001.fastq.gz,,True,,True,True,Rich_TF_over_stress:LBv2_TfoXOver_Stat,True,True,1
SBRG_LBv2_TfoXOver_Stat_2,na,1219067,Vibrio natriegens NBRC 15636 = ATCC 14048 = DSM 759,691,1236,1219067,Vibrio natriegens,SINGLE,ILLUMINA,Illumina NovaSeq 6000,,na,na,na,Rich_TF_over_stress__LBv2_TfoXOver_Stat__2,na,na,RNA-Seq,RANDOM,TRANSCRIPTOMIC,UCSD-SBRG,0,0,,,LBv2,,30.0,Stationary,TF,TfoX,LBv2_TfoXOver_Stat,2,LBv2_Growth_Mid,Vnat_data/VCi_HRS_Vnat_LBv2__TfoX_Over_Stationary_Rep2_S84_L002_R1_001.fastq.gz,,True,,True,True,Rich_TF_over_stress:LBv2_TfoXOver_Stat,True,True,2
SRX12193062,10/21/21 12:32,1219067,Vibrio natriegens NBRC 15636 = ATCC 14048 = DSM 759,691,1236,1219067,Vibrio natriegens,PAIRED,ILLUMINA,Illumina MiSeq,SRR15902429,SRP337169,PRJNA763369,763369,Salinity and Temperature Variations__20-300-T1__1,SAMN21438616,SRA1294787,RNA-Seq,cDNA,TRANSCRIPTOMIC,GEO,0,0,SAMN21438616,,,,,,Stress-I,Salinity and Temperature Variations,20-300-T1,2,20-300-T1,,,True,,True,True,Salinity and Temperature Variations:20-300-T1,True,True,1
SRX12193071,10/21/21 12:32,1219067,Vibrio natriegens NBRC 15636 = ATCC 14048 = DSM 759,691,1236,1219067,Vibrio natriegens,PAIRED,ILLUMINA,Illumina MiSeq,SRR15902438,SRP337169,PRJNA763369,763369,Salinity and Temperature Variations__20-300-T1__2,SAMN21438625,SRA1294787,RNA-Seq,cDNA,TRANSCRIPTOMIC,GEO,0,0,SAMN21438625,,,,,,Stress-I,Salinity and Temperature Variations,20-300-T1,2,20-300-T1,,,True,,True,True,Salinity and Temperature Variations:20-300-T1,True,True,2
SRX12193063,10/21/21 12:32,1219067,Vibrio natriegens NBRC 15636 = ATCC 14048 = DSM 759,691,1236,1219067,Vibrio natriegens,PAIRED,ILLUMINA,Illumina MiSeq,SRR15902430,SRP337169,PRJNA763369,763369,Salinity and Temperature Variations__20-300-T2__1,SAMN21438617,SRA1294787,RNA-Seq,cDNA,TRANSCRIPTOMIC,GEO,0,0,SAMN21438617,,,,,,Stress-I,Salinity and Temperature Variations,20-300-T2,2,20-300-T1,,,True,,True,True,Salinity and Temperature Variations:20-300-T2,True,True,1
SRX12193072,10/21/21 12:32,1219067,Vibrio natriegens NBRC 15636 = ATCC 14048 = DSM 759,691,1236,1219067,Vibrio natriegens,PAIRED,ILLUMINA,Illumina MiSeq,SRR15902439,SRP337169,PRJNA763369,763369,Salinity and Temperature Variations__20-300-T2__2,SAMN21438626,SRA1294787,RNA-Seq,cDNA,TRANSCRIPTOMIC,GEO,0,0,SAMN21438626,,,,,,Stress-I,Salinity and Temperature Variations,20-300-T2,2,20-300-T1,,,True,,True,True,Salinity and Temperature Variations:20-300-T2,True,True,2
SBRG_LBv2_LowpH_Mid_1,na,1219067,Vibrio natriegens NBRC 15636 = ATCC 14048 = DSM 759,691,1236,1219067,Vibrio natriegens,SINGLE,ILLUMINA,Illumina NovaSeq 6000,,na,na,na,Rich_TF_over_stress__LBv2_LowpH_Mid__1,na,na,RNA-Seq,RANDOM,TRANSCRIPTOMIC,UCSD-SBRG,0,0,,,LBv2,,30.0,Mid,Stress-II-1,LowpH,LBv2_LowpH_Mid,2,LBv2_Growth_Mid,Vnat_data/VCi_HRS_Vnat_LBv2_glucose_LowpH_Mid_Rep1_S67_L002_R1_001.fastq.gz,,True,,True,True,Rich_TF_over_stress:LBv2_LowpH_Mid,True,True,1
SBRG_LBv2_LowpH_Mid_2,na,1219067,Vibrio natriegens NBRC 15636 = ATCC 14048 = DSM 759,691,1236,1219067,Vibrio natriegens,SINGLE,ILLUMINA,Illumina NovaSeq 6000,,na,na,na,Rich_TF_over_stress__LBv2_LowpH_Mid__2,na,na,RNA-Seq,RANDOM,TRANSCRIPTOMIC,UCSD-SBRG,0,0,,,LBv2,,30.0,Mid,Stress-II-1,LowpH,LBv2_LowpH_Mid,2,LBv2_Growth_Mid,Vnat_data/VCi_HRS_Vnat_LBv2_glucose_LowpH_Mid_Rep2_S68_L002_R1_001.fastq.gz,,True,,True,True,Rich_TF_over_stress:LBv2_LowpH_Mid,True,True,2
SBRG_LBv2_highSalt_Mid_1,na,1219067,Vibrio natriegens NBRC 15636 = ATCC 14048 = DSM 759,691,1236,1219067,Vibrio natriegens,SINGLE,ILLUMINA,Illumina NovaSeq 6000,,na,na,na,Rich_TF_over_stress__LBv2_highSalt_Mid__1,na,na,RNA-Seq,RANDOM,TRANSCRIPTOMIC,UCSD-SBRG,0,0,,,LBv2,,30.0,Mid,Stress-II-1,HighSalt,LBv2_highSalt_Mid,2,LBv2_Growth_Mid,Vnat_data/VCi_HRS_Vnat_LBv2_glucose_High_salt_Mid_Rep1_S69_L002_R1_001.fastq.gz,,True,,True,True,Rich_TF_over_stress:LBv2_highSalt_Mid,True,True,1
SBRG_LBv2_highSalt_Mid_2,na,1219067,Vibrio natriegens NBRC 15636 = ATCC 14048 = DSM 759,691,1236,1219067,Vibrio natriegens,SINGLE,ILLUMINA,Illumina NovaSeq 6000,,na,na,na,Rich_TF_over_stress__LBv2_highSalt_Mid__2,na,na,RNA-Seq,RANDOM,TRANSCRIPTOMIC,UCSD-SBRG,0,0,,,LBv2,,30.0,Mid,Stress-II-1,HighSalt,LBv2_highSalt_Mid,2,LBv2_Growth_Mid,Vnat_data/VCi_HRS_Vnat_LBv2_glucose_High_salt_Mid_Rep2_S70_L002_R1_001.fastq.gz,,True,,True,True,Rich_TF_over_stress:LBv2_highSalt_Mid,True,True,2
SBRG_M9Na_glucoseKanamycin_Mid_1,na,1219067,Vibrio natriegens NBRC 15636 = ATCC 14048 = DSM 759,691,1236,1219067,Vibrio natriegens,SINGLE,ILLUMINA,Illumina NovaSeq 6000,,na,na,na,Carbons__M9Na_glucoseKanamycin_Mid__1,na,na,RNA-Seq,RANDOM,TRANSCRIPTOMIC,UCSD-SBRG,0,0,,,M9Na,glucose,30.0,Mid,Stress-II-2,Kanamycin,M9Na_glucoseKanamycin_Mid,2,M9Na_glucoseGrowth_Mid,Vnat_data/VCi_HRS_Vnat_M9Na_glucose_Kan_Mid_Rep1_S71_L002_R1_001.fastq.gz,,True,,True,True,Carbons:M9Na_glucoseKanamycin_Mid,True,True,1
SBRG_M9Na_glucoseKanamycin_Mid_2,na,1219067,Vibrio natriegens NBRC 15636 = ATCC 14048 = DSM 759,691,1236,1219067,Vibrio natriegens,SINGLE,ILLUMINA,Illumina NovaSeq 6000,,na,na,na,Carbons__M9Na_glucoseKanamycin_Mid__2,na,na,RNA-Seq,RANDOM,TRANSCRIPTOMIC,UCSD-SBRG,0,0,,,M9Na,glucose,30.0,Mid,Stress-II-2,Kanamycin,M9Na_glucoseKanamycin_Mid,2,M9Na_glucoseGrowth_Mid,Vnat_data/VCi_HRS_Vnat_M9Na_glucose_Kan_Mid_Rep2_S72_L002_R1_001.fastq.gz,,True,,True,True,Carbons:M9Na_glucoseKanamycin_Mid,True,True,2
SRX8117098,8/21/20 10:07,691,Vibrio natriegens,691,1236,691,Vibrio natriegens,PAIRED,ILLUMINA,HiSeq X Ten,SRR11547055,SRP256396,PRJNA624924,624924,microgravity__R_wt__1,SAMN14589690,SRA1065490,RNA-Seq,cDNA,TRANSCRIPTOMIC,BEIJING INSTITUTE OF BIOTECHNOLOGY,0,0,SAMN14589690,https://doi.org/10.3389/fmicb.2020.02040,YT medium,,37.0,,Stress-III,microgravity,R_wt,2,R_wt,,,True,,True,True,microgravity:R_wt,True,True,1
SRX8117099,8/21/20 10:07,691,Vibrio natriegens,691,1236,691,Vibrio natriegens,PAIRED,ILLUMINA,HiSeq X Ten,SRR11547054,SRP256396,PRJNA624924,624924,microgravity__R_wt__2,SAMN14589690,SRA1065490,RNA-Seq,cDNA,TRANSCRIPTOMIC,BEIJING INSTITUTE OF BIOTECHNOLOGY,0,0,SAMN14589690,https://doi.org/10.3389/fmicb.2020.02040,YT medium,,37.0,,Stress-III,microgravity,R_wt,2,R_wt,,,True,,True,True,microgravity:R_wt,True,True,2
SRX8117100,8/21/20 10:07,691,Vibrio natriegens,691,1236,691,Vibrio natriegens,PAIRED,ILLUMINA,HiSeq X Ten,SRR11547053,SRP256396,PRJNA624924,624924,microgravity__R_s__1,SAMN14589690,SRA1065490,RNA-Seq,cDNA,TRANSCRIPTOMIC,BEIJING INSTITUTE OF BIOTECHNOLOGY,0,0,SAMN14589690,https://doi.org/10.3389/fmicb.2020.02040,YT medium,,37.0,,Stress-III,microgravity,R_s,2,R_wt,,,True,,True,True,microgravity:R_s,True,True,1
SRX8117101,8/21/20 10:07,691,Vibrio natriegens,691,1236,691,Vibrio natriegens,PAIRED,ILLUMINA,HiSeq X Ten,SRR11547052,SRP256396,PRJNA624924,624924,microgravity__R_s__2,SAMN14589690,SRA1065490,RNA-Seq,cDNA,TRANSCRIPTOMIC,BEIJING INSTITUTE OF BIOTECHNOLOGY,0,0,SAMN14589690,https://doi.org/10.3389/fmicb.2020.02040,YT medium,,37.0,,Stress-III,microgravity,R_s,2,R_wt,,,True,,True,True,microgravity:R_s,True,True,2
SBRG_OSS_TfoXOver_Stat_1,na,1219067,Vibrio natriegens NBRC 15636 = ATCC 14048 = DSM 759,691,1236,1219067,Vibrio natriegens,SINGLE,ILLUMINA,Illumina NovaSeq 6000,,na,na,na,Competence_condition__OSS_TfoXOver_Stat__1,na,na,RNA-Seq,RANDOM,TRANSCRIPTOMIC,UCSD-SBRG,0,0,,,OSS,,30.0,Stationary,Competence-condition,Competence_condition,OSS_TfoXOver_Stat,2,OSS_VectorOnly_Stat,Vnat_data/VCi_HRS_Vnat_OSS__TfoX_Over_Stationary_Rep1_S41_L001_R1_001.fastq.gz,,True,,True,True,Competence_condition:OSS_TfoXOver_Stat,True,True,1
SBRG_OSS_TfoXOver_Stat_2,na,1219067,Vibrio natriegens NBRC 15636 = ATCC 14048 = DSM 759,691,1236,1219067,Vibrio natriegens,SINGLE,ILLUMINA,Illumina NovaSeq 6000,,na,na,na,Competence_condition__OSS_TfoXOver_Stat__2,na,na,RNA-Seq,RANDOM,TRANSCRIPTOMIC,UCSD-SBRG,0,0,,,OSS,,30.0,Stationary,Competence-condition,Competence_condition,OSS_TfoXOver_Stat,2,OSS_VectorOnly_Stat,Vnat_data/VCi_HRS_Vnat_OSS__TfoX_Over_Stationary_Rep2_S42_L001_R1_001.fastq.gz,,True,,True,True,Competence_condition:OSS_TfoXOver_Stat,True,True,2
SBRG_OSS_VectorOnly_Stat_1,na,1219067,Vibrio natriegens NBRC 15636 = ATCC 14048 = DSM 759,691,1236,1219067,Vibrio natriegens,SINGLE,ILLUMINA,Illumina NovaSeq 6000,,na,na,na,Competence_condition__OSS_VectorOnly_Stat__1,na,na,RNA-Seq,RANDOM,TRANSCRIPTOMIC,UCSD-SBRG,0,0,,,OSS,,30.0,Stationary,Competence-condition,Competence_condition,OSS_VectorOnly_Stat,2,OSS_VectorOnly_Stat,Vnat_data/VCi_HRS_Vnat_OSS__VectorOnly_Stationary_Rep1_S39_L001_R1_001.fastq.gz,,True,,True,True,Competence_condition:OSS_VectorOnly_Stat,True,True,1
SBRG_OSS_VectorOnly_Stat_2,na,1219067,Vibrio natriegens NBRC 15636 = ATCC 14048 = DSM 759,691,1236,1219067,Vibrio natriegens,SINGLE,ILLUMINA,Illumina NovaSeq 6000,,na,na,na,Competence_condition__OSS_VectorOnly_Stat__2,na,na,RNA-Seq,RANDOM,TRANSCRIPTOMIC,UCSD-SBRG,0,0,,,OSS,,30.0,Stationary,Competence-condition,Competence_condition,OSS_VectorOnly_Stat,2,OSS_VectorOnly_Stat,Vnat_data/VCi_HRS_Vnat_OSS__VectorOnly_Stationary_Rep2_S40_L001_R1_001.fastq.gz,,True,,True,True,Competence_condition:OSS_VectorOnly_Stat,True,True,2
SBRG_LBv2_TfoXOver_Recov_1,na,1219067,Vibrio natriegens NBRC 15636 = ATCC 14048 = DSM 759,691,1236,1219067,Vibrio natriegens,SINGLE,ILLUMINA,Illumina NovaSeq 6000,,na,na,na,Competence_Recovery__LBv2_TfoXOver_Recov__1,na,na,RNA-Seq,RANDOM,TRANSCRIPTOMIC,UCSD-SBRG,0,0,,,LBv2,,30.0,Recovery,Competence-Recovery,Competence_Recovery,LBv2_TfoXOver_Recov,2,LBv2_VectorOnly_Recov,Vnat_data/VCi_HRS_Vnat_LBv2__TfoX_Over_Recovery_Rep1_S45_L001_R1_001.fastq.gz,,True,,True,True,Competence_Recovery:LBv2_TfoXOver_Recov,True,True,1
SBRG_LBv2_TfoXOver_Recov_2,na,1219067,Vibrio natriegens NBRC 15636 = ATCC 14048 = DSM 759,691,1236,1219067,Vibrio natriegens,SINGLE,ILLUMINA,Illumina NovaSeq 6000,,na,na,na,Competence_Recovery__LBv2_TfoXOver_Recov__2,na,na,RNA-Seq,RANDOM,TRANSCRIPTOMIC,UCSD-SBRG,0,0,,,LBv2,,30.0,Recovery,Competence-Recovery,Competence_Recovery,LBv2_TfoXOver_Recov,2,LBv2_VectorOnly_Recov,Vnat_data/VCi_HRS_Vnat_LBv2__TfoX_Over_Recovery_Rep2_S46_L001_R1_001.fastq.gz,,True,,True,True,Competence_Recovery:LBv2_TfoXOver_Recov,True,True,2
SBRG_LBv2_VectorOnly_Recov_1,na,1219067,Vibrio natriegens NBRC 15636 = ATCC 14048 = DSM 759,691,1236,1219067,Vibrio natriegens,SINGLE,ILLUMINA,Illumina NovaSeq 6000,,na,na,na,Competence_Recovery__LBv2_VectorOnly_Recov__1,na,na,RNA-Seq,RANDOM,TRANSCRIPTOMIC,UCSD-SBRG,0,0,,,LBv2,,30.0,Recovery,Competence-Recovery,Competence_Recovery,LBv2_VectorOnly_Recov,2,LBv2_VectorOnly_Recov,Vnat_data/VCi_HRS_Vnat_LBv2__VectorOnly_Recovery_Rep1_S43_L001_R1_001.fastq.gz,,True,,True,True,Competence_Recovery:LBv2_VectorOnly_Recov,True,True,1
SBRG_LBv2_VectorOnly_Recov_2,na,1219067,Vibrio natriegens NBRC 15636 = ATCC 14048 = DSM 759,691,1236,1219067,Vibrio natriegens,SINGLE,ILLUMINA,Illumina NovaSeq 6000,,na,na,na,Competence_Recovery__LBv2_VectorOnly_Recov__2,na,na,RNA-Seq,RANDOM,TRANSCRIPTOMIC,UCSD-SBRG,0,0,,,LBv2,,30.0,Recovery,Competence-Recovery,Competence_Recovery,LBv2_VectorOnly_Recov,2,LBv2_VectorOnly_Recov,Vnat_data/VCi_HRS_Vnat_LBv2__VectorOnly_Recovery_Rep2_S44_L001_R1_001.fastq.gz,,True,,True,True,Competence_Recovery:LBv2_VectorOnly_Recov,True,True,2
