,Unnamed: 0,regulator,regulator_id,trn_type,direction,gene_name,gene_product,old_gene_id,new_gene_id,gene_id,source,evidence type
0,0,GabR,AB57_3729,TF,,gabT,,AB57_3728,AB57_RS18860,ABUW_0203,RegPrecise,homolog to AB0057
1,1,GabR,AB57_3729,TF,,gabD,,AB57_3727,AB57_RS18855,ABUW_0204,RegPrecise,homolog to AB0057
2,2,FabR,AB57_2890,TF,,hyIII,,AB57_3363,AB57_RS16965,ABUW_0632,RegPrecise,homolog to AB0057
3,3,FabR,AB57_2890,TF,,desB,,AB57_2885,AB57_RS14630,ABUW_1105,RegPrecise,homolog to AB0057
4,4,FabR,AB57_2890,TF,,fabR2,,AB57_2890,AB57_RS14640,ABUW_1103,RegPrecise,homolog to AB0057
5,5,NsrR,AB57_3536,TF,,hmp,,AB57_3535,AB57_RS17875,ABUW_0401,RegPrecise,homolog to AB0057
6,6,NsrR,AB57_3536,TF,,nsrR,,AB57_3536,AB57_RS17880,ABUW_0400,RegPrecise,homolog to AB0057
7,7,NrtR,AB57_2113,TF,,prs,,AB57_2115,AB57_RS10765,ABUW_1942,RegPrecise,homolog to AB0057
8,8,NrtR,AB57_2113,TF,,nadV,,AB57_2114,AB57_RS10760,ABUW_1943,RegPrecise,homolog to AB0057
9,9,NrtR,AB57_2113,TF,,nrtR,,AB57_2113,AB57_RS10755,ABUW_1944,RegPrecise,homolog to AB0057
10,10,NrdR,AB57_0311,TF,,nrdA,,AB57_0794,AB57_RS04125,ABUW_3183,RegPrecise,homolog to AB0057
11,11,NrdR,AB57_0311,TF,,,,AB57_0793,AB57_RS04120,ABUW_3184,RegPrecise,homolog to AB0057
12,12,NrdR,AB57_0311,TF,,nrdB,,AB57_0792,AB57_RS04115,ABUW_3185,RegPrecise,homolog to AB0057
13,13,Zur,AB57_0184,TF,,yciC,,AB57_3864,AB57_RS19515,ABUW_0073,RegPrecise,homolog to AB0057
14,14,Zur,AB57_0184,TF,,znuA,,AB57_0185,AB57_RS00940,ABUW_3740,RegPrecise,homolog to AB0057
15,15,Zur,AB57_0184,TF,,omr1,,AB57_3396,AB57_RS17125,ABUW_0600,RegPrecise,homolog to AB0057
16,16,Zur,AB57_0184,TF,,zur,,AB57_0184,AB57_RS00935,ABUW_3741,RegPrecise,homolog to AB0057
17,17,Zur,AB57_0184,TF,,znuC,,AB57_0183,AB57_RS00930,ABUW_3742,RegPrecise,homolog to AB0057
18,18,Zur,AB57_0184,TF,,znuB,,AB57_0182,AB57_RS00925,ABUW_3743,RegPrecise,homolog to AB0057
19,19,Zur,AB57_0184,TF,,omr3,,AB57_0135,AB57_RS00685,ABUW_3792,RegPrecise,homolog to AB0057
20,20,Zur,AB57_0184,TF,,rpmE2,,AB57_0468,AB57_RS02490,ABUW_3490,RegPrecise,homolog to AB0057
21,21,LldR,AB57_0117,TF,,lldR,,AB57_0117,AB57_RS00580,ABUW_3813,RegPrecise,homolog to AB0057
22,22,LldR,AB57_0117,TF,,lldD,,AB57_0118,AB57_RS00585,ABUW_3812,RegPrecise,homolog to AB0057
23,23,LldR,AB57_0117,TF,,dld,,AB57_0119,AB57_RS00590,ABUW_3811,RegPrecise,homolog to AB0057
24,24,PrpR,AB57_0121,TF,,prpR,,AB57_0121,AB57_RS00605,ABUW_3809,RegPrecise,homolog to AB0057
25,25,PrpR,AB57_0121,TF,,prpB,,AB57_0122,AB57_RS00610,ABUW_3808,RegPrecise,homolog to AB0057
26,26,PrpR,AB57_0121,TF,,prpC,,AB57_0123,AB57_RS00615,ABUW_3807,RegPrecise,homolog to AB0057
27,27,PrpR,AB57_0121,TF,,acnD,,AB57_0124,AB57_RS00620,ABUW_3806,RegPrecise,homolog to AB0057
28,28,HutC,AB57_3862,TF,,COG1457 (CodB),,AB57_1739,AB57_RS08875,ABUW_2318,RegPrecise,homolog to AB0057
29,29,HutC,AB57_3862,TF,,hutU,,AB57_3860,AB57_RS19495,ABUW_0077,RegPrecise,homolog to AB0057
30,30,HutC,AB57_3862,TF,,hutH,,AB57_3859,AB57_RS19490,ABUW_0078,RegPrecise,homolog to AB0057
31,31,HutC,AB57_3862,TF,,hisT,,AB57_3858,AB57_RS19485,ABUW_0079,RegPrecise,homolog to AB0057
32,32,HutC,AB57_3862,TF,,hutI,,AB57_3857,AB57_RS19480,ABUW_0080,RegPrecise,homolog to AB0057
33,33,HutC,AB57_3862,TF,,hutG2,,AB57_3856,AB57_RS19475,ABUW_0081,RegPrecise,homolog to AB0057
34,34,HutC,AB57_3862,TF,,hutC,,AB57_3862,AB57_RS19505,ABUW_0075,RegPrecise,homolog to AB0057
35,35,HutC,AB57_3862,TF,,hutD,,AB57_3861,AB57_RS19500,ABUW_0076,RegPrecise,homolog to AB0057
36,36,IscR,AB57_1857,TF,,iscR,,AB57_1857,AB57_RS09455,ABUW_2201,RegPrecise,homolog to AB0057
37,37,IscR,AB57_1857,TF,,iscS,,AB57_1856,AB57_RS09450,ABUW_2202,RegPrecise,homolog to AB0057
38,38,IscR,AB57_1857,TF,,iscU,,AB57_1855,AB57_RS09445,ABUW_2203,RegPrecise,homolog to AB0057
39,39,IscR,AB57_1857,TF,,iscA,,AB57_1854,AB57_RS09440,ABUW_2204,RegPrecise,homolog to AB0057
40,40,IscR,AB57_1857,TF,,hscB,,AB57_1853,AB57_RS09435,ABUW_2205,RegPrecise,homolog to AB0057
41,41,IscR,AB57_1857,TF,,hscA,,AB57_1852,AB57_RS09430,ABUW_2206,RegPrecise,homolog to AB0057
42,42,IscR,AB57_1857,TF,,fdx,,AB57_1851,AB57_RS09425,ABUW_2207,RegPrecise,homolog to AB0057
43,43,NtrC,AB57_2324,TF,,ntrB,,AB57_2323,AB57_RS11795,ABUW_1733,RegPrecise,homolog to AB0057
44,44,NtrC,AB57_2324,TF,,ntrC,,AB57_2324,AB57_RS11800,ABUW_1732,RegPrecise,homolog to AB0057
45,45,NtrC,AB57_2324,TF,,gltB,,AB57_3640,AB57_RS18375,ABUW_0298,RegPrecise,homolog to AB0057
46,46,NtrC,AB57_2324,TF,,gltD,,AB57_3639,AB57_RS18370,ABUW_0299,RegPrecise,homolog to AB0057
47,47,NtrC,AB57_2324,TF,,glnA,,AB57_2783,AB57_RS14140,ABUW_1207,RegPrecise,homolog to AB0057
48,48,NtrC,AB57_2324,TF,,gdhA,,AB57_1107,AB57_RS05690,ABUW_2869,RegPrecise,homolog to AB0057
49,49,ModE,AB57_1979,TF,,modA,,AB57_1980,AB57_RS10060,ABUW_2079,RegPrecise,homolog to AB0057
50,50,ModE,AB57_1979,TF,,modB,,AB57_1981,AB57_RS10065,ABUW_2078,RegPrecise,homolog to AB0057
51,51,ModE,AB57_1979,TF,,modC,,AB57_1982,AB57_RS10070,ABUW_2077,RegPrecise,homolog to AB0057
52,52,RutR,AB57_0065,TF,,rutG2,,AB57_3907,AB57_RS19730,ABUW_0030,RegPrecise,homolog to AB0057
53,53,VanR,AB57_1198,TF,,vanA,,AB57_1200,AB57_RS06180,ABUW_2773,RegPrecise,homolog to AB0057
54,54,VanR,AB57_1198,TF,,vanB,,AB57_1199,AB57_RS06175,ABUW_2774,RegPrecise,homolog to AB0057
55,55,VanR,AB57_1198,TF,,vanK,,AB57_1201,AB57_RS06185,ABUW_2772,RegPrecise,homolog to AB0057
56,56,VanR,AB57_1198,TF,,vanP,,AB57_1202,AB57_RS06190,ABUW_2771,RegPrecise,homolog to AB0057
57,57,PhnR,AB57_1567,TF,,phnS,,AB57_1568,AB57_RS08045,ABUW_2485,RegPrecise,homolog to AB0057
58,58,PhnR,AB57_1567,TF,,phnT,,AB57_1569,AB57_RS08050,ABUW_2484,RegPrecise,homolog to AB0057
59,59,PhnR,AB57_1567,TF,,phnU,,AB57_1570,AB57_RS08055,ABUW_2483,RegPrecise,homolog to AB0057
60,60,PhnR,AB57_1567,TF,,phnW,,AB57_1572,AB57_RS08065,ABUW_2481,RegPrecise,homolog to AB0057
61,61,PhnR,AB57_1567,TF,,phnX,,AB57_1573,AB57_RS08070,ABUW_2480,RegPrecise,homolog to AB0057
62,62,TPP,,RNA,,thiC,,AB57_0340,AB57_RS01825,ABUW_3624,RegPrecise,homolog to AB0057
63,63,FMN,,RNA,,ribB,,AB57_0876,AB57_RS04525,ABUW_3103,RegPrecise,homolog to AB0057
64,64,SoxR,AB57_1503,TF,,PF01042,,AB57_0668,AB57_RS03455,ABUW_3316,RegPrecise,homolog to AB0057
65,65,SoxR,AB57_1503,TF,,PF07690,,AB57_0667,AB57_RS03450,ABUW_3317,RegPrecise,homolog to AB0057
66,66,CueR,AB57_1354,TF,,copA,,AB57_1353,AB57_RS06945,ABUW_2707,RegPrecise,homolog to AB0057
67,67,CueR,AB57_1354,TF,,cueR,,AB57_1354,AB57_RS06950,ABUW_2706,RegPrecise,homolog to AB0057
68,68,CueR,AB57_1354,TF,,copZ,,AB57_1352,AB57_RS06940,ABUW_2708,RegPrecise,homolog to AB0057
69,69,CadR-PbrR,AB57_1124,TF,,czcD,,AB57_1125,AB57_RS05780,ABUW_2851,RegPrecise,homolog to AB0057
70,70,SAH_riboswitch,,RNA,,ahcY,,AB57_2767,AB57_RS14045,ABUW_1224,RegPrecise,homolog to AB0057
71,71,SAH_riboswitch,,RNA,,metF,,AB57_2768,AB57_RS14050,ABUW_1223,RegPrecise,homolog to AB0057
72,72,SAH_riboswitch,,RNA,,COG1385,,AB57_2769,AB57_RS14055,ABUW_1222,RegPrecise,homolog to AB0057
73,73,AB57_1945,AB57_1945,TF,,AB57_1945,,AB57_1945,AB57_RS09885,ABUW_2114,RegPrecise,homolog to AB0057
74,74,AB57_1945,AB57_1945,TF,,PA2298,,AB57_1946,AB57_RS09890,ABUW_2113,RegPrecise,homolog to AB0057
75,75,AB57_1945,AB57_1945,TF,,PA2297,,AB57_1947,AB57_RS09895,ABUW_2112,RegPrecise,homolog to AB0057
76,76,AB57_1945,AB57_1945,TF,,PA2296,,AB57_1948,AB57_RS09900,ABUW_2111,RegPrecise,homolog to AB0057
77,77,AB57_1945,AB57_1945,TF,,PA2295,,AB57_1949,AB57_RS09905,ABUW_2110,RegPrecise,homolog to AB0057
78,78,AB57_1945,AB57_1945,TF,,PA2294,,AB57_1950,AB57_RS09910,ABUW_2109,RegPrecise,homolog to AB0057
79,79,AB57_1945,AB57_1945,TF,,PA2293,,AB57_1951,AB57_RS09915,ABUW_2108,RegPrecise,homolog to AB0057
80,80,AB57_1945,AB57_1945,TF,,PA2292,,AB57_1952,AB57_RS09920,ABUW_2107,RegPrecise,homolog to AB0057
81,81,ACIAD1897,AB57_2342,TF,,COG697,,AB57_2340,AB57_RS11885,ABUW_1716,RegPrecise,homolog to AB0057
82,82,PdxW2,AB57_1649,TF,,pdxO2,,AB57_1650,AB57_RS08445,ABUW_2405,RegPrecise,homolog to AB0057
83,83,PdxW2,AB57_1649,TF,,PF00583,,AB57_1651,AB57_RS08450,ABUW_2404,RegPrecise,homolog to AB0057
84,84,AB57_2651,AB57_2651,TF,,phzF,,AB57_2650,AB57_RS13440,ABUW_1347,RegPrecise,homolog to AB0057
85,85,AB57_0242,AB57_0242,TF,,COG0235,,AB57_0241,AB57_RS01220,ABUW_3681,RegPrecise,homolog to AB0057
86,86,AB57_0242,AB57_0242,TF,,COG0329,,AB57_0240,AB57_RS01215,ABUW_3682,RegPrecise,homolog to AB0057
87,87,YdcR,AB57_1664,TF,,AB57_1669,,AB57_1669,AB57_RS08535,ABUW_2387,RegPrecise,homolog to AB0057
88,88,YdcR,AB57_1664,TF,,PF01654,,AB57_1667,AB57_RS08525,ABUW_2389,RegPrecise,homolog to AB0057
89,89,YdcR,AB57_1664,TF,,PF02322,,AB57_1666,AB57_RS08520,ABUW_2390,RegPrecise,homolog to AB0057
90,90,ACIAD3613,AB57_3892,TF,,AB57_3895,,AB57_3895,AB57_RS19665,ABUW_0044,RegPrecise,homolog to AB0057
91,91,AdeR,,TCS,,adeA,,,,ABUW_1974,DOI 10.1128/mBio.00430-16,differential expression in AYE
92,92,AdeR,,TCS,,adeB,,,,ABUW_1975,DOI 10.1128/mBio.00430-16,differential expression in AYE
93,93,AdeR,,TCS,,adeC,,,,ABUW_1976,DOI 10.1128/mBio.00430-16,differential expression in AYE
94,94,BaeS-BaeR,,TCS,,adeA,,,,ABUW_1974,DOI 10.1186/1471-2180-14-119,differential expression in ATCC 17978
95,95,BaeS-BaeR,,TCS,,adeB,,,,ABUW_1975,DOI 10.1186/1471-2180-14-119,differential expression in ATCC 17978
96,96,BaeS-BaeR,,TCS,,adeC,,,,ABUW_1976,DOI 10.1186/1471-2180-14-119,differential expression in ATCC 17978
97,97,GacA,GacS: ABUW_3306/GacA: ABUW_3639,TCS,,paaB,,,,ABUW_2529,DOI 10.https://doi.org/10.1093/infdis/jiu024,differential expression in ATCC 17978
98,98,GacA,GacS: ABUW_3306/GacA: ABUW_3639,TCS,,paaC,,,,ABUW_2528,DOI 10.https://doi.org/10.1093/infdis/jiu024,differential expression in ATCC 17978
99,99,GacA,GacS: ABUW_3306/GacA: ABUW_3639,TCS,,paaE,,,,ABUW_2527,DOI 10.https://doi.org/10.1093/infdis/jiu024,differential expression in ATCC 17978
100,100,GacA,GacS: ABUW_3306/GacA: ABUW_3639,TCS,,paaF,,,,ABUW_2526,DOI 10.https://doi.org/10.1093/infdis/jiu024,differential expression in ATCC 17978
101,101,GacA,GacS: ABUW_3306/GacA: ABUW_3639,TCS,,paaG,,,,ABUW_2535,DOI 10.https://doi.org/10.1093/infdis/jiu024,differential expression in ATCC 17978
102,102,GacA,GacS: ABUW_3306/GacA: ABUW_3639,TCS,,paaH,,,,ABUW_2534,DOI 10.https://doi.org/10.1093/infdis/jiu024,differential expression in ATCC 17978
103,103,GacA,GacS: ABUW_3306/GacA: ABUW_3639,TCS,,paaJ,,,,ABUW_2532,DOI 10.https://doi.org/10.1093/infdis/jiu024,differential expression in ATCC 17978
104,104,GacA,GacS: ABUW_3306/GacA: ABUW_3639,TCS,,paaK,,,,ABUW_2531,DOI 10.https://doi.org/10.1093/infdis/jiu024,differential expression in ATCC 17978
105,105,GacA,GacS: ABUW_3306/GacA: ABUW_3639,TCS,,paaX,,,,ABUW_2525,DOI 10.https://doi.org/10.1093/infdis/jiu024,differential expression in ATCC 17978
106,106,GacA,GacS: ABUW_3306/GacA: ABUW_3639,TCS,,paaY,,,,ABUW_2524,DOI 10.https://doi.org/10.1093/infdis/jiu024,differential expression in ATCC 17978
107,107,GacA,GacS: ABUW_3306/GacA: ABUW_3639,TCS,,paaI1,,,,ABUW_2523,DOI 10.https://doi.org/10.1093/infdis/jiu024,differential expression in ATCC 17978
108,108,GacA,GacS: ABUW_3306/GacA: ABUW_3639,TCS,,paaI2,,,,ABUW_2533,DOI 10.https://doi.org/10.1093/infdis/jiu024,differential expression in ATCC 17978
109,109,UmuDAb,A1S_1389,TF,,umuD,,A1S_0636,,ABUW_2431,DOI 10.1186/1471-2180-14-119,differential expression and EMSA in ATCC 17978
110,110,UmuDAb,A1S_1389,TF,,umuC,,A1S_0637,,ABUW_1699,DOI 10.1186/1471-2180-14-119,differential expression and EMSA in ATCC 17978
111,111,UmuDAb,A1S_1389,TF,,umuD,,A1S_1174,,ABUW_2431,DOI 10.1186/1471-2180-14-119,differential expression and EMSA in ATCC 17978
112,112,UmuDAb,A1S_1389,TF,,umuC,,A1S_1173,,ABUW_1706,DOI 10.1186/1471-2180-14-119,differential expression and EMSA in ATCC 17978
113,113,UmuDAb,A1S_1389,TF,,ddrR,,A1S_1388,,ABUW_2432,DOI 10.1186/1471-2180-14-119,differential expression and EMSA in ATCC 17978
114,114,UmuDAb,A1S_1389,TF,,umuDAb,,A1S_1389,,ABUW_2431,DOI 10.1186/1471-2180-14-119,differential expression and EMSA in ATCC 17978
115,115,UmuDAb,A1S_1389,TF,,umuC,,A1S_2008,,ABUW_1699,DOI 10.1186/1471-2180-14-119,differential expression and EMSA in ATCC 17978
116,116,UmuDAb,A1S_1389,TF,,umuC,,A1S_2015,,ABUW_1699,DOI 10.1186/1471-2180-14-119,differential expression and EMSA in ATCC 17978
117,117,AdeL,ABUW_1338,TF,-,adeF,,,,ABUW_1336,DOI 10.1128/AAC.00155-10,differential expression in another AB strain
118,118,AdeL,ABUW_1338,TF,-,adeG,,,,ABUW_1335,DOI 10.1128/AAC.00155-10,differential expression in another AB strain
119,119,AdeL,ABUW_1338,TF,-,adeH,,,,ABUW_1334,DOI 10.1128/AAC.00155-10,differential expression in another AB strain
120,120,AdeN,ABUW_1731,TF,-,adeI,,,,ABUW_0844,DOI 10.1128/AAC.06422-11,differential expression in another AB strain
121,121,AdeN,ABUW_1731,TF,-,adeJ,,,,ABUW_0843,DOI 10.1128/AAC.06422-11,differential expression in another AB strain
122,122,AdeN,ABUW_1731,TF,-,adeK,,,,ABUW_0842,DOI 10.1128/AAC.06422-11,differential expression in another AB strain
123,123,Fur,ABUW_3033,TF,,,,A1S_0416,,ABUW_3465,DOI 10.1186/1471-2164-12-126 ,Genes that contain a predicted Fur box domain with differential expression in iron depleted conditions (microarray)
124,124,Fur,ABUW_3033,TF,,,,A1S_2382,,ABUW_1179,DOI 10.1186/1471-2164-12-126 ,Genes that contain a predicted Fur box domain with differential expression in iron depleted conditions (microarray)
125,125,Fur,ABUW_3033,TF,,,,A1S_2391,,ABUW_1169,DOI 10.1186/1471-2164-12-126 ,Genes that contain a predicted Fur box domain with differential expression in iron depleted conditions (microarray)
126,126,Fur,ABUW_3033,TF,,,,A1S_2582,,ABUW_1238,DOI 10.1186/1471-2164-12-126 ,Genes that contain a predicted Fur box domain with differential expression in iron depleted conditions (microarray)
127,127,Fur,ABUW_3033,TF,,,,A1S_2278,,ABUW_1364,DOI 10.1186/1471-2164-12-126 ,Genes that contain a predicted Fur box domain with differential expression in iron depleted conditions (microarray)
128,128,Fur,ABUW_3033,TF,,,,A1S_2372,,ABUW_1188,DOI 10.1186/1471-2164-12-126 ,Genes that contain a predicted Fur box domain with differential expression in iron depleted conditions (microarray)
129,129,Fur,ABUW_3033,TF,,,,A1S_0242,,ABUW_3633,DOI 10.1186/1471-2164-12-126 ,Genes that contain a predicted Fur box domain with differential expression in iron depleted conditions (microarray)
130,130,Fur,ABUW_3033,TF,,,,A1S_3174,,ABUW_0307,DOI 10.1186/1471-2164-12-126 ,Genes that contain a predicted Fur box domain with differential expression in iron depleted conditions (microarray)
131,131,Fur,ABUW_3033,TF,,,,A1S_1647,,ABUW_2189,DOI 10.1186/1471-2164-12-126 ,Genes that contain a predicted Fur box domain with differential expression in iron depleted conditions (microarray)
132,132,Fur,ABUW_3033,TF,,,,A1S_1657,,ABUW_2178,DOI 10.1186/1471-2164-12-126 ,Genes that contain a predicted Fur box domain with differential expression in iron depleted conditions (microarray)
133,133,Fur,ABUW_3033,TF,,,,A1S_1667,,ABUW_2165,DOI 10.1186/1471-2164-12-126 ,Genes that contain a predicted Fur box domain with differential expression in iron depleted conditions (microarray)
134,134,Fur,ABUW_3033,TF,,,,A1S_3339,,ABUW_0143,DOI 10.1186/1471-2164-12-126 ,Genes that contain a predicted Fur box domain with differential expression in iron depleted conditions (microarray)
135,135,Fur,ABUW_3033,TF,,,,A1S_2566,,ABUW_1177,DOI 10.1186/1471-2164-12-126 ,Genes that contain a predicted Fur box domain with differential expression in iron depleted conditions (microarray)
136,136,Fur,ABUW_3033,TF,,,,A1S_2080,,ABUW_1646,DOI 10.1186/1471-2164-12-126 ,Genes that contain a predicted Fur box domain with differential expression in iron depleted conditions (microarray)
137,137,Fur,ABUW_3033,TF,,,,A1S_0980,,ABUW_2916,DOI 10.1186/1471-2164-12-126 ,Genes that contain a predicted Fur box domain with differential expression in iron depleted conditions (microarray)
138,138,Fur,ABUW_3033,TF,,,,A1S_3324,,ABUW_0159,DOI 10.1186/1471-2164-12-126 ,Genes that contain a predicted Fur box domain with differential expression in iron depleted conditions (microarray)
139,139,Fur,ABUW_3033,TF,,,,A1S_2392,,ABUW_1168,DOI 10.1186/1471-2164-12-126 ,Genes that contain a predicted Fur box domain with differential expression in iron depleted conditions (microarray)
140,140,Fur,ABUW_3033,TF,,,,A1S_2077,,ABUW_1655,DOI 10.1186/1471-2164-12-126 ,Genes that contain a predicted Fur box domain with differential expression in iron depleted conditions (microarray)
141,141,Fur,ABUW_3033,TF,,,,A1S_2078/A1S_2650,,ABUW_1654,DOI 10.1186/1471-2164-12-126 ,Genes that contain a predicted Fur box domain with differential expression in iron depleted conditions (microarray)
142,142,Fur,ABUW_3033,TF,,,,A1S_0474,,ABUW_3403,DOI 10.1186/1471-2164-12-126 ,Genes that contain a predicted Fur box domain with differential expression in iron depleted conditions (microarray)
143,143,Fur,ABUW_3033,TF,,,,A1S_2123,,ABUW_1598,DOI 10.1186/1471-2164-12-126 ,Genes that contain a predicted Fur box domain with differential expression in iron depleted conditions (microarray)
144,144,Fur,ABUW_3033,TF,,,,A1S_2667,,ABUW_0914,DOI 10.1186/1471-2164-12-126 ,Genes that contain a predicted Fur box domain with differential expression in iron depleted conditions (microarray)
145,145,Fur,ABUW_3033,TF,,,,A1S_2581,,ABUW_1188,DOI 10.1186/1471-2164-12-126 ,Genes that contain a predicted Fur box domain with differential expression in iron depleted conditions (microarray)
146,146,Fur,ABUW_3033,TF,,,,A1S_1510,,ABUW_2310,DOI 10.1186/1471-2164-12-126 ,Genes that contain a predicted Fur box domain with differential expression in iron depleted conditions (microarray)
147,147,Fur,ABUW_3033,TF,,,,A1S_1384,,ABUW_2438,DOI 10.1186/1471-2164-12-126 ,Genes that contain a predicted Fur box domain with differential expression in iron depleted conditions (microarray)
148,148,Fur,ABUW_3033,TF,,,,A1S_1385,,ABUW_2437,DOI 10.1186/1471-2164-12-126 ,Genes that contain a predicted Fur box domain with differential expression in iron depleted conditions (microarray)
149,149,Fur,ABUW_3033,TF,,,,A1S_1921,,ABUW_1800,DOI 10.1186/1471-2164-12-126 ,Genes that contain a predicted Fur box domain with differential expression in iron depleted conditions (microarray)
150,151,Fur,ABUW_3033,TF,,,,A1S_0171,,ABUW_3718,DOI 10.1186/1471-2164-12-126 ,Genes that contain a predicted Fur box domain with differential expression in iron depleted conditions (microarray)
151,152,Fur,ABUW_3033,TF,,,,A1S_0371,,ABUW_3508,DOI 10.1186/1471-2164-12-126 ,Genes that contain a predicted Fur box domain with differential expression in iron depleted conditions (microarray)
152,154,Fur,ABUW_3033,TF,,,,A1S_2271,,ABUW_0651,DOI 10.1186/1471-2164-12-126 ,Genes that contain a predicted Fur box domain with differential expression in iron depleted conditions (microarray)
153,155,Fur,ABUW_3033,TF,,,,A1S_2567,,ABUW_1186,DOI 10.1186/1471-2164-12-126 ,Genes that contain a predicted Fur box domain with differential expression in iron depleted conditions (microarray)
154,156,Fur,ABUW_3033,TF,,,,A1S_0452,,ABUW_3426,DOI 10.1186/1471-2164-12-126 ,Genes that contain a predicted Fur box domain with differential expression in iron depleted conditions (microarray)
155,159,Fur,ABUW_3033,TF,,,,A1S_2798,,ABUW_0698,DOI 10.1186/1471-2164-12-126 ,Genes that contain a predicted Fur box domain with differential expression in iron depleted conditions (microarray)
156,160,Fur,ABUW_3033,TF,,,,A1S_1896,,ABUW_1829,DOI 10.1186/1471-2164-12-126 ,Genes that contain a predicted Fur box domain with differential expression in iron depleted conditions (microarray)
157,161,Fur,ABUW_3033,TF,,,,A1S_1897,,ABUW_1828,DOI 10.1186/1471-2164-12-126 ,Genes that contain a predicted Fur box domain with differential expression in iron depleted conditions (microarray)
158,164,Fur,ABUW_3033,TF,,,,A1S_0799,,ABUW_3127,DOI 10.1186/1471-2164-12-126 ,Genes that contain a predicted Fur box domain with differential expression in iron depleted conditions (microarray)
159,165,Fur,ABUW_3033,TF,,,,A1S_0800,,ABUW_0306,DOI 10.1186/1471-2164-12-126 ,Genes that contain a predicted Fur box domain with differential expression in iron depleted conditions (microarray)
160,170,Fur,ABUW_3033,TF,,,,A1S_1488,,ABUW_2335,DOI 10.1186/1471-2164-12-126 ,Genes that contain a predicted Fur box domain with differential expression in iron depleted conditions (microarray)
161,172,Fur,ABUW_3033,TF,,,,A1S_3175,,ABUW_0306,DOI 10.1186/1471-2164-12-126 ,Genes that contain a predicted Fur box domain with differential expression in iron depleted conditions (microarray)
162,173,Fur,ABUW_3033,TF,,,,A1S_0110,,ABUW_3775,DOI 10.1186/1471-2164-12-126 ,Genes that contain a predicted Fur box domain with differential expression in iron depleted conditions (microarray)
163,176,Fur,ABUW_3033,TF,,,,A1S_1005,,ABUW_2890,DOI 10.1186/1471-2164-12-126 ,Genes that contain a predicted Fur box domain with differential expression in iron depleted conditions (microarray)
164,184,Fur,ABUW_3033,TF,,,,A1S_1063,,ABUW_2828,DOI 10.1186/1471-2164-12-126 ,Genes that contain a predicted Fur box domain with differential expression in iron depleted conditions (microarray)
165,187,Fur,ABUW_3033,TF,,,,A1S_2157,,ABUW_1564,DOI 10.1186/1471-2164-12-126 ,Genes that contain a predicted Fur box domain with differential expression in iron depleted conditions (microarray)
166,190,Fur,ABUW_3033,TF,,,,A1S_2230,,ABUW_1466,DOI 10.1186/1471-2164-12-126 ,Genes that contain a predicted Fur box domain with differential expression in iron depleted conditions (microarray)
167,194,Fur,ABUW_3033,TF,,,,A1S_3231,,ABUW_0255,DOI 10.1186/1471-2164-12-126 ,Genes that contain a predicted Fur box domain with differential expression in iron depleted conditions (microarray)
168,197,BfmR,ABUW_3181/ABUW_3180,TCS,,csuA,,,,ABUW_1488,DOI 10.1099/mic.0.2008/019471-0,Differential expression of csuA and csuB in 19606  - the rest are part of the operon
169,198,BfmR,ABUW_3181/ABUW_3180,TCS,,csuB,,,,ABUW_1489,DOI 10.1099/mic.0.2008/019471-0,Differential expression of csuA and csuB in 19606  - the rest are part of the operon
170,199,GacA,A1S_0574,TCS,,csuB,,A1S_2216,,ABUW_1489,DOI https://doi.org/10.1093/infdis/jiu024 ,Differential expression in ATCC 17978 
171,200,GacA,A1S_0574,TCS,,csuC,,A1S_2215,,ABUW_1490,DOI https://doi.org/10.1093/infdis/jiu024 ,Differential expression in ATCC 17978 
172,201,GacA,A1S_0574,TCS,,ompA/motB,,A1S_1193,,ABUW_2730,DOI https://doi.org/10.1093/infdis/jiu024 ,Differential expression in ATCC 17978 
173,202,GacA,A1S_0574,TCS,,algZ,,A1S_0260,,ABUW_3616,DOI https://doi.org/10.1093/infdis/jiu024 ,Differential expression in ATCC 17978 
174,203,GacA,A1S_0574,TCS,,,,A1S_1507,,ABUW_2312,DOI https://doi.org/10.1093/infdis/jiu024 ,Differential expression in ATCC 17978 
175,204,GacA,A1S_0574,TCS,,astE,,A1S_3128,,ABUW_0355,DOI https://doi.org/10.1093/infdis/jiu024 ,Differential expression in ATCC 17978 
176,205,GacA,A1S_0574,TCS,,astB,,A1S_3129,,ABUW_0354,DOI https://doi.org/10.1093/infdis/jiu024 ,Differential expression in ATCC 17978 
177,206,GacA,A1S_0574,TCS,,astD,,A1S_3130,,ABUW_0353,DOI https://doi.org/10.1093/infdis/jiu024 ,Differential expression in ATCC 17978 
178,207,GacA,A1S_0574,TCS,,astA,,A1S_3131,,ABUW_0352,DOI https://doi.org/10.1093/infdis/jiu024 ,Differential expression in ATCC 17978 
179,208,SoxR,ABAYE2390,TF,,abuO/tolC,,ABAYE3514,,ABUW_3620,DOI 10.1128/AAC.03626-14 ,Binding assays in AYE
180,209,Zur,A1S_0144,TF,-,zur,,A1S_0144,,ABUW_3742,doi: 10.1128/JB.01650-14,EMSA and differential expression in ATCC 17978
181,210,Zur,A1S_0144,TF,-,znuD1,,A1S_2892,,ABUW_0600,doi: 10.1128/JB.01650-14,EMSA and differential expression in ATCC 17978
182,211,Zur,A1S_0144,TF,-,tonBZn,,A1S_0452,,ABUW_3426,doi: 10.1128/JB.01650-14,EMSA and differential expression in ATCC 17978
183,212,Zur,A1S_0144,TF,-,mlaE,,A1S_3103,,ABUW_0384,doi: 10.1128/JB.01650-14,EMSA and differential expression in ATCC 17978
184,213,Zur,A1S_0144,TF,-,,,A1S_3411,,ABUW_0073,doi: 10.1128/JB.01650-14,EMSA and differential expression in ATCC 17978
185,214,Zur,A1S_0144,TF,-,,,A1S_3412,,ABUW_0072,doi: 10.1128/JB.01650-14,EMSA and differential expression in ATCC 17978
186,215,mumR,A1S_1265/ABUW_2608,TF,,mumT,,A1S_1266,,ABUW_2607,DOI 10.1128/mBio.01475-16 ,differential expression expression
187,216,mumR,A1S_1265/ABUW_2608,TF,,mumL,,A1S_1267,,ABUW_2606,DOI 10.1128/mBio.01475-16 ,differential expression expression
188,217,mumR,A1S_1265/ABUW_2608,TF,,mumU,,A1S_1268,,ABUW_2605,DOI 10.1128/mBio.01475-16 ,differential expression expression
189,218,mumR,A1S_1265/ABUW_2608,TF,,mumH,,A1S_1269,,ABUW_2604,DOI 10.1128/mBio.01475-16 ,differential expression expression
190,219,mumR,A1S_1265/ABUW_2608,TF,,mumC,,A1S_1270,,ABUW_2603,DOI 10.1128/mBio.01475-16 ,differential expression expression
191,220,BfmR,ABUW_3181/ABUW_3180,TCS,,csuC,,,,ABUW_1490,DOI 10.1099/mic.0.2008/019471-0,Differential expression of csuA and csuB in 19606  - the rest are part of the operon
192,221,BfmR,ABUW_3181/ABUW_3180,TCS,,csuD,,,,ABUW_1491,DOI 10.1099/mic.0.2008/019471-0,Differential expression of csuA and csuB in 19606  - the rest are part of the operon
193,222,BfmR,ABUW_3181/ABUW_3180,TCS,,csuE,,,,ABUW_1492,DOI 10.1099/mic.0.2008/019471-0,Differential expression of csuA and csuB in 19606  - the rest are part of the operon
194,223,BfmR,ABUW_3181/ABUW_3180,TCS,,csuA/B,,,,ABUW_1487,DOI 10.1099/mic.0.2008/019471-0,Differential expression of csuA and csuB in 19606  - the rest are part of the operon
195,224,KpdE,ABUW_1584/ABUW_1585,TCS,,kdpA,,,,ABUW_1581,DOI https://doi.org/10.1093/infdis/jiw476,differential expression 
196,225,KpdE,ABUW_1584/ABUW_1585,TCS,,kdpB,,,,ABUW_1582,DOI https://doi.org/10.1093/infdis/jiw476,differential expression 
197,226,KpdE,ABUW_1584/ABUW_1585,TCS,,kdpC,,,,ABUW_1583,DOI https://doi.org/10.1093/infdis/jiw476,differential expression 
198,227,Phage region 1,Psuedo_Dobby_NC_048109,Phage region,,,integrase,,,ABUW_0538,PHASTer,
199,228,Phage region 1,Psuedo_Dobby_NC_048109,Phage region,,,hypothetical protein,,,ABUW_0539,PHASTer,
200,229,Phage region 1,Psuedo_Dobby_NC_048109,Phage region,,,hypothetical protein,,,ABUW_0540,PHASTer,
201,230,Phage region 1,Psuedo_Dobby_NC_048109,Phage region,,,DNA exonuclease,,,ABUW_0541,PHASTer,
202,231,Phage region 1,Psuedo_Dobby_NC_048109,Phage region,,,single-stranded DNA-binding protein,,,ABUW_0542,PHASTer,
203,232,Phage region 1,Psuedo_Dobby_NC_048109,Phage region,,,hypothetical protein,,,ABUW_0543,PHASTer,
204,233,Phage region 1,Psuedo_Dobby_NC_048109,Phage region,,,hypothetical protein,,,ABUW_0544,PHASTer,
205,234,Phage region 1,Psuedo_Dobby_NC_048109,Phage region,,,hypothetical protein,,,ABUW_0545,PHASTer,
206,235,Phage region 1,Psuedo_Dobby_NC_048109,Phage region,,,hypothetical protein,,,ABUW_0546,PHASTer,
207,236,Phage region 1,Psuedo_Dobby_NC_048109,Phage region,,,hypothetical protein,,,ABUW_0547,PHASTer,
208,237,Phage region 1,Psuedo_Dobby_NC_048109,Phage region,,,hypothetical protein,,,ABUW_0548,PHASTer,
209,238,Phage region 1,Psuedo_Dobby_NC_048109,Phage region,,,hypothetical protein,,,ABUW_0549,PHASTer,
210,239,Phage region 1,Psuedo_Dobby_NC_048109,Phage region,,,hypothetical protein,,,ABUW_0550,PHASTer,
211,240,Phage region 1,Psuedo_Dobby_NC_048109,Phage region,,,Rha family transcriptional regulator,,,ABUW_0551,PHASTer,
212,241,Phage region 1,Psuedo_Dobby_NC_048109,Phage region,,,hypothetical protein,,,ABUW_0552,PHASTer,
213,242,Phage region 1,Psuedo_Dobby_NC_048109,Phage region,,,NAD-dependent DNA ligase,,,ABUW_0553,PHASTer,
214,243,Phage region 1,Psuedo_Dobby_NC_048109,Phage region,,,hypothetical protein,,,ABUW_0554,PHASTer,
215,244,Phage region 1,Psuedo_Dobby_NC_048109,Phage region,,,hypothetical protein,,,ABUW_0555,PHASTer,
216,245,Phage region 1,Psuedo_Dobby_NC_048109,Phage region,,,phage zinc-binding transcriptional activator,,,ABUW_0556,PHASTer,
217,246,Phage region 1,Psuedo_Dobby_NC_048109,Phage region,,,phage late control protein D,,,ABUW_0557,PHASTer,
218,247,Phage region 1,Psuedo_Dobby_NC_048109,Phage region,,,phage tail protein,,,ABUW_0558,PHASTer,
219,248,Phage region 1,Psuedo_Dobby_NC_048109,Phage region,,,phage-related membrane protein,,,ABUW_0559,PHASTer,
220,249,Phage region 1,Psuedo_Dobby_NC_048109,Phage region,,,transposase,,,ABUW_0561,PHASTer,
221,250,Phage region 1,Psuedo_Dobby_NC_048109,Phage region,,,transposase inhibitor,,,ABUW_0562,PHASTer,
222,251,Phage region 1,Psuedo_Dobby_NC_048109,Phage region,,,beta-lactamase OXA-23,,,ABUW_0563,PHASTer,
223,252,Phage region 1,Psuedo_Dobby_NC_048109,Phage region,,,AAA ATPase,,,ABUW_0564,PHASTer,
224,253,Phage region 1,Psuedo_Dobby_NC_048109,Phage region,,,phage tail protein,,,ABUW_0565,PHASTer,
225,254,Phage region 1,Psuedo_Dobby_NC_048109,Phage region,,,phage tail tube protein,,,ABUW_0566,PHASTer,
226,255,Phage region 1,Psuedo_Dobby_NC_048109,Phage region,,,phage tail sheath protein,,,ABUW_0567,PHASTer,
227,256,Phage region 1,Psuedo_Dobby_NC_048109,Phage region,,,phage tail fiber protein,,,ABUW_0568,PHASTer,
228,257,Phage region 1,Psuedo_Dobby_NC_048109,Phage region,,,phage tail protein,,,ABUW_0569,PHASTer,
229,258,Phage region 1,Psuedo_Dobby_NC_048109,Phage region,,,phage baseplate assembly protein,,,ABUW_0570,PHASTer,
230,259,Phage region 1,Psuedo_Dobby_NC_048109,Phage region,,,phage baseplate assembly protein,,,ABUW_0571,PHASTer,
231,260,Phage region 1,Psuedo_Dobby_NC_048109,Phage region,,,phage baseplate assembly protein,,,ABUW_0572,PHASTer,
232,261,Phage region 1,Psuedo_Dobby_NC_048109,Phage region,,,phage tail completion protein,,,ABUW_0573,PHASTer,
233,262,Phage region 1,Psuedo_Dobby_NC_048109,Phage region,,,phage tail completion protein,,,ABUW_0574,PHASTer,
234,263,Phage region 1,Psuedo_Dobby_NC_048109,Phage region,,,hypothetical protein,,,ABUW_0575,PHASTer,
235,264,Phage region 1,Psuedo_Dobby_NC_048109,Phage region,,,phage-related membrane protein,,,ABUW_0576,PHASTer,
236,265,Phage region 1,Psuedo_Dobby_NC_048109,Phage region,,,phage-related membrane protein,,,ABUW_0577,PHASTer,
237,266,Phage region 1,Psuedo_Dobby_NC_048109,Phage region,,,phage tail protein,,,ABUW_0578,PHASTer,
238,267,Phage region 1,Psuedo_Dobby_NC_048109,Phage region,,,phage head completion protein,,,ABUW_0579,PHASTer,
239,268,Phage region 1,Psuedo_Dobby_NC_048109,Phage region,,,phage small terminase subunit,,,ABUW_0580,PHASTer,
240,269,Phage region 1,Psuedo_Dobby_NC_048109,Phage region,,,capsid protein,,,ABUW_0581,PHASTer,
241,270,Phage region 1,Psuedo_Dobby_NC_048109,Phage region,,,capsid scaffolding protein,,,ABUW_0582,PHASTer,
242,271,Phage region 1,Psuedo_Dobby_NC_048109,Phage region,,,phage-related terminase,,,ABUW_0583,PHASTer,
243,272,Phage region 1,Psuedo_Dobby_NC_048109,Phage region,,,phage-related portal protein,,,ABUW_0584,PHASTer,
244,273,Phage region 2,Acinet_YMC11/11/R3177_041866,Phage region,,,"NAD(P)H dehydrogenase, quinone family",,,ABUW_0725,PHASTer,
245,274,Phage region 2,Acinet_YMC11/11/R3177_041866,Phage region,,,putative transcriptional regulator (AraC family),,,ABUW_0726,PHASTer,
246,275,Phage region 2,Acinet_YMC11/11/R3177_041866,Phage region,,,fatty acid desaturase,,,ABUW_0727,PHASTer,
247,276,Phage region 2,Acinet_YMC11/11/R3177_041866,Phage region,,,hypothetical protein,,,ABUW_0728,PHASTer,
248,277,Phage region 2,Acinet_YMC11/11/R3177_041866,Phage region,,uppP,undecaprenyl-diphosphatase UppP,,,ABUW_0729,PHASTer,
249,278,Phage region 2,Acinet_YMC11/11/R3177_041866,Phage region,,,"transcriptional regulator, AraC family",,,ABUW_0730,PHASTer,
250,279,Phage region 2,Acinet_YMC11/11/R3177_041866,Phage region,,,NADPH:quinone oxidoreductase,,,ABUW_0731,PHASTer,
251,280,Phage region 2,Acinet_YMC11/11/R3177_041866,Phage region,,hchA,chaperone protein,,,ABUW_0732,PHASTer,
252,281,Phage region 2,Acinet_YMC11/11/R3177_041866,Phage region,,,hypothetical protein,,,ABUW_0733,PHASTer,
253,282,Phage region 2,Acinet_YMC11/11/R3177_041866,Phage region,,,hypothetical protein,,,ABUW_0734,PHASTer,
254,283,Phage region 2,Acinet_YMC11/11/R3177_041866,Phage region,,,hypothetical protein,,,ABUW_0735,PHASTer,
255,284,Phage region 2,Acinet_YMC11/11/R3177_041866,Phage region,,,hypothetical protein,,,ABUW_0736,PHASTer,
256,285,Phage region 2,Acinet_YMC11/11/R3177_041866,Phage region,,,hypothetical protein,,,ABUW_0737,PHASTer,
257,286,Phage region 2,Acinet_YMC11/11/R3177_041866,Phage region,,,hypothetical protein,,,ABUW_0738,PHASTer,
258,287,Phage region 2,Acinet_YMC11/11/R3177_041866,Phage region,,,hypothetical protein,,,ABUW_0739,PHASTer,
259,288,Phage region 2,Acinet_YMC11/11/R3177_041866,Phage region,,,hypothetical protein,,,ABUW_0740,PHASTer,
260,289,Phage region 2,Acinet_YMC11/11/R3177_041866,Phage region,,,hypothetical protein,,,ABUW_0741,PHASTer,
261,290,Phage region 2,Acinet_YMC11/11/R3177_041866,Phage region,,,hypothetical protein,,,ABUW_0742,PHASTer,
262,291,Phage region 2,Acinet_YMC11/11/R3177_041866,Phage region,,,hypothetical protein,,,ABUW_0743,PHASTer,
263,292,Phage region 2,Acinet_YMC11/11/R3177_041866,Phage region,,,hypothetical protein,,,ABUW_0744,PHASTer,
264,293,Phage region 2,Acinet_YMC11/11/R3177_041866,Phage region,,,hypothetical protein,,,ABUW_0745,PHASTer,
265,294,Phage region 2,Acinet_YMC11/11/R3177_041866,Phage region,,,hypothetical protein,,,ABUW_0746,PHASTer,
266,295,Phage region 2,Acinet_YMC11/11/R3177_041866,Phage region,,,"putative transcriptional regulator, Cro/CI family",,,ABUW_0747,PHASTer,
267,296,Phage region 2,Acinet_YMC11/11/R3177_041866,Phage region,,,hypothetical protein,,,ABUW_0748,PHASTer,
268,297,Phage region 2,Acinet_YMC11/11/R3177_041866,Phage region,,,hypothetical protein,,,ABUW_0749,PHASTer,
269,298,Phage region 2,Acinet_YMC11/11/R3177_041866,Phage region,,,hypothetical protein,,,ABUW_0750,PHASTer,
270,299,Phage region 2,Acinet_YMC11/11/R3177_041866,Phage region,,,hypothetical protein,,,ABUW_0751,PHASTer,
271,300,Phage region 2,Acinet_YMC11/11/R3177_041866,Phage region,,,replicative DNA helicase,,,ABUW_0752,PHASTer,
272,301,Phage region 2,Acinet_YMC11/11/R3177_041866,Phage region,,,hypothetical protein,,,ABUW_0753,PHASTer,
273,302,Phage region 2,Acinet_YMC11/11/R3177_041866,Phage region,,,hypothetical protein,,,ABUW_0754,PHASTer,
274,303,Phage region 2,Acinet_YMC11/11/R3177_041866,Phage region,,,hypothetical protein,,,ABUW_0755,PHASTer,
275,304,Phage region 2,Acinet_YMC11/11/R3177_041866,Phage region,,,hypothetical protein,,,ABUW_0756,PHASTer,
276,305,Phage region 2,Acinet_YMC11/11/R3177_041866,Phage region,,,hypothetical protein,,,ABUW_0757,PHASTer,
277,306,Phage region 2,Acinet_YMC11/11/R3177_041866,Phage region,,,hypothetical protein,,,ABUW_0758,PHASTer,
278,307,Phage region 2,Acinet_YMC11/11/R3177_041866,Phage region,,,hypothetical protein,,,ABUW_0759,PHASTer,
279,308,Phage region 2,Acinet_YMC11/11/R3177_041866,Phage region,,,hypothetical protein,,,ABUW_0760,PHASTer,
280,309,Phage region 2,Acinet_YMC11/11/R3177_041866,Phage region,,,hypothetical protein,,,ABUW_0761,PHASTer,
281,310,Phage region 2,Acinet_YMC11/11/R3177_041866,Phage region,,,hypothetical protein,,,ABUW_0762,PHASTer,
282,311,Phage region 2,Acinet_YMC11/11/R3177_041866,Phage region,,,hypothetical protein,,,ABUW_0763,PHASTer,
283,312,Phage region 2,Acinet_YMC11/11/R3177_041866,Phage region,,,hypothetical protein,,,ABUW_0764,PHASTer,
285,314,Phage region 2,Acinet_YMC11/11/R3177_041866,Phage region,,,hypothetical protein,,,ABUW_0766,PHASTer,
286,315,Phage region 2,Acinet_YMC11/11/R3177_041866,Phage region,,,hypothetical protein,,,ABUW_0767,PHASTer,
287,316,Phage region 2,Acinet_YMC11/11/R3177_041866,Phage region,,,hypothetical protein,,,ABUW_0768,PHASTer,
288,317,Phage region 2,Acinet_YMC11/11/R3177_041866,Phage region,,,hypothetical protein,,,ABUW_0769,PHASTer,
289,318,Phage region 2,Acinet_YMC11/11/R3177_041866,Phage region,,,hypothetical protein,,,ABUW_0770,PHASTer,
290,319,Phage region 2,Acinet_YMC11/11/R3177_041866,Phage region,,,hypothetical protein,,,ABUW_0771,PHASTer,
291,320,Phage region 2,Acinet_YMC11/11/R3177_041866,Phage region,,,hypothetical protein,,,ABUW_0772,PHASTer,
292,321,Phage region 2,Acinet_YMC11/11/R3177_041866,Phage region,,,hypothetical protein,,,ABUW_0773,PHASTer,
293,322,Phage region 2,Acinet_YMC11/11/R3177_041866,Phage region,,,hypothetical protein,,,ABUW_0774,PHASTer,
295,324,Phage region 2,Acinet_YMC11/11/R3177_041866,Phage region,,,hypothetical protein,,,ABUW_0776,PHASTer,
296,325,Phage region 2,Acinet_YMC11/11/R3177_041866,Phage region,,,phage head morphogenesis protein,,,ABUW_0777,PHASTer,
297,326,Phage region 2,Acinet_YMC11/11/R3177_041866,Phage region,,,hypothetical protein,,,ABUW_0778,PHASTer,
298,327,Phage region 2,Acinet_YMC11/11/R3177_041866,Phage region,,,hypothetical protein,,,ABUW_0779,PHASTer,
299,328,Phage region 2,Acinet_YMC11/11/R3177_041866,Phage region,,,hypothetical protein,,,ABUW_0780,PHASTer,
300,329,Phage region 2,Acinet_YMC11/11/R3177_041866,Phage region,,,hypothetical protein,,,ABUW_0781,PHASTer,
301,330,Phage region 2,Acinet_YMC11/11/R3177_041866,Phage region,,,"prophage LambdaCh01, coat protein",,,ABUW_0782,PHASTer,
302,331,Phage region 2,Acinet_YMC11/11/R3177_041866,Phage region,,,hypothetical protein,,,ABUW_0783,PHASTer,
303,332,Phage region 2,Acinet_YMC11/11/R3177_041866,Phage region,,,hypothetical protein,,,ABUW_0784,PHASTer,
304,333,Phage region 2,Acinet_YMC11/11/R3177_041866,Phage region,,,hypothetical protein,,,ABUW_0785,PHASTer,
305,334,Phage region 2,Acinet_YMC11/11/R3177_041866,Phage region,,,hypothetical protein,,,ABUW_0786,PHASTer,
306,335,Phage region 2,Acinet_YMC11/11/R3177_041866,Phage region,,,hypothetical protein,,,ABUW_0787,PHASTer,
307,336,Phage region 2,Acinet_YMC11/11/R3177_041866,Phage region,,,hypothetical protein,,,ABUW_0788,PHASTer,
308,337,Phage region 2,Acinet_YMC11/11/R3177_041866,Phage region,,,hypothetical protein,,,ABUW_0789,PHASTer,
309,338,Phage region 2,Acinet_YMC11/11/R3177_041866,Phage region,,,putative tail fiber,,,ABUW_0790,PHASTer,
310,339,Phage region 2,Acinet_YMC11/11/R3177_041866,Phage region,,,hypothetical protein,,,ABUW_0791,PHASTer,
311,340,Phage region 2,Acinet_YMC11/11/R3177_041866,Phage region,,,hypothetical protein,,,ABUW_0792,PHASTer,
312,341,Phage region 2,Acinet_YMC11/11/R3177_041866,Phage region,,,hypothetical protein,,,ABUW_0793,PHASTer,
313,342,Phage region 2,Acinet_YMC11/11/R3177_041866,Phage region,,,helix-turn-helix domain protein,,,ABUW_0794,PHASTer,
314,343,Phage region 2,Acinet_YMC11/11/R3177_041866,Phage region,,,hypothetical protein,,,ABUW_0795,PHASTer,
315,344,Phage region 2,Acinet_YMC11/11/R3177_041866,Phage region,,,hypothetical protein,,,ABUW_0796,PHASTer,
316,345,Phage region 2,Acinet_YMC11/11/R3177_041866,Phage region,,,"lipoprotein, putative",,,ABUW_0797,PHASTer,
317,346,Phage region 2,Acinet_YMC11/11/R3177_041866,Phage region,,,hypothetical protein,,,ABUW_0798,PHASTer,
318,347,Phage region 2,Acinet_YMC11/11/R3177_041866,Phage region,,,Arc domain protein DNA binding domain protein,,,ABUW_0799,PHASTer,
319,348,Phage region 2,Acinet_YMC11/11/R3177_041866,Phage region,,,hypothetical protein,,,ABUW_0800,PHASTer,
320,349,Phage region 2,Acinet_YMC11/11/R3177_041866,Phage region,,,hypothetical protein,,,ABUW_0801,PHASTer,
321,350,Phage region 2,Acinet_YMC11/11/R3177_041866,Phage region,,,hypothetical protein,,,ABUW_0802,PHASTer,
322,351,Phage region 2,Acinet_YMC11/11/R3177_041866,Phage region,,,hypothetical protein,,,ABUW_0803,PHASTer,
323,352,Phage region 2,Acinet_YMC11/11/R3177_041866,Phage region,,,tail tape measure protein,,,ABUW_0804,PHASTer,
324,353,Phage region 2,Acinet_YMC11/11/R3177_041866,Phage region,,,hypothetical protein,,,ABUW_0805,PHASTer,
325,354,Phage region 2,Acinet_YMC11/11/R3177_041866,Phage region,,,bacteriophage D3 - Orf22,,,ABUW_0806,PHASTer,
326,355,Phage region 2,Acinet_YMC11/11/R3177_041866,Phage region,,,hypothetical protein,,,ABUW_0807,PHASTer,
327,356,Phage region 2,Acinet_YMC11/11/R3177_041866,Phage region,,,hypothetical protein,,,ABUW_0808,PHASTer,
328,357,Phage region 2,Acinet_YMC11/11/R3177_041866,Phage region,,,hypothetical protein,,,ABUW_0809,PHASTer,
329,358,Phage region 2,Acinet_YMC11/11/R3177_041866,Phage region,,,hypothetical protein,,,ABUW_0810,PHASTer,
330,359,Phage region 2,Acinet_YMC11/11/R3177_041866,Phage region,,,hypothetical protein,,,ABUW_0811,PHASTer,
331,360,Phage region 2,Acinet_YMC11/11/R3177_041866,Phage region,,,hypothetical protein,,,ABUW_0812,PHASTer,
332,361,Phage region 2,Acinet_YMC11/11/R3177_041866,Phage region,,,hypothetical protein,,,ABUW_0813,PHASTer,
333,362,Phage region 2,Acinet_YMC11/11/R3177_041866,Phage region,,,hypothetical protein,,,ABUW_0814,PHASTer,
334,363,Phage region 2,Acinet_YMC11/11/R3177_041866,Phage region,,,"site-specific recombinase, phage integrase family",,,ABUW_0815,PHASTer,
335,364,Phage region 3,Acinet_vB_AbaS_TRS1_NC_031098,Phage region,,queF,NADPH-dependent 7-cyano-7-deazaguanine reductase (EsvE1),,,ABUW_1246,PHASTer,
336,365,Phage region 3,Acinet_vB_AbaS_TRS1_NC_031098,Phage region,,,ABC transporter permease protein,,,ABUW_1247,PHASTer,
337,366,Phage region 3,Acinet_vB_AbaS_TRS1_NC_031098,Phage region,,,ABC transporter ATP-binding protein,,,ABUW_1248,PHASTer,
338,367,Phage region 3,Acinet_vB_AbaS_TRS1_NC_031098,Phage region,,,integrase,,,ABUW_1249,PHASTer,
339,368,Phage region 3,Acinet_vB_AbaS_TRS1_NC_031098,Phage region,,,hypothetical protein,,,ABUW_1250,PHASTer,
340,369,Phage region 3,Acinet_vB_AbaS_TRS1_NC_031098,Phage region,,,hypothetical protein,,,ABUW_1251,PHASTer,
341,370,Phage region 3,Acinet_vB_AbaS_TRS1_NC_031098,Phage region,,,hypothetical protein,,,ABUW_1252,PHASTer,
342,371,Phage region 3,Acinet_vB_AbaS_TRS1_NC_031098,Phage region,,,hypothetical protein,,,ABUW_1253,PHASTer,
343,372,Phage region 3,Acinet_vB_AbaS_TRS1_NC_031098,Phage region,,,hypothetical protein,,,ABUW_1254,PHASTer,
344,373,Phage region 3,Acinet_vB_AbaS_TRS1_NC_031098,Phage region,,,hypothetical protein,,,ABUW_1255,PHASTer,
345,374,Phage region 3,Acinet_vB_AbaS_TRS1_NC_031098,Phage region,,,hypothetical protein,,,ABUW_1256,PHASTer,
346,375,Phage region 3,Acinet_vB_AbaS_TRS1_NC_031098,Phage region,,,hypothetical protein,,,ABUW_1257,PHASTer,
347,376,Phage region 3,Acinet_vB_AbaS_TRS1_NC_031098,Phage region,,,hypothetical protein,,,ABUW_1258,PHASTer,
348,377,Phage region 3,Acinet_vB_AbaS_TRS1_NC_031098,Phage region,,,hypothetical protein,,,ABUW_1259,PHASTer,
349,378,Phage region 3,Acinet_vB_AbaS_TRS1_NC_031098,Phage region,,,hypothetical protein,,,ABUW_1260,PHASTer,
350,379,Phage region 3,Acinet_vB_AbaS_TRS1_NC_031098,Phage region,,,hypothetical protein,,,ABUW_1261,PHASTer,
351,380,Phage region 3,Acinet_vB_AbaS_TRS1_NC_031098,Phage region,,,hypothetical protein,,,ABUW_1263,PHASTer,
352,381,Phage region 3,Acinet_vB_AbaS_TRS1_NC_031098,Phage region,,,hypothetical protein,,,ABUW_1264,PHASTer,
353,382,Phage region 3,Acinet_vB_AbaS_TRS1_NC_031098,Phage region,,,peptidase S24 S26A and S26B,,,ABUW_1265,PHASTer,
354,383,Phage region 3,Acinet_vB_AbaS_TRS1_NC_031098,Phage region,,,"regulator protein, putative",,,ABUW_1266,PHASTer,
355,384,Phage region 3,Acinet_vB_AbaS_TRS1_NC_031098,Phage region,,,hypothetical protein,,,ABUW_1267,PHASTer,
356,385,Phage region 3,Acinet_vB_AbaS_TRS1_NC_031098,Phage region,,,hypothetical protein,,,ABUW_1268,PHASTer,
357,386,Phage region 3,Acinet_vB_AbaS_TRS1_NC_031098,Phage region,,,hypothetical protein,,,ABUW_1269,PHASTer,
358,387,Phage region 3,Acinet_vB_AbaS_TRS1_NC_031098,Phage region,,,hypothetical protein,,,ABUW_1270,PHASTer,
359,388,Phage region 3,Acinet_vB_AbaS_TRS1_NC_031098,Phage region,,,replicative DNA helicase,,,ABUW_1271,PHASTer,
360,389,Phage region 3,Acinet_vB_AbaS_TRS1_NC_031098,Phage region,,,hypothetical protein,,,ABUW_1272,PHASTer,
361,390,Phage region 3,Acinet_vB_AbaS_TRS1_NC_031098,Phage region,,,hypothetical protein,,,ABUW_1274,PHASTer,
362,391,Phage region 3,Acinet_vB_AbaS_TRS1_NC_031098,Phage region,,,hypothetical protein,,,ABUW_1275,PHASTer,
363,392,Phage region 3,Acinet_vB_AbaS_TRS1_NC_031098,Phage region,,,hypothetical protein,,,ABUW_1276,PHASTer,
364,393,Phage region 3,Acinet_vB_AbaS_TRS1_NC_031098,Phage region,,,hypothetical protein,,,ABUW_1277,PHASTer,
365,394,Phage region 3,Acinet_vB_AbaS_TRS1_NC_031098,Phage region,,,hypothetical protein,,,ABUW_1278,PHASTer,
366,395,Phage region 3,Acinet_vB_AbaS_TRS1_NC_031098,Phage region,,,hypothetical protein,,,ABUW_1279,PHASTer,
367,396,Phage region 3,Acinet_vB_AbaS_TRS1_NC_031098,Phage region,,,hypothetical protein,,,ABUW_1280,PHASTer,
368,397,Phage region 4,Acinet_Bphi_B1251_NC_019541,Phage region,,,hypothetical protein,,,ABUW_1289,PHASTer,
369,398,Phage region 4,Acinet_Bphi_B1251_NC_019541,Phage region,,,hypothetical protein,,,ABUW_1290,PHASTer,
370,399,Phage region 4,Acinet_Bphi_B1251_NC_019541,Phage region,,,phage protein,,,ABUW_1291,PHASTer,
371,400,Phage region 4,Acinet_Bphi_B1251_NC_019541,Phage region,,,hypothetical protein,,,ABUW_1292,PHASTer,
372,401,Phage region 4,Acinet_Bphi_B1251_NC_019541,Phage region,,,hypothetical protein,,,ABUW_1293,PHASTer,
373,402,Phage region 4,Acinet_Bphi_B1251_NC_019541,Phage region,,,phage head morphogenesis protein,,,ABUW_1294,PHASTer,
374,403,Phage region 4,Acinet_Bphi_B1251_NC_019541,Phage region,,,hypothetical protein,,,ABUW_1295,PHASTer,
375,404,Phage region 4,Acinet_Bphi_B1251_NC_019541,Phage region,,,hypothetical protein,,,ABUW_1296,PHASTer,
376,405,Phage region 4,Acinet_Bphi_B1251_NC_019541,Phage region,,,hypothetical protein,,,ABUW_1297,PHASTer,
377,406,Phage region 4,Acinet_Bphi_B1251_NC_019541,Phage region,,,hypothetical protein,,,ABUW_1298,PHASTer,
378,407,Phage region 4,Acinet_Bphi_B1251_NC_019541,Phage region,,,major capsid protein,,,ABUW_1299,PHASTer,
379,408,Phage region 4,Acinet_Bphi_B1251_NC_019541,Phage region,,,hypothetical protein,,,ABUW_1300,PHASTer,
380,409,Phage region 4,Acinet_Bphi_B1251_NC_019541,Phage region,,,hypothetical protein,,,ABUW_1301,PHASTer,
381,410,Phage region 4,Acinet_Bphi_B1251_NC_019541,Phage region,,,hypothetical protein,,,ABUW_1302,PHASTer,
382,411,Phage region 4,Acinet_Bphi_B1251_NC_019541,Phage region,,,hypothetical protein,,,ABUW_1303,PHASTer,
383,412,Phage region 4,Acinet_Bphi_B1251_NC_019541,Phage region,,,hypothetical protein,,,ABUW_1304,PHASTer,
384,413,Phage region 4,Acinet_Bphi_B1251_NC_019541,Phage region,,,hypothetical protein,,,ABUW_1305,PHASTer,
385,414,Phage region 4,Acinet_Bphi_B1251_NC_019541,Phage region,,,hypothetical protein,,,ABUW_1306,PHASTer,
386,415,Phage region 4,Acinet_Bphi_B1251_NC_019541,Phage region,,,hypothetical protein,,,ABUW_1307,PHASTer,
387,416,Phage region 4,Acinet_Bphi_B1251_NC_019541,Phage region,,,putative tail fiber,,,ABUW_1308,PHASTer,
388,417,Phage region 4,Acinet_Bphi_B1251_NC_019541,Phage region,,,hypothetical protein,,,ABUW_1309,PHASTer,
389,418,Phage region 4,Acinet_Bphi_B1251_NC_019541,Phage region,,,hypothetical protein,,,ABUW_1310,PHASTer,
390,419,Phage region 4,Acinet_Bphi_B1251_NC_019541,Phage region,,,hypothetical protein,,,ABUW_1311,PHASTer,
391,420,Phage region 4,Acinet_Bphi_B1251_NC_019541,Phage region,,,phage protein,,,ABUW_1312,PHASTer,
392,421,Phage region 4,Acinet_Bphi_B1251_NC_019541,Phage region,,,transcriptional regulator,,,ABUW_1313,PHASTer,
393,422,Phage region 4,Acinet_Bphi_B1251_NC_019541,Phage region,,,hypothetical protein,,,ABUW_1314,PHASTer,
394,423,Phage region 4,Acinet_Bphi_B1251_NC_019541,Phage region,,,tail tape measure protein,,,ABUW_1316,PHASTer,
395,424,Phage region 4,Acinet_Bphi_B1251_NC_019541,Phage region,,,hypothetical protein,,,ABUW_1317,PHASTer,
396,425,Phage region 4,Acinet_Bphi_B1251_NC_019541,Phage region,,,hypothetical protein,,,ABUW_1318,PHASTer,
397,426,Phage region 4,Acinet_Bphi_B1251_NC_019541,Phage region,,,hypothetical protein,,,ABUW_1319,PHASTer,
398,427,Phage region 4,Acinet_Bphi_B1251_NC_019541,Phage region,,,hypothetical protein,,,ABUW_1320,PHASTer,
399,428,Phage region 4,Acinet_Bphi_B1251_NC_019541,Phage region,,,bacteriophage D3 - Orf22,,,ABUW_1321,PHASTer,
400,429,Phage region 4,Acinet_Bphi_B1251_NC_019541,Phage region,,,hypothetical protein,,,ABUW_1322,PHASTer,
401,430,Phage region 4,Acinet_Bphi_B1251_NC_019541,Phage region,,,hypothetical protein,,,ABUW_1323,PHASTer,
402,431,Phage region 4,Acinet_Bphi_B1251_NC_019541,Phage region,,,hypothetical protein,,,ABUW_1324,PHASTer,
403,432,Phage region 4,Acinet_Bphi_B1251_NC_019541,Phage region,,,hypothetical protein,,,ABUW_1325,PHASTer,
404,433,Phage region 4,Acinet_Bphi_B1251_NC_019541,Phage region,,,lysozyme,,,ABUW_1326,PHASTer,
405,434,Phage region 4,Acinet_Bphi_B1251_NC_019541,Phage region,,,hypothetical protein,,,ABUW_1327,PHASTer,
407,436,Phage region 5,Pelagi_HTVC010P_NC_020481,Phage region,,,putative integrase/recombinase protein,,,ABUW_1383,PHASTer,
408,437,Phage region 5,Pelagi_HTVC010P_NC_020481,Phage region,,,"transposase, Mutator family",,,ABUW_1385,PHASTer,
409,438,Phage region 5,Pelagi_HTVC010P_NC_020481,Phage region,,,hypothetical protein,,,ABUW_1386,PHASTer,
410,439,Phage region 5,Pelagi_HTVC010P_NC_020481,Phage region,,,hypothetical protein,,,ABUW_1387,PHASTer,
411,440,Phage region 5,Pelagi_HTVC010P_NC_020481,Phage region,,,hypothetical protein,,,ABUW_1388,PHASTer,
412,441,Phage region 5,Pelagi_HTVC010P_NC_020481,Phage region,,,hypothetical protein,,,ABUW_1389,PHASTer,
413,442,Phage region 5,Pelagi_HTVC010P_NC_020481,Phage region,,,hypothetical protein,,,ABUW_1390,PHASTer,
414,443,Phage region 5,Pelagi_HTVC010P_NC_020481,Phage region,,,nuclease,,,ABUW_1391,PHASTer,
415,444,Phage region 5,Pelagi_HTVC010P_NC_020481,Phage region,,,bacteriophage lambda - Bet,,,ABUW_1392,PHASTer,
416,445,Phage region 5,Pelagi_HTVC010P_NC_020481,Phage region,,,hypothetical protein,,,ABUW_1393,PHASTer,
417,446,Phage region 5,Pelagi_HTVC010P_NC_020481,Phage region,,,hypothetical protein,,,ABUW_1394,PHASTer,
418,447,Phage region 5,Pelagi_HTVC010P_NC_020481,Phage region,,,hypothetical protein,,,ABUW_1395,PHASTer,
419,448,Phage region 5,Pelagi_HTVC010P_NC_020481,Phage region,,,hypothetical protein,,,ABUW_1396,PHASTer,
420,449,Phage region 5,Pelagi_HTVC010P_NC_020481,Phage region,,,hypothetical protein,,,ABUW_1397,PHASTer,
421,450,Phage region 5,Pelagi_HTVC010P_NC_020481,Phage region,,,hypothetical protein,,,ABUW_1398,PHASTer,
422,451,Phage region 5,Pelagi_HTVC010P_NC_020481,Phage region,,,hypothetical protein,,,ABUW_1399,PHASTer,
423,452,Phage region 5,Pelagi_HTVC010P_NC_020481,Phage region,,,beta-ribbon domain peptidase S24/S26A/S26B/S26C,,,ABUW_1400,PHASTer,
424,453,Phage region 5,Pelagi_HTVC010P_NC_020481,Phage region,,,hypothetical protein,,,ABUW_1401,PHASTer,
425,454,Phage region 5,Pelagi_HTVC010P_NC_020481,Phage region,,,hypothetical protein,,,ABUW_1403,PHASTer,
426,455,Phage region 5,Pelagi_HTVC010P_NC_020481,Phage region,,,hypothetical protein,,,ABUW_1404,PHASTer,
427,456,Phage region 5,Pelagi_HTVC010P_NC_020481,Phage region,,,hypothetical protein,,,ABUW_1405,PHASTer,
428,457,Phage region 5,Pelagi_HTVC010P_NC_020481,Phage region,,,hypothetical protein,,,ABUW_1406,PHASTer,
429,458,Phage region 5,Pelagi_HTVC010P_NC_020481,Phage region,,,hypothetical protein,,,ABUW_1407,PHASTer,
430,459,Phage region 5,Pelagi_HTVC010P_NC_020481,Phage region,,,hypothetical protein,,,ABUW_1408,PHASTer,
431,460,Phage region 5,Pelagi_HTVC010P_NC_020481,Phage region,,,hypothetical protein,,,ABUW_1409,PHASTer,
432,461,Phage region 5,Pelagi_HTVC010P_NC_020481,Phage region,,,hypothetical protein,,,ABUW_1410,PHASTer,
433,462,Phage region 5,Pelagi_HTVC010P_NC_020481,Phage region,,,hypothetical protein,,,ABUW_1411,PHASTer,
434,463,Phage region 5,Pelagi_HTVC010P_NC_020481,Phage region,,,hypothetical protein,,,ABUW_1412,PHASTer,
435,464,Phage region 5,Pelagi_HTVC010P_NC_020481,Phage region,,,hypothetical protein,,,ABUW_1413,PHASTer,
436,465,Phage region 5,Pelagi_HTVC010P_NC_020481,Phage region,,,hypothetical protein,,,ABUW_1414,PHASTer,
437,466,Phage region 5,Pelagi_HTVC010P_NC_020481,Phage region,,,hypothetical protein,,,ABUW_1415,PHASTer,
438,467,Phage region 5,Pelagi_HTVC010P_NC_020481,Phage region,,,hypothetical protein,,,ABUW_1416,PHASTer,
439,468,Phage region 5,Pelagi_HTVC010P_NC_020481,Phage region,,,hypothetical protein,,,ABUW_1418,PHASTer,
440,469,Phage region 5,Pelagi_HTVC010P_NC_020481,Phage region,,,hypothetical protein,,,ABUW_1419,PHASTer,
441,470,Phage region 5,Pelagi_HTVC010P_NC_020481,Phage region,,,hypothetical protein,,,ABUW_1420,PHASTer,
442,471,Phage region 5,Pelagi_HTVC010P_NC_020481,Phage region,,,hypothetical protein,,,ABUW_1421,PHASTer,
443,472,Phage region 5,Pelagi_HTVC010P_NC_020481,Phage region,,,hypothetical protein,,,ABUW_1422,PHASTer,
444,473,Phage region 5,Pelagi_HTVC010P_NC_020481,Phage region,,,hypothetical protein,,,ABUW_1423,PHASTer,
445,474,Phage region 5,Pelagi_HTVC010P_NC_020481,Phage region,,,hypothetical protein,,,ABUW_1424,PHASTer,
446,475,Phage region 5,Pelagi_HTVC010P_NC_020481,Phage region,,,hypothetical protein,,,ABUW_1425,PHASTer,
447,476,Phage region 5,Pelagi_HTVC010P_NC_020481,Phage region,,,hypothetical protein,,,ABUW_1426,PHASTer,
448,477,Phage region 5,Pelagi_HTVC010P_NC_020481,Phage region,,,hypothetical protein,,,ABUW_1427,PHASTer,
449,478,Phage region 5,Pelagi_HTVC010P_NC_020481,Phage region,,,hypothetical protein,,,ABUW_1428,PHASTer,
450,479,Phage region 5,Pelagi_HTVC010P_NC_020481,Phage region,,,hypothetical protein,,,ABUW_1429,PHASTer,
451,480,Phage region 5,Pelagi_HTVC010P_NC_020481,Phage region,,,lysozyme-like domain-containing protein,,,ABUW_1430,PHASTer,
452,481,Phage region 6,Psychr_pOW20_A_NC_020841,Phage region,,,shufflon-specific DNA recombinase,,,ABUW_2653,PHASTer,
453,482,Phage region 6,Psychr_pOW20_A_NC_020841,Phage region,,,"lipoprotein, putative",,,ABUW_2654,PHASTer,
454,483,Phage region 6,Psychr_pOW20_A_NC_020841,Phage region,,,hypothetical protein,,,ABUW_2655,PHASTer,
455,484,Phage region 6,Psychr_pOW20_A_NC_020841,Phage region,,,"lipoprotein, putative",,,ABUW_2656,PHASTer,
457,486,Phage region 6,Psychr_pOW20_A_NC_020841,Phage region,,,hypothetical protein,,,ABUW_2658,PHASTer,
458,487,Phage region 6,Psychr_pOW20_A_NC_020841,Phage region,,,hypothetical protein,,,ABUW_2659,PHASTer,
459,488,Phage region 6,Psychr_pOW20_A_NC_020841,Phage region,,,hypothetical protein,,,ABUW_2660,PHASTer,
460,489,Phage region 6,Psychr_pOW20_A_NC_020841,Phage region,,,fibronectin type III domain protein,,,ABUW_2661,PHASTer,
461,490,Phage region 6,Psychr_pOW20_A_NC_020841,Phage region,,,hypothetical protein,,,ABUW_2662,PHASTer,
462,491,Phage region 6,Psychr_pOW20_A_NC_020841,Phage region,,,hypothetical protein,,,ABUW_2663,PHASTer,
463,492,Phage region 6,Psychr_pOW20_A_NC_020841,Phage region,,,putative phage-related protein,,,ABUW_2664,PHASTer,
464,493,Phage region 6,Psychr_pOW20_A_NC_020841,Phage region,,,hypothetical protein,,,ABUW_2665,PHASTer,
465,494,Phage region 6,Psychr_pOW20_A_NC_020841,Phage region,,,hypothetical protein,,,ABUW_2666,PHASTer,
466,495,Phage region 6,Psychr_pOW20_A_NC_020841,Phage region,,,putative bacteriophage protein,,,ABUW_2667,PHASTer,
467,496,Phage region 6,Psychr_pOW20_A_NC_020841,Phage region,,,"phage-associated protein, family",,,ABUW_2668,PHASTer,
468,497,Phage region 6,Psychr_pOW20_A_NC_020841,Phage region,,,helicase domain-containing terminase-like protein,,,ABUW_2669,PHASTer,
469,498,Phage region 6,Psychr_pOW20_A_NC_020841,Phage region,,,hypothetical protein,,,ABUW_2670,PHASTer,
471,500,AbaM,,regulator,,,,ABUW_RS07245,,ABUW_1486,doi https://doi.org/10.1101/2020.11.17.387936,Differential expression in a abaM AB5075 knockout
472,501,AbaM,,regulator,,,,ABUW_RS07260,,ABUW_1489,doi https://doi.org/10.1101/2020.11.17.387936,Differential expression in a abaM AB5075 knockout
473,502,AbaM,,regulator,,,,ABUW_RS18365,,ABUW_3772,doi https://doi.org/10.1101/2020.11.17.387936,Differential expression in a abaM AB5075 knockout
474,503,AbaM,,regulator,,,,ABUW_RS11870,,ABUW_2439,doi https://doi.org/10.1101/2020.11.17.387936,Differential expression in a abaM AB5075 knockout
475,504,AbaM,,regulator,,,,ABUW_RS18350,,ABUW_3769,doi https://doi.org/10.1101/2020.11.17.387936,Differential expression in a abaM AB5075 knockout
476,505,AbaM,,regulator,,,,ABUW_RS18355,,ABUW_3770,doi https://doi.org/10.1101/2020.11.17.387936,Differential expression in a abaM AB5075 knockout
477,506,AbaM,,regulator,,,,ABUW_RS18375,,ABUW_3774,doi https://doi.org/10.1101/2020.11.17.387936,Differential expression in a abaM AB5075 knockout
478,507,AbaM,,regulator,,,,ABUW_RS07265,,ABUW_1490,doi https://doi.org/10.1101/2020.11.17.387936,Differential expression in a abaM AB5075 knockout
479,508,AbaM,,regulator,,,,ABUW_RS07250,,ABUW_1487,doi https://doi.org/10.1101/2020.11.17.387936,Differential expression in a abaM AB5075 knockout
480,509,AbaM,,regulator,,,,ABUW_RS18385,,ABUW_3776,doi https://doi.org/10.1101/2020.11.17.387936,Differential expression in a abaM AB5075 knockout
481,510,AbaM,,regulator,,,,ABUW_RS18370,,ABUW_3773,doi https://doi.org/10.1101/2020.11.17.387936,Differential expression in a abaM AB5075 knockout
482,511,AbaM,,regulator,,,,ABUW_RS07255,,ABUW_1488,doi https://doi.org/10.1101/2020.11.17.387936,Differential expression in a abaM AB5075 knockout
483,512,AbaM,,regulator,,,,ABUW_RS07270,,ABUW_1491,doi https://doi.org/10.1101/2020.11.17.387936,Differential expression in a abaM AB5075 knockout
484,513,AbaM,,regulator,,,,ABUW_RS07275,,ABUW_1492,doi https://doi.org/10.1101/2020.11.17.387936,Differential expression in a abaM AB5075 knockout
485,514,AbaM,,regulator,,,,ABUW_RS07145,,ABUW_1466,doi https://doi.org/10.1101/2020.11.17.387936,Differential expression in a abaM AB5075 knockout
486,515,AbaM,,regulator,,,,ABUW_RS11840,,ABUW_2433,doi https://doi.org/10.1101/2020.11.17.387936,Differential expression in a abaM AB5075 knockout
487,516,AbaM,,regulator,,,,ABUW_RS08050,,ABUW_1651,doi https://doi.org/10.1101/2020.11.17.387936,Differential expression in a abaM AB5075 knockout
488,517,AbaM,,regulator,,,,ABUW_RS11875,,ABUW_2440,doi https://doi.org/10.1101/2020.11.17.387936,Differential expression in a abaM AB5075 knockout
489,518,AbaM,,regulator,,,,ABUW_RS19150,,ABUW_4025,doi https://doi.org/10.1101/2020.11.17.387936,Differential expression in a abaM AB5075 knockout
490,519,AbaM,,regulator,,,,ABUW_RS19060,,ABUW_4007,doi https://doi.org/10.1101/2020.11.17.387936,Differential expression in a abaM AB5075 knockout
491,520,AbaM,,regulator,,,,ABUW_RS19165,,ABUW_4028,doi https://doi.org/10.1101/2020.11.17.387936,Differential expression in a abaM AB5075 knockout
492,521,AbaM,,regulator,,,,ABUW_RS19145,,ABUW_4024,doi https://doi.org/10.1101/2020.11.17.387936,Differential expression in a abaM AB5075 knockout
494,523,AbaM,,regulator,,,,ABUW_RS01970,,ABUW_0401,doi https://doi.org/10.1101/2020.11.17.387936,Differential expression in a abaM AB5075 knockout
495,524,AbaM,,regulator,,,,ABUW_RS19155,,ABUW_4026,doi https://doi.org/10.1101/2020.11.17.387936,Differential expression in a abaM AB5075 knockout
496,525,AbaM,,regulator,,,,ABUW_RS19115,,ABUW_4019,doi https://doi.org/10.1101/2020.11.17.387936,Differential expression in a abaM AB5075 knockout
497,526,AbaM,,regulator,,,,ABUW_RS19170,,ABUW_4029,doi https://doi.org/10.1101/2020.11.17.387936,Differential expression in a abaM AB5075 knockout
498,527,AbaM,,regulator,,,,ABUW_RS19140,,ABUW_4023,doi https://doi.org/10.1101/2020.11.17.387936,Differential expression in a abaM AB5075 knockout
499,528,AbaM,,regulator,,,,ABUW_RS13115,,ABUW_2702,doi https://doi.org/10.1101/2020.11.17.387936,Differential expression in a abaM AB5075 knockout
500,529,AbaM,,regulator,,,,ABUW_RS19080,,ABUW_4012,doi https://doi.org/10.1101/2020.11.17.387936,Differential expression in a abaM AB5075 knockout
502,531,AbaM,,regulator,,,,ABUW_RS19305,,ABUW_4057,doi https://doi.org/10.1101/2020.11.17.387936,Differential expression in a abaM AB5075 knockout
503,533,AbaM,,regulator,,,,ABUW_RS19065,,ABUW_4008,doi https://doi.org/10.1101/2020.11.17.387936,Differential expression in a abaM AB5075 knockout
504,534,AbaM,,regulator,,,,ABUW_RS12220,,ABUW_2511,doi https://doi.org/10.1101/2020.11.17.387936,Differential expression in a abaM AB5075 knockout
505,535,AbaM,,regulator,,,,ABUW_RS19105,,ABUW_4017,doi https://doi.org/10.1101/2020.11.17.387936,Differential expression in a abaM AB5075 knockout
506,536,AbaM,,regulator,,,,ABUW_RS11885,,ABUW_2442,doi https://doi.org/10.1101/2020.11.17.387936,Differential expression in a abaM AB5075 knockout
507,537,AbaM,,regulator,,,,ABUW_RS13925,,ABUW_2866,doi https://doi.org/10.1101/2020.11.17.387936,Differential expression in a abaM AB5075 knockout
508,538,AbaM,,regulator,,,,ABUW_RS20020,,ABUW_4046,doi https://doi.org/10.1101/2020.11.17.387936,Differential expression in a abaM AB5075 knockout
509,539,AbaM,,regulator,,,,ABUW_RS19595,,ABUW_5002,doi https://doi.org/10.1101/2020.11.17.387936,Differential expression in a abaM AB5075 knockout
511,541,AbaM,,regulator,,,,ABUW_RS19200,,ABUW_4035,doi https://doi.org/10.1101/2020.11.17.387936,Differential expression in a abaM AB5075 knockout
512,543,AbaM,,regulator,,,,ABUW_RS19190,,ABUW_4033,doi https://doi.org/10.1101/2020.11.17.387936,Differential expression in a abaM AB5075 knockout
513,544,AbaM,,regulator,,,,ABUW_RS19235,,ABUW_4042,doi https://doi.org/10.1101/2020.11.17.387936,Differential expression in a abaM AB5075 knockout
514,545,AbaM,,regulator,,,,ABUW_RS19180,,ABUW_4031,doi https://doi.org/10.1101/2020.11.17.387936,Differential expression in a abaM AB5075 knockout
515,546,AbaM,,regulator,,,,ABUW_RS10070,,ABUW_2074,doi https://doi.org/10.1101/2020.11.17.387936,Differential expression in a abaM AB5075 knockout
516,547,AbaM,,regulator,,,,ABUW_RS13010,,ABUW_2679,doi https://doi.org/10.1101/2020.11.17.387936,Differential expression in a abaM AB5075 knockout
517,548,AbaM,,regulator,,,,ABUW_RS19345,,ABUW_4069,doi https://doi.org/10.1101/2020.11.17.387936,Differential expression in a abaM AB5075 knockout
518,549,AbaM,,regulator,,,,ABUW_RS08580,,ABUW_1761,doi https://doi.org/10.1101/2020.11.17.387936,Differential expression in a abaM AB5075 knockout
519,550,AbaM,,regulator,,,,ABUW_RS19300,,ABUW_4056,doi https://doi.org/10.1101/2020.11.17.387936,Differential expression in a abaM AB5075 knockout
520,551,AbaM,,regulator,,,,ABUW_RS11975,,ABUW_2461,doi https://doi.org/10.1101/2020.11.17.387936,Differential expression in a abaM AB5075 knockout
521,552,AbaM,,regulator,,,,ABUW_RS10685,,ABUW_2198,doi https://doi.org/10.1101/2020.11.17.387936,Differential expression in a abaM AB5075 knockout
522,553,AbaM,,regulator,,,,ABUW_RS14775,,ABUW_3045,doi https://doi.org/10.1101/2020.11.17.387936,Differential expression in a abaM AB5075 knockout
523,554,AbaM,,regulator,,,,ABUW_RS17210,,ABUW_3537,doi https://doi.org/10.1101/2020.11.17.387936,Differential expression in a abaM AB5075 knockout
524,555,AbaM,,regulator,,,,ABUW_RS18725,,ABUW_3846,doi https://doi.org/10.1101/2020.11.17.387936,Differential expression in a abaM AB5075 knockout
525,556,AbaM,,regulator,,,,ABUW_RS15925,,ABUW_3279,doi https://doi.org/10.1101/2020.11.17.387936,Differential expression in a abaM AB5075 knockout
526,557,AbaM,,regulator,,,,ABUW_RS03825,,ABUW_0781,doi https://doi.org/10.1101/2020.11.17.387936,Differential expression in a abaM AB5075 knockout
527,558,AbaM,,regulator,,,,ABUW_RS15280,,ABUW_3147,doi https://doi.org/10.1101/2020.11.17.387936,Differential expression in a abaM AB5075 knockout
528,559,AbaM,,regulator,,,,ABUW_RS18190,,ABUW_3737,doi https://doi.org/10.1101/2020.11.17.387936,Differential expression in a abaM AB5075 knockout
529,560,AbaM,,regulator,,,,ABUW_RS08725,,ABUW_1792,doi https://doi.org/10.1101/2020.11.17.387936,Differential expression in a abaM AB5075 knockout
530,561,AbaM,,regulator,,,,ABUW_RS02765,,ABUW_0563,doi https://doi.org/10.1101/2020.11.17.387936,Differential expression in a abaM AB5075 knockout
531,562,AbaM,,regulator,,,,ABUW_RS03465,,ABUW_0704,doi https://doi.org/10.1101/2020.11.17.387936,Differential expression in a abaM AB5075 knockout
532,563,AbaM,,regulator,,,,ABUW_RS09695,,ABUW_1994,doi https://doi.org/10.1101/2020.11.17.387936,Differential expression in a abaM AB5075 knockout
533,564,AbaM,,regulator,,,,ABUW_RS17205,,ABUW_3536,doi https://doi.org/10.1101/2020.11.17.387936,Differential expression in a abaM AB5075 knockout
534,565,AbaM,,regulator,,,,ABUW_RS04295,,ABUW_0875,doi https://doi.org/10.1101/2020.11.17.387936,Differential expression in a abaM AB5075 knockout
535,566,AbaM,,regulator,,,,ABUW_RS01270,,ABUW_0259,doi https://doi.org/10.1101/2020.11.17.387936,Differential expression in a abaM AB5075 knockout
536,567,AbaM,,regulator,,,,ABUW_RS13140,,ABUW_2708,doi https://doi.org/10.1101/2020.11.17.387936,Differential expression in a abaM AB5075 knockout
537,568,AbaM,,regulator,,,,ABUW_RS14740,,ABUW_3037,doi https://doi.org/10.1101/2020.11.17.387936,Differential expression in a abaM AB5075 knockout
538,569,AbaM,,regulator,,,,ABUW_RS15385,,ABUW_3168,doi https://doi.org/10.1101/2020.11.17.387936,Differential expression in a abaM AB5075 knockout
539,570,AbaM,,regulator,,,,ABUW_RS17440,,ABUW_3583,doi https://doi.org/10.1101/2020.11.17.387936,Differential expression in a abaM AB5075 knockout
540,571,AbaM,,regulator,,,,ABUW_RS03380,,ABUW_0687,doi https://doi.org/10.1101/2020.11.17.387936,Differential expression in a abaM AB5075 knockout
541,572,AbaM,,regulator,,,,ABUW_RS17200,,ABUW_3535,doi https://doi.org/10.1101/2020.11.17.387936,Differential expression in a abaM AB5075 knockout
542,573,AbaM,,regulator,,,,ABUW_RS02775,,ABUW_0565,doi https://doi.org/10.1101/2020.11.17.387936,Differential expression in a abaM AB5075 knockout
544,575,AbaM,,regulator,,,,ABUW_RS00585,,ABUW_0118,doi https://doi.org/10.1101/2020.11.17.387936,Differential expression in a abaM AB5075 knockout
545,576,GigC,,TF,+,,cysI,,,ABUW_0643,doi 10.1128/IAI.00180-20,EMSA in AB5075
546,577,GigC,,TF,-,,cysH,,,ABUW_0722,doi 10.1128/IAI.00180-20,expression in AB5075 with gigC KO
547,578,GigC,,TF,-,,cysQ,,,ABUW_2218,doi 10.1128/IAI.00180-20,expression in AB5075 with gigC KO
548,579,GigC,,TF,+,,cysN,,,ABUW_2895,doi 10.1128/IAI.00180-20,expression in AB5075 with gigC KO
549,580,GigC,,TF,+,,cysD,,,ABUW_2806,doi 10.1128/IAI.00180-20,expression in AB5075 with gigC KO
550,581,ABUW_1645,,regulator,4.915216955,,TetR family transcriptional regulator,,,ABUW_2818,https://journals.asm.org/doi/10.1128/mBio.02338-20,expression in VIR-O versus AV-T 
551,582,ABUW_1645,,regulator,2.301672048,,"transcriptional regulator, TetR family",,,ABUW_1645,https://journals.asm.org/doi/10.1128/mBio.02338-20,expression in VIR-O versus AV-T 
552,583,ABUW_1645,,regulator,1.708356159,,LrgA family protein,,,ABUW_2408,https://journals.asm.org/doi/10.1128/mBio.02338-20,expression in VIR-O versus AV-T 
553,584,ABUW_1645,,regulator,1.457183349,,TonB-dependent receptor protein,,,ABUW_0143,https://journals.asm.org/doi/10.1128/mBio.02338-20,expression in VIR-O versus AV-T 
554,585,ABUW_1645,,regulator,1.371783697,,alkaline phosphatase,,,ABUW_0904,https://journals.asm.org/doi/10.1128/mBio.02338-20,expression in VIR-O versus AV-T 
555,586,ABUW_1645,,regulator,1.370619141,,hypothetical protein,,,ABUW_0813,https://journals.asm.org/doi/10.1128/mBio.02338-20,expression in VIR-O versus AV-T 
556,587,ABUW_1645,,regulator,1.365134692,,formylglycine-generating sulfatase  enzyme domain-containing protein,,,ABUW_2921,https://journals.asm.org/doi/10.1128/mBio.02338-20,expression in VIR-O versus AV-T 
557,588,ABUW_1645,,regulator,1.236190442,,,,,ABUW_2696,https://journals.asm.org/doi/10.1128/mBio.02338-20,expression in VIR-O versus AV-T 
558,589,ABUW_1645,,regulator,1.226512802,,oxidoreductase,,,ABUW_2122,https://journals.asm.org/doi/10.1128/mBio.02338-20,expression in VIR-O versus AV-T 
559,590,ABUW_1645,,regulator,1.176246145,,hypothetical protein,,,ABUW_1044,https://journals.asm.org/doi/10.1128/mBio.02338-20,expression in VIR-O versus AV-T 
560,591,ABUW_1645,,regulator,1.131448712,,hypothetical protein,,,ABUW_0812,https://journals.asm.org/doi/10.1128/mBio.02338-20,expression in VIR-O versus AV-T 
561,592,ABUW_1645,,regulator,1.0991632,,TonB-dependent receptor,,,ABUW_3403,https://journals.asm.org/doi/10.1128/mBio.02338-20,expression in VIR-O versus AV-T 
562,593,ABUW_1645,,regulator,1.046470806,fahA,fumarylacetoacetase,,,ABUW_0070,https://journals.asm.org/doi/10.1128/mBio.02338-20,expression in VIR-O versus AV-T 
563,594,ABUW_1645,,regulator,1.040780318,hppD,4-hydroxyphenylpyruvate dioxygenase,,,ABUW_0066,https://journals.asm.org/doi/10.1128/mBio.02338-20,expression in VIR-O versus AV-T 
564,595,ABUW_1645,,regulator,1.040300808,,glyoxalase/bleomycin resistance protein/dioxygenase,,,ABUW_0068,https://journals.asm.org/doi/10.1128/mBio.02338-20,expression in VIR-O versus AV-T 
565,596,ABUW_1645,,regulator,1.010368124,,RtcB family protein,,,ABUW_0651,https://journals.asm.org/doi/10.1128/mBio.02338-20,expression in VIR-O versus AV-T 
566,597,ABUW_1645,,regulator,0.992285043,,hypothetical protein,,,ABUW_0810,https://journals.asm.org/doi/10.1128/mBio.02338-20,expression in VIR-O versus AV-T 
567,598,ABUW_1645,,regulator,0.986078588,,phage-related major tail tube protein (FII-like),,,ABUW_0566,https://journals.asm.org/doi/10.1128/mBio.02338-20,expression in VIR-O versus AV-T 
568,599,ABUW_1645,,regulator,0.979928548,mdfA,chloramphenicol resistance pump cmr,,,ABUW_0337,https://journals.asm.org/doi/10.1128/mBio.02338-20,expression in VIR-O versus AV-T 
569,600,ABUW_1645,,regulator,0.965603901,,"ABC transporter, ATP-binding protein",,,ABUW_1660,https://journals.asm.org/doi/10.1128/mBio.02338-20,expression in VIR-O versus AV-T 
570,601,ABUW_1645,,regulator,0.918564326,bfr2,bacterioferritin,,,ABUW_3125,https://journals.asm.org/doi/10.1128/mBio.02338-20,expression in VIR-O versus AV-T 
571,602,ABUW_1645,,regulator,0.884457817,,DEAD/DEAH box helicase,,,ABUW_0381,https://journals.asm.org/doi/10.1128/mBio.02338-20,expression in VIR-O versus AV-T 
572,603,ABUW_1645,,regulator,0.855683002,aadA1,aminoglycoside 3''-adenylyltransferase aadA1,,,ABUW_4057,https://journals.asm.org/doi/10.1128/mBio.02338-20,expression in VIR-O versus AV-T 
573,604,ABUW_1645,,regulator,-0.778440897,,hypothetical protein,,,ABUW_2923,https://journals.asm.org/doi/10.1128/mBio.02338-20,expression in VIR-O versus AV-T 
574,605,ABUW_1645,,regulator,-0.803105363,,hypothetical protein,,,ABUW_3579,https://journals.asm.org/doi/10.1128/mBio.02338-20,expression in VIR-O versus AV-T 
575,606,ABUW_1645,,regulator,-0.817472718,,hypothetical protein,,,ABUW_1210,https://journals.asm.org/doi/10.1128/mBio.02338-20,expression in VIR-O versus AV-T 
576,607,ABUW_1645,,regulator,-0.839692432,katE,catalase,,,ABUW_2436,https://journals.asm.org/doi/10.1128/mBio.02338-20,expression in VIR-O versus AV-T 
577,608,ABUW_1645,,regulator,-0.840947021,,sulfate transporter,,,ABUW_0259,https://journals.asm.org/doi/10.1128/mBio.02338-20,expression in VIR-O versus AV-T 
578,609,ABUW_1645,,regulator,-0.845669728,,"type VI secretion system effector, Hcp1 family",,,ABUW_2578,https://journals.asm.org/doi/10.1128/mBio.02338-20,expression in VIR-O versus AV-T 
579,610,ABUW_1645,,regulator,-0.854295085,,UPF0391 membrane protein,,,ABUW_0053,https://journals.asm.org/doi/10.1128/mBio.02338-20,expression in VIR-O versus AV-T 
580,611,ABUW_1645,,regulator,-0.871637245,degP,"peptidase S1C, Do",,,ABUW_1027,https://journals.asm.org/doi/10.1128/mBio.02338-20,expression in VIR-O versus AV-T 
581,612,ABUW_1645,,regulator,-0.878944874,ampC,beta-lactamase ADC7,,,ABUW_1194,https://journals.asm.org/doi/10.1128/mBio.02338-20,expression in VIR-O versus AV-T 
582,613,ABUW_1645,,regulator,-0.882858345,,putative hemolysin,,,ABUW_2554,https://journals.asm.org/doi/10.1128/mBio.02338-20,expression in VIR-O versus AV-T 
583,614,ABUW_1645,,regulator,-0.894814047,,hypothetical protein,,,ABUW_1128,https://journals.asm.org/doi/10.1128/mBio.02338-20,expression in VIR-O versus AV-T 
584,615,ABUW_1645,,regulator,-0.903293993,,hypothetical protein,,,ABUW_1536,https://journals.asm.org/doi/10.1128/mBio.02338-20,expression in VIR-O versus AV-T 
585,616,ABUW_1645,,regulator,-0.911893193,,EamA-like transporter family protein,,,ABUW_1499,https://journals.asm.org/doi/10.1128/mBio.02338-20,expression in VIR-O versus AV-T 
586,617,ABUW_1645,,regulator,-0.918789675,,oxidoreductase alpha (molybdopterin) subunit,,,ABUW_0944,https://journals.asm.org/doi/10.1128/mBio.02338-20,expression in VIR-O versus AV-T 
587,618,ABUW_1645,,regulator,-0.922651828,,hypothetical protein,,,ABUW_1076,https://journals.asm.org/doi/10.1128/mBio.02338-20,expression in VIR-O versus AV-T 
588,619,ABUW_1645,,regulator,-0.924010289,,acyl-CoA dehydrogenase,,,ABUW_1227,https://journals.asm.org/doi/10.1128/mBio.02338-20,expression in VIR-O versus AV-T 
589,620,ABUW_1645,,regulator,-0.926969624,acnA,aconitate hydratase 1,,,ABUW_3346,https://journals.asm.org/doi/10.1128/mBio.02338-20,expression in VIR-O versus AV-T 
590,621,ABUW_1645,,regulator,-0.938225273,,hypothetical protein,,,ABUW_2832,https://journals.asm.org/doi/10.1128/mBio.02338-20,expression in VIR-O versus AV-T 
591,622,ABUW_1645,,regulator,-0.953993334,,universal stress protein family,,,ABUW_2639,https://journals.asm.org/doi/10.1128/mBio.02338-20,expression in VIR-O versus AV-T 
592,623,ABUW_1645,,regulator,-0.965956612,,hypothetical protein,,,ABUW_2519,https://journals.asm.org/doi/10.1128/mBio.02338-20,expression in VIR-O versus AV-T 
593,624,ABUW_1645,,regulator,-0.966124285,,PGAP1-like GPI inositol-deacylase,,,ABUW_0274,https://journals.asm.org/doi/10.1128/mBio.02338-20,expression in VIR-O versus AV-T 
594,625,ABUW_1645,,regulator,-0.980194072,,Gp5 domain-containing protein,,,ABUW_0116,https://journals.asm.org/doi/10.1128/mBio.02338-20,expression in VIR-O versus AV-T 
595,626,ABUW_1645,,regulator,-0.987633118,,hypothetical protein,,,ABUW_0851,https://journals.asm.org/doi/10.1128/mBio.02338-20,expression in VIR-O versus AV-T 
596,627,ABUW_1645,,regulator,-1.001629876,,hypothetical protein,,,ABUW_1473,https://journals.asm.org/doi/10.1128/mBio.02338-20,expression in VIR-O versus AV-T 
597,628,ABUW_1645,,regulator,-1.01379071,aqpZ,aquaporin Z,,,ABUW_0237,https://journals.asm.org/doi/10.1128/mBio.02338-20,expression in VIR-O versus AV-T 
598,629,ABUW_1645,,regulator,-1.018109436,,hypothetical protein,,,ABUW_2058,https://journals.asm.org/doi/10.1128/mBio.02338-20,expression in VIR-O versus AV-T 
599,630,ABUW_1645,,regulator,-1.023763987,,isochorismatase hydrolase,,,ABUW_1905,https://journals.asm.org/doi/10.1128/mBio.02338-20,expression in VIR-O versus AV-T 
600,631,ABUW_1645,,regulator,-1.026620022,,hypothetical protein,,,ABUW_1287,https://journals.asm.org/doi/10.1128/mBio.02338-20,expression in VIR-O versus AV-T 
601,632,ABUW_1645,,regulator,-1.047486814,,hypothetical protein,,,ABUW_2161,https://journals.asm.org/doi/10.1128/mBio.02338-20,expression in VIR-O versus AV-T 
602,633,ABUW_1645,,regulator,-1.069574174,,glycosylase/bleomycin  resistance/fosfomycin  resistance/dioxygenase  domain-containing protein,,,ABUW_0646,https://journals.asm.org/doi/10.1128/mBio.02338-20,expression in VIR-O versus AV-T 
603,634,ABUW_1645,,regulator,-1.074141993,,heme oxygenase-like protein,,,ABUW_1693,https://journals.asm.org/doi/10.1128/mBio.02338-20,expression in VIR-O versus AV-T 
604,635,ABUW_1645,,regulator,-1.079884798,,aldose 1-epimerase,,,ABUW_2933,https://journals.asm.org/doi/10.1128/mBio.02338-20,expression in VIR-O versus AV-T 
605,636,ABUW_1645,,regulator,-1.089615925,,"transcriptional regulator, fur family",,,ABUW_2074,https://journals.asm.org/doi/10.1128/mBio.02338-20,expression in VIR-O versus AV-T 
606,637,ABUW_1645,,regulator,-1.09479475,,peptidoglycan-binding LysM,,,ABUW_3106,https://journals.asm.org/doi/10.1128/mBio.02338-20,expression in VIR-O versus AV-T 
607,638,ABUW_1645,,regulator,-1.108357881,,hypothetical protein,,,ABUW_2834,https://journals.asm.org/doi/10.1128/mBio.02338-20,expression in VIR-O versus AV-T 
608,639,ABUW_1645,,regulator,-1.121926699,,hypothetical protein,,,ABUW_0117,https://journals.asm.org/doi/10.1128/mBio.02338-20,expression in VIR-O versus AV-T 
609,640,ABUW_1645,,regulator,-1.130234332,cbpA,curved DNA-binding protein,,,ABUW_3515,https://journals.asm.org/doi/10.1128/mBio.02338-20,expression in VIR-O versus AV-T 
610,641,ABUW_1645,,regulator,-1.135099295,gst,glutathione S-transferase,,,ABUW_2725,https://journals.asm.org/doi/10.1128/mBio.02338-20,expression in VIR-O versus AV-T 
611,642,ABUW_1645,,regulator,-1.143888233,,hypothetical protein,,,ABUW_0181,https://journals.asm.org/doi/10.1128/mBio.02338-20,expression in VIR-O versus AV-T 
612,643,ABUW_1645,,regulator,-1.152675852,,acyl-CoA dehydrogenase,,,ABUW_1573,https://journals.asm.org/doi/10.1128/mBio.02338-20,expression in VIR-O versus AV-T 
613,644,ABUW_1645,,regulator,-1.153686976,,hypothetical protein,,,ABUW_0771,https://journals.asm.org/doi/10.1128/mBio.02338-20,expression in VIR-O versus AV-T 
614,645,ABUW_1645,,regulator,-1.159158709,ygiW2,bacterial OB fold domain-containing  protein YgiW,,,ABUW_1471,https://journals.asm.org/doi/10.1128/mBio.02338-20,expression in VIR-O versus AV-T 
615,646,ABUW_1645,,regulator,-1.172701199,,glyoxalase,,,ABUW_3026,https://journals.asm.org/doi/10.1128/mBio.02338-20,expression in VIR-O versus AV-T 
616,647,ABUW_1645,,regulator,-1.181108957,,hypothetical protein,,,ABUW_0233,https://journals.asm.org/doi/10.1128/mBio.02338-20,expression in VIR-O versus AV-T 
617,648,ABUW_1645,,regulator,-1.191835384,,bacterial SH3 domain-containing protein,,,ABUW_0121,https://journals.asm.org/doi/10.1128/mBio.02338-20,expression in VIR-O versus AV-T 
618,649,ABUW_1645,,regulator,-1.217300799,,short-chain dehydrogenase/reductase,,,ABUW_1572,https://journals.asm.org/doi/10.1128/mBio.02338-20,expression in VIR-O versus AV-T 
619,650,ABUW_1645,,regulator,-1.226698819,,methylcrotonoyl-CoA carboxylase subunit alpha,,,ABUW_2455,https://journals.asm.org/doi/10.1128/mBio.02338-20,expression in VIR-O versus AV-T 
620,651,ABUW_1645,,regulator,-1.237259797,mgh,3-methylglutaconyl-CoA hydratase,,,ABUW_2454,https://journals.asm.org/doi/10.1128/mBio.02338-20,expression in VIR-O versus AV-T 
621,652,ABUW_1645,,regulator,-1.240961448,,putative flavoprotein,,,ABUW_3865,https://journals.asm.org/doi/10.1128/mBio.02338-20,expression in VIR-O versus AV-T 
622,653,ABUW_1645,,regulator,-1.255140213,,oxidoreductase,,,ABUW_2435,https://journals.asm.org/doi/10.1128/mBio.02338-20,expression in VIR-O versus AV-T 
623,654,ABUW_1645,,regulator,-1.257349861,,OmpA/MotB,,,ABUW_2730,https://journals.asm.org/doi/10.1128/mBio.02338-20,expression in VIR-O versus AV-T 
624,655,ABUW_1645,,regulator,-1.28090319,,long-chain fatty-acid-CoA ligase,,,ABUW_2450,https://journals.asm.org/doi/10.1128/mBio.02338-20,expression in VIR-O versus AV-T 
625,656,ABUW_1645,,regulator,-1.285871348,,hypothetical protein,,,ABUW_0118,https://journals.asm.org/doi/10.1128/mBio.02338-20,expression in VIR-O versus AV-T 
626,657,ABUW_1645,,regulator,-1.293825891,,hypothetical protein,,,ABUW_1282,https://journals.asm.org/doi/10.1128/mBio.02338-20,expression in VIR-O versus AV-T 
627,658,ABUW_1645,,regulator,-1.304365804,sndH2,L-sorbosone dehydrogenase,,,ABUW_1902,https://journals.asm.org/doi/10.1128/mBio.02338-20,expression in VIR-O versus AV-T 
628,659,ABUW_1645,,regulator,-1.338203834,,hypothetical protein,,,ABUW_1652,https://journals.asm.org/doi/10.1128/mBio.02338-20,expression in VIR-O versus AV-T 
629,660,ABUW_1645,,regulator,-1.353270987,,fimbrial biogenesis outer membrane  usher protein,,,ABUW_1633,https://journals.asm.org/doi/10.1128/mBio.02338-20,expression in VIR-O versus AV-T 
630,661,ABUW_1645,,regulator,-1.387516291,,hypothetical protein,,,ABUW_2061,https://journals.asm.org/doi/10.1128/mBio.02338-20,expression in VIR-O versus AV-T 
631,662,ABUW_1645,,regulator,-1.393659853,,hypothetical protein,,,ABUW_1903,https://journals.asm.org/doi/10.1128/mBio.02338-20,expression in VIR-O versus AV-T 
632,663,ABUW_1645,,regulator,-1.437296542,,transcriptional regulator AcrR family,,,ABUW_2451,https://journals.asm.org/doi/10.1128/mBio.02338-20,expression in VIR-O versus AV-T 
633,664,ABUW_1645,,regulator,-1.444745708,,hypothetical protein,,,ABUW_2685,https://journals.asm.org/doi/10.1128/mBio.02338-20,expression in VIR-O versus AV-T 
634,665,ABUW_1645,,regulator,-1.449387973,,hypothetical protein,,,ABUW_2686,https://journals.asm.org/doi/10.1128/mBio.02338-20,expression in VIR-O versus AV-T 
635,666,ABUW_1645,,regulator,-1.458717146,,hydroxymethylglutaryl-CoA lyase,,,ABUW_2456,https://journals.asm.org/doi/10.1128/mBio.02338-20,expression in VIR-O versus AV-T 
636,667,ABUW_1645,,regulator,-1.467473995,,transporter LysE family,,,ABUW_2691,https://journals.asm.org/doi/10.1128/mBio.02338-20,expression in VIR-O versus AV-T 
637,668,ABUW_1645,,regulator,-1.489326388,add2,adenosine deaminase,,,ABUW_3217,https://journals.asm.org/doi/10.1128/mBio.02338-20,expression in VIR-O versus AV-T 
638,669,ABUW_1645,,regulator,-1.49891424,,phage putative head morphogenesis protein,,,ABUW_2684,https://journals.asm.org/doi/10.1128/mBio.02338-20,expression in VIR-O versus AV-T 
639,670,ABUW_1645,,regulator,-1.518525474,,hypothetical protein,,,ABUW_2065,https://journals.asm.org/doi/10.1128/mBio.02338-20,expression in VIR-O versus AV-T 
640,671,ABUW_1645,,regulator,-1.587382829,,putative transcriptional regulator,,,ABUW_3352,https://journals.asm.org/doi/10.1128/mBio.02338-20,expression in VIR-O versus AV-T 
641,672,ABUW_1645,,regulator,-1.598364095,,hypothetical protein,,,ABUW_3147,https://journals.asm.org/doi/10.1128/mBio.02338-20,expression in VIR-O versus AV-T 
642,673,ABUW_1645,,regulator,-1.598822306,,hypothetical protein,,,ABUW_1988,https://journals.asm.org/doi/10.1128/mBio.02338-20,expression in VIR-O versus AV-T 
643,674,ABUW_1645,,regulator,-1.622826603,,isovaleryl-CoA dehydrogenase,,,ABUW_2452,https://journals.asm.org/doi/10.1128/mBio.02338-20,expression in VIR-O versus AV-T 
644,675,ABUW_1645,,regulator,-1.643082209,,hypothetical protein,,,ABUW_2060,https://journals.asm.org/doi/10.1128/mBio.02338-20,expression in VIR-O versus AV-T 
645,676,ABUW_1645,,regulator,-1.6473942,,methylcrotonoyl-CoA carboxylase beta chain,,,ABUW_2453,https://journals.asm.org/doi/10.1128/mBio.02338-20,expression in VIR-O versus AV-T 
646,677,ABUW_1645,,regulator,-1.661588713,,lipocalin family protein,,,ABUW_1508,https://journals.asm.org/doi/10.1128/mBio.02338-20,expression in VIR-O versus AV-T 
647,678,ABUW_1645,,regulator,-1.684595935,,hypothetical protein,,,ABUW_2149,https://journals.asm.org/doi/10.1128/mBio.02338-20,expression in VIR-O versus AV-T 
648,679,ABUW_1645,,regulator,-1.82504609,,PapD-like P pilus assembly protein,,,ABUW_1632,https://journals.asm.org/doi/10.1128/mBio.02338-20,expression in VIR-O versus AV-T 
649,680,ABUW_1645,,regulator,-1.831083983,,hypothetical protein,,,ABUW_2621,https://journals.asm.org/doi/10.1128/mBio.02338-20,expression in VIR-O versus AV-T 
650,681,ABUW_1645,,regulator,-1.832438149,,hypothetical protein,,,ABUW_2442,https://journals.asm.org/doi/10.1128/mBio.02338-20,expression in VIR-O versus AV-T 
651,682,ABUW_1645,,regulator,-1.837037338,,hemerythrin,,,ABUW_0328,https://journals.asm.org/doi/10.1128/mBio.02338-20,expression in VIR-O versus AV-T 
652,683,ABUW_1645,,regulator,-1.841394326,,transporter LysE family,,,ABUW_0235,https://journals.asm.org/doi/10.1128/mBio.02338-20,expression in VIR-O versus AV-T 
653,684,ABUW_1645,,regulator,-1.856545115,,acyl-CoA dehydrogenase,,,ABUW_1467,https://journals.asm.org/doi/10.1128/mBio.02338-20,expression in VIR-O versus AV-T 
654,685,ABUW_1645,,regulator,-1.861413285,,hypothetical protein,,,ABUW_1286,https://journals.asm.org/doi/10.1128/mBio.02338-20,expression in VIR-O versus AV-T 
655,686,ABUW_1645,,regulator,-1.916796142,,peroxidase,,,ABUW_0628,https://journals.asm.org/doi/10.1128/mBio.02338-20,expression in VIR-O versus AV-T 
656,687,ABUW_1645,,regulator,-2.010990393,,heme oxygenase-like protein,,,ABUW_3351,https://journals.asm.org/doi/10.1128/mBio.02338-20,expression in VIR-O versus AV-T 
657,688,ABUW_1645,,regulator,-2.06556065,otsB,trehalose-phosphatase,,,ABUW_3122,https://journals.asm.org/doi/10.1128/mBio.02338-20,expression in VIR-O versus AV-T 
658,689,ABUW_1645,,regulator,-2.129653059,,hypothetical protein,,,ABUW_1651,https://journals.asm.org/doi/10.1128/mBio.02338-20,expression in VIR-O versus AV-T 
659,690,ABUW_1645,,regulator,-2.157222364,,hypothetical protein,,,ABUW_1659,https://journals.asm.org/doi/10.1128/mBio.02338-20,expression in VIR-O versus AV-T 
660,691,ABUW_1645,,regulator,-2.179770653,,hypothetical protein,,,ABUW_2673,https://journals.asm.org/doi/10.1128/mBio.02338-20,expression in VIR-O versus AV-T 
661,692,ABUW_1645,,regulator,-2.208853253,,hypothetical protein,,,ABUW_2064,https://journals.asm.org/doi/10.1128/mBio.02338-20,expression in VIR-O versus AV-T 
662,693,ABUW_1645,,regulator,-2.226155348,,hypothetical protein,,,ABUW_2434,https://journals.asm.org/doi/10.1128/mBio.02338-20,expression in VIR-O versus AV-T 
663,694,ABUW_1645,,regulator,-2.252388237,,spore coat protein U,,,ABUW_1631,https://journals.asm.org/doi/10.1128/mBio.02338-20,expression in VIR-O versus AV-T 
664,695,ABUW_1645,,regulator,-2.348140035,,hypothetical protein,,,ABUW_2861,https://journals.asm.org/doi/10.1128/mBio.02338-20,expression in VIR-O versus AV-T 
665,696,ABUW_1645,,regulator,-2.58878957,,hypothetical protein,,,ABUW_1466,https://journals.asm.org/doi/10.1128/mBio.02338-20,expression in VIR-O versus AV-T 
