,Unnamed: 0,regulator,TF_id,trn_type,gene_name,N315_gene_id,gene_id
0,0,Zur,SA1383,TF,SA2203,SA2203,USA300HOU_RS13055
1,1,Zur,SA1383,TF,SA0806,SA0806,USA300HOU_RS04685
2,2,Zur,SA1383,TF,rpsN2,SA1171,USA300HOU_RS06795
3,3,Zur,SA1383,TF,rpmG2,SAS042,USA300HOU_RS06790
4,4,Zur,SA1383,TF,znuC,SA1385,USA300HOU_RS08305
5,5,Zur,SA1383,TF,znuB,SA1384,USA300HOU_RS08300
6,6,Zur,SA1383,TF,zur,SA1383,USA300HOU_RS08295
7,7,Zur,SA1383,TF,zinT,SA2194,USA300HOU_RS13005
8,8,Zur,SA1383,TF,yciC,SA0410,USA300HOU_RS02265
9,9,Zur,SA1383,TF,SA2370,SA2370,USA300HOU_RS14015
10,10,Zur,SA1383,TF,SA2369,SA2369,USA300HOU_RS14010
11,11,Zur,SA1383,TF,SA2368,SA2368,USA300HOU_RS14005
12,12,YtrA,SA1748,TF,ytrA,SA1748,USA300HOU_RS10500
13,13,YtrA,SA1748,TF,ytrB,SA1747,USA300HOU_RS10495
14,14,YtrA,SA1748,TF,SA1746,SA1746,USA300HOU_RS10490
15,15,YtrA,SA1748,TF,SA1745,SA1745,USA300HOU_RS10485
16,16,YtrA,SA1748,TF,SA1744,SA1744,USA300HOU_RS10480
17,17,BglR,SA0254,TF,yydK,SA0254,USA300HOU_RS01370
18,18,BglR,SA0254,TF,SA0255,SA0255,USA300HOU_RS01375
19,19,BglR,SA0254,TF,bglA,SA0256,USA300HOU_RS01380
20,20,HisR,SA1723,TF,yuiF,SA0804,USA300HOU_RS04675
21,21,HisR,SA1723,TF,SA0805,SA0805,USA300HOU_RS04680
22,22,HisR,SA1723,TF,SA0417,SA0417,USA300HOU_RS02310
23,23,HisR,SA1723,TF,hisZ,SA2472,USA300HOU_RS14550
24,24,HisR,SA1723,TF,hisG,SA2471,USA300HOU_RS14545
25,25,HisR,SA1723,TF,hisD,SA2470,USA300HOU_RS14540
26,26,HisR,SA1723,TF,hisC,SA2469,USA300HOU_RS14535
27,27,HisR,SA1723,TF,hisB,SA2468,USA300HOU_RS14530
28,28,HisR,SA1723,TF,hisH,SA2467,USA300HOU_RS14525
29,29,HisR,SA1723,TF,hisA,SA2466,USA300HOU_RS14520
30,30,HisR,SA1723,TF,hisF,SA2465,USA300HOU_RS14515
31,31,HisR,SA1723,TF,hisIE,SA2464,USA300HOU_RS14510
32,32,HisR,SA1723,TF,hisR,SA1723,USA300HOU_RS10355
33,33,TreR,SA0434,TF,treP,SA0432,USA300HOU_RS02390
34,34,TreR,SA0434,TF,treA,SA0433,USA300HOU_RS02395
35,35,TreR,SA0434,TF,treR,SA0434,USA300HOU_RS02400
36,36,ScrR,SA1847,TF,scrB,SA1846,USA300HOU_RS10990
37,37,ScrR,SA1847,TF,scrK,SA1845,USA300HOU_RS10985
38,38,ScrR,SA1847,TF,scrA,SA2167,USA300HOU_RS12870
39,39,SaeR,SA0661,TF,coa,SA0222,USA300HOU_RS01175
40,40,SaeR,SA0661,TF,tst,SA1819,USA300HOU_RS02145
41,41,SaeR,SA0661,TF,splA,SA1631,USA300HOU_RS09655
42,42,SaeR,SA0661,TF,set15,SA0393,USA300HOU_RS02180
43,43,SaeR,SA0661,TF,SA0394,SA0394,USA300HOU_RS02185
44,44,SaeR,SA0661,TF,set13,SA0389,USA300HOU_RS02155
45,45,SaeR,SA0661,TF,set11,SA0387,USA300HOU_RS02145
46,46,SaeR,SA0661,TF,sbi,SA2206,USA300HOU_RS13085
47,47,SaeR,SA0661,TF,sak,SA1758,USA300HOU_RS10565
48,48,SaeR,SA0661,TF,saeP,SA0663,USA300HOU_RS03825
49,50,SaeR,SA0661,TF,saeR,SA0661,USA300HOU_RS03815
50,51,SaeR,SA0661,TF,saeS,SA0660,USA300HOU_RS03810
51,52,SaeR,SA0661,TF,SA1818,SA1818,USA300HOU_RS04500
52,53,SaeR,SA0661,TF,SA1754,SA1754,USA300HOU_RS10550
53,54,SaeR,SA0661,TF,SA1633,SA1633,USA300HOU_RS09665
54,55,SaeR,SA0661,TF,SA1000,SA1000,USA300HOU_RS05775
55,56,SaeR,SA0661,TF,SA0357,SA0357,USA300HOU_RS01965
56,57,SaeR,SA0661,TF,SA0213,SA0213,USA300HOU_RS01125
57,58,SaeR,SA0661,TF,map,SA1751,USA300HOU_RS10525
58,60,SaeR,SA0661,TF,lukS,SA1813,USA300HOU_RS10875
59,61,SaeR,SA0661,TF,lukF,SA1812,USA300HOU_RS10870
60,62,SaeR,SA0661,TF,lukE,SA1638,USA300HOU_RS09720
61,63,SaeR,SA0661,TF,lukD,SA1637,USA300HOU_RS09715
62,64,SaeR,SA0661,TF,lpl1,SA0396,USA300HOU_RS02195
63,65,SaeR,SA0661,TF,lpl2,SA0397,USA300HOU_RS02240
64,66,SaeR,SA0661,TF,lpl3,SA0398,USA300HOU_RS02235
65,67,SaeR,SA0661,TF,hlgC,SA2208,USA300HOU_RS13100
66,68,SaeR,SA0661,TF,hlgB,SA2209,USA300HOU_RS13105
67,69,SaeR,SA0661,TF,hla,SA1007,USA300HOU_RS05825
68,71,Rex,SA1851,TF,vicR,SA0017,USA300HOU_RS00100
69,72,Rex,SA1851,TF,vicK,SA0018,USA300HOU_RS00105
70,73,Rex,SA1851,TF,srrA,SA1323,USA300HOU_RS07980
71,74,Rex,SA1851,TF,srrB,SA1322,USA300HOU_RS07975
72,75,Rex,SA1851,TF,,SA2268,USA300HOU_RS13450
73,76,Rex,SA1851,TF,pflB,SA0218,USA300HOU_RS01150
74,77,Rex,SA1851,TF,pflA,SA0219,USA300HOU_RS01155
75,78,Rex,SA1851,TF,nirR,SA2189,USA300HOU_RS12980
76,79,Rex,SA1851,TF,nasD,SA2188,USA300HOU_RS12975
77,80,Rex,SA1851,TF,nasE,SA2187,USA300HOU_RS12970
78,81,Rex,SA1851,TF,nasF,SA2186,USA300HOU_RS12965
79,82,Rex,SA1851,TF,nirC,SA0293,USA300HOU_RS01620
80,83,Rex,SA1851,TF,narK,SA2176,USA300HOU_RS12915
81,84,Rex,SA1851,TF,narG,SA2185,USA300HOU_RS12960
82,85,Rex,SA1851,TF,narH,SA2184,USA300HOU_RS12955
83,86,Rex,SA1851,TF,narJ,SA2183,USA300HOU_RS12950
84,87,Rex,SA1851,TF,narI,SA2182,USA300HOU_RS12945
85,88,Rex,SA1851,TF,nreA,SA2181,USA300HOU_RS12940
86,89,Rex,SA1851,TF,nreB,SA2180,USA300HOU_RS12935
87,90,Rex,SA1851,TF,nreC,SA2179,USA300HOU_RS12930
88,91,Rex,SA1851,TF,lctP,SA2156,USA300HOU_RS12805
89,92,Rex,SA1851,TF,ldh,SA0232,USA300HOU_RS01245
90,93,Rex,SA1851,TF,hmp,SA0231,USA300HOU_RS01235
91,94,Rex,SA1851,TF,frp,SA2311,USA300HOU_RS13680
92,95,Rex,SA1851,TF,ddh,SA2312,USA300HOU_RS13685
93,96,Rex,SA1851,TF,arcA,SA2428,USA300HOU_RS14320
94,97,Rex,SA1851,TF,arcB,SA2427,USA300HOU_RS14315
95,98,Rex,SA1851,TF,arcD,SA2426,USA300HOU_RS14310
96,99,Rex,SA1851,TF,arcC,SA2425,USA300HOU_RS14305
97,100,Rex,SA1851,TF,arcR,SA2424,USA300HOU_RS14300
98,101,Rex,SA1851,TF,ald1,SA1272,USA300HOU_RS07360
99,102,Rex,SA1851,TF,adhE,SA0143,USA300HOU_RS00795
100,103,Rex,SA1851,TF,adh1/adhB,SA0562,USA300HOU_RS03215
101,104,RbsR,SA0261,TF,rbsU,SA0260,USA300HOU_RS01410
102,105,RbsR,SA0261,TF,rbsD,SA0259,USA300HOU_RS01405
103,106,RbsR,SA0261,TF,rbsK,SA0258,USA300HOU_RS01400
104,107,RbsR2,,TF,rbsU,SA0260,USA300HOU_RS01410
105,108,RbsR2,,TF,rbsD,SA0259,USA300HOU_RS01405
106,109,RbsR2,,TF,rbsK,SA0258,USA300HOU_RS01400
107,110,PerR,SA1678,TF,sufB,SA0778,USA300HOU_RS04535
108,111,PerR,SA1678,TF,ahpC,SA0366,USA300HOU_RS02020
109,112,PerR,SA1678,TF,ahpF,SA0365,USA300HOU_RS02015
110,113,PerR,SA1678,TF,bcp,SA1680,USA300HOU_RS10105
111,114,PerR,SA1678,TF,SA1679,SA1679,USA300HOU_RS10100
112,115,PerR,SA1678,TF,dps,SA1941,USA300HOU_RS11550
113,116,PerR,SA1678,TF,ftnA,SA1709,USA300HOU_RS10275
114,117,PerR,SA1678,TF,fur,SA1329,USA300HOU_RS08010
115,118,PerR,SA1678,TF,hemE,SA1652,USA300HOU_RS09795
116,119,PerR,SA1678,TF,hemH,SA1651,USA300HOU_RS09790
117,120,PerR,SA1678,TF,hemY,SA1650,USA300HOU_RS09785
118,121,PerR,SA1678,TF,katA,SA1170,USA300HOU_RS06785
119,122,PerR,SA1678,TF,perR,SA1678,USA300HOU_RS10095
120,123,PerR,SA1678,TF,sufC,SA0774,USA300HOU_RS04515
121,124,PerR,SA1678,TF,sufD,SA0775,USA300HOU_RS04520
122,125,PerR,SA1678,TF,sufS,SA0776,USA300HOU_RS04525
123,126,PerR,SA1678,TF,nifU,SA0777,USA300HOU_RS04530
124,127,PurR,SA0454,TF,purE,SA0916,USA300HOU_RS05300
125,128,PurR,SA0454,TF,purK,SA0917,USA300HOU_RS05305
126,129,PurR,SA0454,TF,purC,SA0918,USA300HOU_RS05310
127,130,PurR,SA0454,TF,purS,SA0919,USA300HOU_RS05315
128,131,PurR,SA0454,TF,purQ,SA0920,USA300HOU_RS05320
129,132,PurR,SA0454,TF,purL,SA0921,USA300HOU_RS05325
130,133,PurR,SA0454,TF,purF,SA0922,USA300HOU_RS05330
131,134,PurR,SA0454,TF,purM,SA0923,USA300HOU_RS05335
132,135,PurR,SA0454,TF,purN,SA0924,USA300HOU_RS05340
133,136,PurR,SA0454,TF,purH,SA0925,USA300HOU_RS05345
134,137,PurR,SA0454,TF,purD,SA0926,USA300HOU_RS05350
135,138,PurR,SA0454,TF,purB,SA1724,USA300HOU_RS10360
136,139,PurR,SA0454,TF,purA,SA0016,USA300HOU_RS00085
137,140,PurR,SA0454,TF,folD,SA0915,USA300HOU_RS05295
138,141,NreC,SA2179,TF,nirR,SA2189,USA300HOU_RS12980
139,142,NreC,SA2179,TF,nasD,SA2188,USA300HOU_RS12975
140,143,NreC,SA2179,TF,nasE,SA2187,USA300HOU_RS12970
141,144,NreC,SA2179,TF,nasF,SA2186,USA300HOU_RS12965
142,145,NreC,SA2179,TF,narK,SA2176,USA300HOU_RS12915
143,146,NreC,SA2179,TF,narG,SA2185,USA300HOU_RS12960
144,147,NreC,SA2179,TF,narH,SA2184,USA300HOU_RS12955
145,148,NreC,SA2179,TF,narJ,SA2183,USA300HOU_RS12950
146,149,NreC,SA2179,TF,narI,SA2182,USA300HOU_RS12945
147,150,NreC,SA2179,TF,nreA,SA2181,USA300HOU_RS12940
148,151,NreC,SA2179,TF,nreB,SA2180,USA300HOU_RS12935
149,152,NreC,SA2179,TF,nreC,SA2179,USA300HOU_RS12930
150,153,MurR,SA0187,TF,SA0184,SA0184,USA300HOU_RS01005
151,154,MurR,SA0187,TF,murQ,SA0185,USA300HOU_RS01010
152,155,MurR,SA0187,TF,murT,SA0186,USA300HOU_RS01015
153,156,MurR,SA0187,TF,murR,SA0187,USA300HOU_RS01020
154,157,NrdR,SA1509,TF,nrdD,SA2410,USA300HOU_RS14200
155,158,NrdR,SA1509,TF,nrdG,SA2409,USA300HOU_RS14195
156,159,NrdR,SA1509,TF,nrdI,SA0685,USA300HOU_RS03945
157,160,NrdR,SA1509,TF,nrdE,SA0686,USA300HOU_RS03950
158,161,NrdR,SA1509,TF,nrdF,SA0687,USA300HOU_RS03955
159,162,MtlR,SA1961,TF,mtlF,SA1960,USA300HOU_RS11630
160,163,MtlR,SA1961,TF,mtlR,SA1961,USA300HOU_RS11635
161,164,MtlR,SA1961,TF,mtlA,SA1962,USA300HOU_RS11640
162,165,MtlR,SA1961,TF,mtlD,SA1963,USA300HOU_RS11645
163,166,MntR,SA0590,TF,mntH,SA0956,USA300HOU_RS05515
164,167,MntR,SA0590,TF,mntA,SA0589,USA300HOU_RS03430
165,168,MntR,SA0590,TF,mntB,SA0588,USA300HOU_RS03425
166,169,MntR,SA0590,TF,mntC,SA0587,USA300HOU_RS03420
167,170,MepR,SA0322,TF,mepR,SA0322,USA300HOU_RS01770
168,171,MepR,SA0322,TF,mepA,SA0323,USA300HOU_RS01775
169,174,MecI,SA0040,TF,mecA,SA0038,USA300HOU_RS00160
170,175,ManR,SA2433,TF,manP,SA2434,USA300HOU_RS14355
171,176,ManR,SA2433,TF,manA,SA2435,USA300HOU_RS14360
172,177,LexA,SA1174,TF,parE,SA1188,USA300HOU_RS06890
173,178,LexA,SA1174,TF,parC,SA1189,USA300HOU_RS06895
174,179,LexA,SA1174,TF,lexA,SA1174,USA300HOU_RS06815
175,180,LexA,SA1174,TF,uvrB,SA0713,USA300HOU_RS04105
176,181,LexA,SA1174,TF,uvrA,SA0714,USA300HOU_RS04110
177,182,LexA,SA1174,TF,sbcD,SA1180,USA300HOU_RS06850
178,183,LexA,SA1174,TF,sbcC,SA1181,USA300HOU_RS06855
179,184,LexA,SA1174,TF,SA1975,SA1975,USA300HOU_RS11760
180,185,LexA,SA1174,TF,SA1974,SA1974,USA300HOU_RS11755
181,186,LexA,SA1174,TF,SA1973,SA1973,USA300HOU_RS11750
182,187,LexA,SA1174,TF,SA1749,SA1749,USA300HOU_RS10515
183,188,LexA,SA1174,TF,SA0684,SA0684,USA300HOU_RS03940
184,189,LexA,SA1174,TF,SA0683,SA0683,USA300HOU_RS03935
185,190,LexA,SA1174,TF,recA,SA1128,USA300HOU_RS06475
186,191,LexA,SA1174,TF,,SA1738,USA300HOU_RS10445
187,192,LexA,SA1174,TF,uvrX,SA1196,USA300HOU_RS06945
188,193,MalR,SA1339,TF,malR,SA1339,USA300HOU_RS08060
189,194,MalR,SA1339,TF,malA,SA1338,USA300HOU_RS08055
190,195,MalR,SA1339,TF,mdxK,SA0206,USA300HOU_RS01090
191,196,MalR,SA1339,TF,mdxE,SA0207,USA300HOU_RS01095
192,197,MalR,SA1339,TF,mdxF,SA0208,USA300HOU_RS01100
193,198,MalR,SA1339,TF,mdxG,SA0209,USA300HOU_RS01105
194,199,MalR,SA1339,TF,gfoA,SA0210,USA300HOU_RS01110
195,200,MalR,SA1339,TF,gfoB,SA0211,USA300HOU_RS01115
196,201,MalR,SA1339,TF,gfoI,SA0212,USA300HOU_RS01120
197,202,IcaR,SA2458,TF,icaR,SA2458,USA300HOU_RS14475
198,203,IcaR,SA2458,TF,icaA,SA2459,USA300HOU_RS14480
199,204,IcaR,SA2458,TF,icaD,SA2460,USA300HOU_RS14485
200,205,IcaR,SA2458,TF,icaB,SA2461,USA300HOU_RS14490
201,206,IcaR,SA2458,TF,icaC,SA2462,USA300HOU_RS14495
202,209,LacR,SA1998,TF,lacC,SA1995,USA300HOU_RS11885
203,210,LacR,SA1998,TF,lacD,SA1994,USA300HOU_RS11880
204,211,LacR,SA1998,TF,lacF,SA1993,USA300HOU_RS11875
205,212,LacR,SA1998,TF,lacE,SA1992,USA300HOU_RS11870
206,213,LacR,SA1998,TF,lacG,SA1991,USA300HOU_RS11865
207,214,HssR,SA2151,TF,hrtB,SA2150,USA300HOU_RS12775
208,215,HssR,SA2151,TF,hrtA,SA2149,USA300HOU_RS12770
209,216,HutR,SA2123,TF,hutP,SA0308,USA300HOU_RS01695
210,217,HutR,SA2123,TF,hutU,SA2122,USA300HOU_RS12615
211,218,HutR,SA2123,TF,hutI,SA2121,USA300HOU_RS12610
212,219,HutR,SA2123,TF,hutR,SA2123,USA300HOU_RS12620
213,220,GntR,SA2295,TF,gntR,SA2295,USA300HOU_RS13580
214,221,GntR,SA2295,TF,gntK,SA2294,USA300HOU_RS13575
215,222,GntR,SA2295,TF,gntP,SA2293,USA300HOU_RS13570
216,223,HrcA,SA1411,TF,groES,SA1837,USA300HOU_RS10930
217,224,HrcA,SA1411,TF,groEL,SA1836,USA300HOU_RS10925
218,225,HrcA,SA1411,TF,hrcA,SA1411,USA300HOU_RS08435
219,226,HrcA,SA1411,TF,grpE,SA1410,USA300HOU_RS08430
220,227,HrcA,SA1411,TF,dnaK,SA1409,USA300HOU_RS08425
221,228,HrcA,SA1411,TF,dnaJ,SA1408,USA300HOU_RS08420
222,229,GlvR,SA2115,TF,glvC,SA2114,USA300HOU_RS12575
223,230,GltC,SA0429,TF,gltB,SA0430,USA300HOU_RS02375
224,231,GltC,SA0429,TF,gltD,SA0431,USA300HOU_RS02380
225,232,GltC,SA0429,TF,gltC,SA0429,USA300HOU_RS02370
226,233,GlnR,SA1149,TF,nrgA,SA1848,USA300HOU_RS11000
227,234,GlnR,SA1149,TF,glnR,SA1149,USA300HOU_RS06585
228,235,GlnR,SA1149,TF,glnA,SA1150,USA300HOU_RS06590
229,236,Fur,SA1329,TF,iucB,SA1983,USA300HOU_RS11810
230,237,Fur,SA1329,TF,isdH,SA1552,USA300HOU_RS09190
231,238,Fur,SA1329,TF,isdB,SA0976,USA300HOU_RS05640
232,239,Fur,SA1329,TF,isdC,SA0978,USA300HOU_RS05650
233,240,Fur,SA1329,TF,isdD,SA0979,USA300HOU_RS05655
234,241,Fur,SA1329,TF,isdE,SA0980,USA300HOU_RS05660
235,242,Fur,SA1329,TF,isdF,SA0981,USA300HOU_RS05665
236,243,Fur,SA1329,TF,srtB,SA0982,USA300HOU_RS05670
237,244,Fur,SA1329,TF,isdG,SA0983,USA300HOU_RS05675
238,245,Fur,SA1329,TF,isdA,SA0977,USA300HOU_RS05645
239,246,Fur,SA1329,TF,ftnA,SA1709,USA300HOU_RS10275
240,247,Fur,SA1329,TF,fhuD2,SA2079,USA300HOU_RS12365
241,248,Fur,SA1329,TF,fhuA,SA0602,USA300HOU_RS03500
242,249,Fur,SA1329,TF,fhuB,SA0603,USA300HOU_RS03505
243,250,Fur,SA1329,TF,fhuG,SA0604,USA300HOU_RS03510
244,251,Fur,SA1329,TF,feoA,SA2338,USA300HOU_RS13845
245,252,Fur,SA1329,TF,feoB,SA2337,USA300HOU_RS13840
246,253,Fur,SA1329,TF,efeO,SA0331,USA300HOU_RS01820
247,254,Fur,SA1329,TF,efeB,SA0332,USA300HOU_RS01825
248,255,Fur,SA1329,TF,efeU,SA0333,USA300HOU_RS01830
249,256,Fur,SA1329,TF,citB,SA1184,USA300HOU_RS06870
250,259,Fur,SA1329,TF,arlS,SA1246,USA300HOU_RS07215
251,260,Fur,SA1329,TF,yfmC,SA1979,USA300HOU_RS11785
252,261,Fur,SA1329,TF,yfmD,SA1978,USA300HOU_RS11780
253,262,Fur,SA1329,TF,yfmE,SA1977,USA300HOU_RS11775
254,264,Fur,SA1329,TF,tatA,SA0335,USA300HOU_RS01840
255,265,Fur,SA1329,TF,tatC,SA0334,USA300HOU_RS01835
256,266,Fur,SA1329,TF,sstA,SA0688,USA300HOU_RS03970
257,267,Fur,SA1329,TF,sstB,SA0689,USA300HOU_RS03975
258,268,Fur,SA1329,TF,sstC,SA0690,USA300HOU_RS03980
259,269,Fur,SA1329,TF,sstD,SA0691,USA300HOU_RS03985
260,270,Fur,SA1329,TF,sirA,SA0111,USA300HOU_RS00600
261,271,Fur,SA1329,TF,sirB,SA0110,USA300HOU_RS00595
262,272,Fur,SA1329,TF,sirC,SA0109,USA300HOU_RS00590
263,273,Fur,SA1329,TF,sbnA,SA0112,USA300HOU_RS00605
264,274,Fur,SA1329,TF,sbnB,SA0113,USA300HOU_RS00610
265,275,Fur,SA1329,TF,sbnC,SA0114,USA300HOU_RS00615
266,276,Fur,SA1329,TF,sbnD,SA0115,USA300HOU_RS00620
267,277,Fur,SA1329,TF,sbnE,SA0116,USA300HOU_RS00625
268,278,Fur,SA1329,TF,sbnF,SA0117,USA300HOU_RS00630
269,279,Fur,SA1329,TF,sbnG,SA0118,USA300HOU_RS00635
270,280,Fur,SA1329,TF,sbnH,SA0119,USA300HOU_RS00640
271,281,Fur,SA1329,TF,sbnI,SA0120,USA300HOU_RS00645
272,282,Fur,SA1329,TF,SA1982,SA1982,USA300HOU_RS11805
273,283,Fur,SA1329,TF,iucC,SA1981,USA300HOU_RS11800
274,284,Fur,SA1329,TF,SA1980,SA1980,USA300HOU_RS11795
275,285,Fur,SA1329,TF,SA0757,SA0757,USA300HOU_RS04360
276,286,FruR,SA0653,TF,fruR,SA0653,USA300HOU_RS03770
277,287,FruR,SA0653,TF,fruB,SA0654,USA300HOU_RS03775
278,288,FruR,SA0653,TF,fruA,SA0655,USA300HOU_RS03780
279,289,CzrA,SA1947,TF,czrA,SA1947,USA300HOU_RS11580
280,290,CzrA,SA1947,TF,czrB,SA1948,USA300HOU_RS11585
281,291,FapR,SA1071,TF,fabI,SA0869,USA300HOU_RS05010
282,292,FapR,SA1071,TF,fabH,SA0842,USA300HOU_RS04875
283,293,FapR,SA1071,TF,fabF,SA0843,USA300HOU_RS04880
284,294,FapR,SA1071,TF,perR,SA1678,USA300HOU_RS10095
285,295,FapR,SA1071,TF,fapR,SA1071,USA300HOU_RS06170
286,296,FapR,SA1071,TF,plsX,SA1072,USA300HOU_RS06175
287,297,FapR,SA1071,TF,fabD,SA1073,USA300HOU_RS06180
288,298,FapR,SA1071,TF,fabG,SA1074,USA300HOU_RS06185
289,299,CtsR,SA0480,TF,SA1838,SA1838,USA300HOU_RS10935
290,300,CtsR,SA0480,TF,hrcA,SA1411,USA300HOU_RS08435
291,301,CtsR,SA0480,TF,grpE,SA1410,USA300HOU_RS08430
292,302,CtsR,SA0480,TF,dnaK,SA1409,USA300HOU_RS08425
293,303,CtsR,SA0480,TF,dnaJ,SA1408,USA300HOU_RS08420
294,304,CtsR,SA0480,TF,groES,SA1837,USA300HOU_RS10930
295,305,CtsR,SA0480,TF,groEL,SA1836,USA300HOU_RS10925
296,306,CtsR,SA0480,TF,ctsR,SA0480,USA300HOU_RS02745
297,307,CtsR,SA0480,TF,SA0481,SA0481,USA300HOU_RS02750
298,308,CtsR,SA0480,TF,SA0482,SA0482,USA300HOU_RS02755
299,309,CtsR,SA0480,TF,clpC,SA0483,USA300HOU_RS02760
300,310,CtsR,SA0480,TF,clpP,SA0723,USA300HOU_RS04165
301,311,CtsR,SA0480,TF,clpB,SA0835,USA300HOU_RS04835
302,312,CymR,SA1453,TF,tcyP,SA0368,USA300HOU_RS02030
303,313,CymR,SA1453,TF,tcyA,SA2202,USA300HOU_RS13050
304,315,CymR,SA1453,TF,tcyC,SA2200,USA300HOU_RS13040
305,316,CymR,SA1453,TF,ssuB,SA0166,USA300HOU_RS00910
306,317,CymR,SA1453,TF,ssuA,SA0167,USA300HOU_RS00915
307,318,CymR,SA1453,TF,ssuC,SA0168,USA300HOU_RS00920
308,320,CymR,SA1453,TF,SA2080,SA2080,USA300HOU_RS12370
309,321,CymR,SA1453,TF,SA1850,SA1850,USA300HOU_RS11010
310,322,CymR,SA1453,TF,SA0198,SA0198,USA300HOU_RS01050
311,323,CymR,SA1453,TF,SA0165,SA0165,USA300HOU_RS00905
312,324,CymR,SA1453,TF,metN2,SA0420,USA300HOU_RS02325
313,325,CymR,SA1453,TF,metP2,SA0421,USA300HOU_RS02330
314,326,CymR,SA1453,TF,metQ2,SA0422,USA300HOU_RS02335
315,327,CymR,SA1453,TF,luxS,SA1936,USA300HOU_RS11520
316,328,CymR,SA1453,TF,mccA,SA0418,USA300HOU_RS02315
317,329,CymR,SA1453,TF,mccB,SA0419,USA300HOU_RS02320
318,330,CymR,SA1453,TF,cysK,SA0471,USA300HOU_RS02630
319,331,CymR,SA1453,TF,cysJ,SA2413,USA300HOU_RS14220
320,332,CymR,SA1453,TF,sirC,SA2412,USA300HOU_RS14215
321,333,CggR,SA0726,TF,cggR,SA0726,USA300HOU_RS04180
322,334,CggR,SA0726,TF,gap,SA0727,USA300HOU_RS04185
323,335,CggR,SA0726,TF,pgk,SA0728,USA300HOU_RS04190
324,336,CggR,SA0726,TF,tpiA,SA0729,USA300HOU_RS04195
325,337,CggR,SA0726,TF,pgm,SA0730,USA300HOU_RS04200
326,338,CggR,SA0726,TF,eno,SA0731,USA300HOU_RS04205
327,339,CodY,SA1098,TF,SA2357,SA2357,USA300HOU_RS13945
328,340,CodY,SA1098,TF,SA2261,SA2261,USA300HOU_RS13405
329,341,CodY,SA1098,TF,SA2260,SA2260,USA300HOU_RS13400
330,342,CodY,SA1098,TF,SA2233,SA2233,USA300HOU_RS13250
331,343,CodY,SA1098,TF,SA2109,SA2109,USA300HOU_RS12540
332,344,CodY,SA1098,TF,SA2002,SA2002,USA300HOU_RS11930
333,345,CodY,SA1098,TF,SA1544,SA1544,USA300HOU_RS09140
334,346,CodY,SA1098,TF,serA,SA1545,USA300HOU_RS09145
335,347,CodY,SA1098,TF,SA1364,SA1364,USA300HOU_RS08190
336,348,CodY,SA1098,TF,SA1363,SA1363,USA300HOU_RS08185
337,349,CodY,SA1098,TF,SA0883,SA0883,USA300HOU_RS05095
338,350,CodY,SA1098,TF,SA0871,SA0871,USA300HOU_RS05020
339,351,CodY,SA1098,TF,SA0626,SA0626,USA300HOU_RS03630
340,353,CodY,SA1098,TF,SA0367,SA0367,USA300HOU_RS02025
341,354,CodY,SA1098,TF,SA0348,SA0348,USA300HOU_RS01910
342,355,CodY,SA1098,TF,SA0165,SA0165,USA300HOU_RS00905
343,356,CodY,SA1098,TF,rocC,SA1169,USA300HOU_RS06780
344,357,CodY,SA1098,TF,pycA,SA0963,USA300HOU_RS05560
345,358,CodY,SA1098,TF,patA,SA0902,USA300HOU_RS05220
346,359,CodY,SA1098,TF,opuCA,SA2237,USA300HOU_RS13270
347,360,CodY,SA1098,TF,opuCB,SA2236,USA300HOU_RS13265
348,361,CodY,SA1098,TF,opuCC,SA2235,USA300HOU_RS13260
349,362,CodY,SA1098,TF,opuCD,SA2234,USA300HOU_RS13255
350,363,CodY,SA1098,TF,oppB,SA0845,USA300HOU_RS04890
351,364,CodY,SA1098,TF,oppC,SA0846,USA300HOU_RS04895
352,365,CodY,SA1098,TF,oppD,SA0847,USA300HOU_RS04900
353,366,CodY,SA1098,TF,oppF,SA0848,USA300HOU_RS04905
354,367,CodY,SA1098,TF,oppA,SA0849,USA300HOU_RS04910
355,368,CodY,SA1098,TF,nrgA,SA1848,USA300HOU_RS11000
356,369,CodY,SA1098,TF,mtnE,SA2347,USA300HOU_RS13895
357,370,CodY,SA1098,TF,ddh2,SA2346,USA300HOU_RS13890
358,371,CodY,SA1098,TF,metX,SA0011,USA300HOU_RS00060
359,372,CodY,SA1098,TF,metN,SA0769,USA300HOU_RS04405
360,373,CodY,SA1098,TF,metP,SA0770,USA300HOU_RS04410
361,374,CodY,SA1098,TF,metQ,SA0771,USA300HOU_RS04415
362,375,CodY,SA1098,TF,metI,SA0347,USA300HOU_RS01905
363,376,CodY,SA1098,TF,metC,SA0346,USA300HOU_RS01900
364,377,CodY,SA1098,TF,metF,SA0345,USA300HOU_RS01895
365,378,CodY,SA1098,TF,metE,SA0344,USA300HOU_RS01890
366,379,CodY,SA1098,TF,mdh,SA0343,USA300HOU_RS01885
367,380,CodY,SA1098,TF,lysE,SA0753,USA300HOU_RS04340
368,381,CodY,SA1098,TF,asd,SA1226,USA300HOU_RS07100
369,382,CodY,SA1098,TF,dapA,SA1227,USA300HOU_RS07105
370,383,CodY,SA1098,TF,dapB,SA1228,USA300HOU_RS07110
371,384,CodY,SA1098,TF,dapD,SA1229,USA300HOU_RS07115
372,385,CodY,SA1098,TF,ykuR,SA1230,USA300HOU_RS07120
373,386,CodY,SA1098,TF,dapX,SA1231,USA300HOU_RS07125
374,387,CodY,SA1098,TF,lysA,SA1232,USA300HOU_RS07130
375,388,CodY,SA1098,TF,katA,SA1170,USA300HOU_RS06785
376,389,CodY,SA1098,TF,ilvE,SA0512,USA300HOU_RS02910
377,390,CodY,SA1098,TF,ilvD,SA1858,USA300HOU_RS11060
378,391,CodY,SA1098,TF,ilvB,SA1859,USA300HOU_RS11065
379,392,CodY,SA1098,TF,ilvH,SA1860,USA300HOU_RS11070
380,393,CodY,SA1098,TF,ilvC,SA1861,USA300HOU_RS11075
381,394,CodY,SA1098,TF,leuA,SA1862,USA300HOU_RS11080
382,395,CodY,SA1098,TF,leuB,SA1863,USA300HOU_RS11085
383,396,CodY,SA1098,TF,leuC,SA1864,USA300HOU_RS11090
384,397,CodY,SA1098,TF,leuD,SA1865,USA300HOU_RS11095
385,398,CodY,SA1098,TF,ilvA,SA1866,USA300HOU_RS11100
386,399,CodY,SA1098,TF,icaA,SA2459,USA300HOU_RS14480
387,400,CodY,SA1098,TF,icaD,SA2460,USA300HOU_RS14485
388,401,CodY,SA1098,TF,icaB,SA2461,USA300HOU_RS14490
389,402,CodY,SA1098,TF,icaC,SA2462,USA300HOU_RS14495
390,403,CodY,SA1098,TF,hom,SA1164,USA300HOU_RS06750
391,404,CodY,SA1098,TF,thrC,SA1165,USA300HOU_RS06755
392,405,CodY,SA1098,TF,thrB,SA1166,USA300HOU_RS06760
393,406,CodY,SA1098,TF,SA1167,SA1167,USA300HOU_RS06765
394,407,CodY,SA1098,TF,hmrA,SA1935,USA300HOU_RS11515
395,408,CodY,SA1098,TF,SA1934,SA1934,USA300HOU_RS11510
396,409,CodY,SA1098,TF,hlb,SA1752,USA300HOU_RS10530
397,410,CodY,SA1098,TF,hisZ,SA2472,USA300HOU_RS14550
398,411,CodY,SA1098,TF,hisG,SA2471,USA300HOU_RS14545
399,412,CodY,SA1098,TF,hisD,SA2470,USA300HOU_RS14540
400,413,CodY,SA1098,TF,hisC,SA2469,USA300HOU_RS14535
401,414,CodY,SA1098,TF,hisB,SA2468,USA300HOU_RS14530
402,415,CodY,SA1098,TF,hisH,SA2467,USA300HOU_RS14525
403,416,CodY,SA1098,TF,hisA,SA2466,USA300HOU_RS14520
404,417,CodY,SA1098,TF,hisF,SA2465,USA300HOU_RS14515
405,418,CodY,SA1098,TF,hisI,SA2464,USA300HOU_RS14510
406,419,CodY,SA1098,TF,gltC,SA0429,USA300HOU_RS02370
407,420,CodY,SA1098,TF,gltB,SA0430,USA300HOU_RS02375
408,421,CodY,SA1098,TF,gltD,SA0431,USA300HOU_RS02380
409,422,CodY,SA1098,TF,glnR,SA1149,USA300HOU_RS06585
410,423,CodY,SA1098,TF,glnA,SA1150,USA300HOU_RS06590
411,424,CodY,SA1098,TF,gabT,SA2397,USA300HOU_RS14115
412,425,CodY,SA1098,TF,comK,SA0882,USA300HOU_RS05090
413,426,CodY,SA1098,TF,capA,SA0144,USA300HOU_RS00800
414,427,CodY,SA1098,TF,capB,SA0145,USA300HOU_RS00805
415,428,CodY,SA1098,TF,capC,SA0146,USA300HOU_RS00810
416,430,CodY,SA1098,TF,capE,SA0148,USA300HOU_RS00820
417,431,CodY,SA1098,TF,capF,SA0149,USA300HOU_RS00825
418,432,CodY,SA1098,TF,capG,SA0150,USA300HOU_RS00830
419,433,CodY,SA1098,TF,capH,SA0151,USA300HOU_RS00835
420,434,CodY,SA1098,TF,capI,SA0152,USA300HOU_RS00840
421,435,CodY,SA1098,TF,capJ,SA0153,USA300HOU_RS00845
422,436,CodY,SA1098,TF,capK,SA0154,USA300HOU_RS00850
423,437,CodY,SA1098,TF,capL,SA0155,USA300HOU_RS00855
424,438,CodY,SA1098,TF,capM,SA0156,USA300HOU_RS00860
425,439,CodY,SA1098,TF,capN,SA0157,USA300HOU_RS00865
426,440,CodY,SA1098,TF,capO,SA0158,USA300HOU_RS00870
427,441,CodY,SA1098,TF,capP,SA0159,USA300HOU_RS00875
428,442,CodY,SA1098,TF,butA,SA0122,USA300HOU_RS00665
429,443,CodY,SA1098,TF,brnQ2,SA0294,USA300HOU_RS01625
430,444,CodY,SA1098,TF,brnQ1,SA0180,USA300HOU_RS00980
431,445,CodY,SA1098,TF,aur,SA2430,USA300HOU_RS14335
432,446,CodY,SA1098,TF,artQ,SA1675,USA300HOU_RS09930
433,447,CodY,SA1098,TF,artM,SA1674,USA300HOU_RS09925
434,448,CodY,SA1098,TF,aroC,SA1299,USA300HOU_RS07500
435,449,CodY,SA1098,TF,aroB,SA1298,USA300HOU_RS07495
436,450,CodY,SA1098,TF,aroA,SA1297,USA300HOU_RS07490
437,451,CodY,SA1098,TF,SA1296,SA1296,USA300HOU_RS07485
438,452,CodY,SA1098,TF,SA1295,SA1295,USA300HOU_RS07480
439,453,CodY,SA1098,TF,SA1294,SA1294,USA300HOU_RS07475
440,454,CodY,SA1098,TF,SA1293,SA1293,USA300HOU_RS07470
441,455,CodY,SA1098,TF,argG,SA0822,USA300HOU_RS04770
442,456,CodY,SA1098,TF,argH,SA0821,USA300HOU_RS04765
443,457,CodY,SA1098,TF,appA,SA0850,USA300HOU_RS04915
444,458,CodY,SA1098,TF,appD,SA0851,USA300HOU_RS04920
445,459,CodY,SA1098,TF,appF,SA0852,USA300HOU_RS04925
446,460,CodY,SA1098,TF,appB,SA0853,USA300HOU_RS04930
447,461,CodY,SA1098,TF,appC,SA0854,USA300HOU_RS04935
448,462,CodY,SA1098,TF,agrB,SA1842,USA300HOU_RS10960
449,463,CodY,SA1098,TF,agrD,SAS066,USA300HOU_RS10965
450,464,CodY,SA1098,TF,agrC,SA1843,USA300HOU_RS10970
451,465,CodY,SA1098,TF,agrA,SA1844,USA300HOU_RS10975
452,466,CodY,SA1098,TF,acuA,SA1555,USA300HOU_RS09205
453,467,CodY,SA1098,TF,acuC,SA1556,USA300HOU_RS09210
454,468,CodY,SA1098,TF,acsA,SA1554,USA300HOU_RS09200
455,469,CodY,SA1098,TF,acp,SA0871,USA300HOU_RS05020
456,470,CodY,SA1098,TF,aapA,SA2226,USA300HOU_RS13290
457,472,CodY,SA1098,TF,yocS,SA2112,USA300HOU_RS12565
458,473,CodY,SA1098,TF,tyrA,SA1197,USA300HOU_RS06950
459,474,CodY,SA1098,TF,trpE,SA1199,USA300HOU_RS06960
460,475,CodY,SA1098,TF,trpG,SA1200,USA300HOU_RS06965
461,476,CodY,SA1098,TF,trpD,SA1201,USA300HOU_RS06970
462,477,CodY,SA1098,TF,trpC,SA1202,USA300HOU_RS06975
463,478,CodY,SA1098,TF,trpF,SA1203,USA300HOU_RS06980
464,479,CodY,SA1098,TF,trpB,SA1204,USA300HOU_RS06985
465,480,CodY,SA1098,TF,trpA,SA1205,USA300HOU_RS06990
466,481,CodY,SA1098,TF,tppB,SA0682,USA300HOU_RS03930
467,482,CodY,SA1098,TF,thrA,SA1163,USA300HOU_RS06745
468,483,CodY,SA1098,TF,tcyP,SA0368,USA300HOU_RS02030
469,484,CodY,SA1098,TF,tcdB,SA1271,USA300HOU_RS07355
470,485,CodY,SA1098,TF,SA1270,SA1270,USA300HOU_RS07350
471,486,CodY,SA1098,TF,sodM,SA0128,USA300HOU_RS00700
472,487,CodY,SA1098,TF,sodA,SA1382,USA300HOU_RS08290
473,488,CodY,SA1098,TF,SA2398,SA2398,USA300HOU_RS14120
474,489,CodY,SA1098,TF,SA2396,SA2396,USA300HOU_RS14110
475,493,CcpA,SA1557,TF,ccpA,SA1557,USA300HOU_RS09215
476,494,CcpA,SA1557,TF,arg,SA1968,USA300HOU_RS11670
477,495,CcpA,SA1557,TF,arcA,SA2428,USA300HOU_RS14320
478,496,CcpA,SA1557,TF,arcB,SA2427,USA300HOU_RS14315
479,497,CcpA,SA1557,TF,arcD,SA2426,USA300HOU_RS14310
480,498,CcpA,SA1557,TF,arcC,SA2425,USA300HOU_RS14305
481,499,CcpA,SA1557,TF,arcR,SA2424,USA300HOU_RS14300
482,500,CcpA,SA1557,TF,araB,SA0510,USA300HOU_RS02900
483,501,CcpA,SA1557,TF,aldA,SA0162,USA300HOU_RS00890
484,502,CcpA,SA1557,TF,ald,SA1531,USA300HOU_RS09065
485,503,CcpA,SA1557,TF,acuA,SA1555,USA300HOU_RS09205
486,504,CcpA,SA1557,TF,acuC,SA1556,USA300HOU_RS09210
487,505,CcpA,SA1557,TF,acsA,SA1554,USA300HOU_RS09200
488,506,CcpA,SA1557,TF,aapA,SA2226,USA300HOU_RS13290
489,508,CcpA,SA1557,TF,hutU,SA2122,USA300HOU_RS12615
490,509,CcpA,SA1557,TF,hutI,SA2121,USA300HOU_RS12610
491,510,CcpA,SA1557,TF,hutH,SA0008,USA300HOU_RS00040
492,511,CcpA,SA1557,TF,hla,SA1007,USA300HOU_RS05825
493,512,CcpA,SA1557,TF,gudP,SA2300,USA300HOU_RS13605
494,513,CcpA,SA1557,TF,gudB,SA0819,USA300HOU_RS04750
495,514,CcpA,SA1557,TF,gntR,SA2295,USA300HOU_RS13580
496,515,CcpA,SA1557,TF,gntK,SA2294,USA300HOU_RS13575
497,516,CcpA,SA1557,TF,gntP,SA2293,USA300HOU_RS13570
498,517,CcpA,SA1557,TF,glvR,SA2115,USA300HOU_RS12580
499,518,CcpA,SA1557,TF,glvC,SA2114,USA300HOU_RS12575
500,519,CcpA,SA1557,TF,gltS,SA2135,USA300HOU_RS12685
501,520,CcpA,SA1557,TF,glpT,SA0325,USA300HOU_RS01785
502,521,CcpA,SA1557,TF,glpF,SA1140,USA300HOU_RS06540
503,522,CcpA,SA1557,TF,glpK,SA1141,USA300HOU_RS06545
504,523,CcpA,SA1557,TF,glpD,SA1142,USA300HOU_RS06550
505,524,CcpA,SA1557,TF,glcA,SA0183,USA300HOU_RS01000
506,525,CcpA,SA1557,TF,fruR,SA0653,USA300HOU_RS03770
507,526,CcpA,SA1557,TF,fruB,SA0654,USA300HOU_RS03775
508,527,CcpA,SA1557,TF,fruA,SA0655,USA300HOU_RS03780
509,528,CcpA,SA1557,TF,fhs,SA1553,USA300HOU_RS09195
510,529,CcpA,SA1557,TF,fbp,SA2304,USA300HOU_RS13640
511,530,CcpA,SA1557,TF,fbaA,SA1927,USA300HOU_RS11470
512,531,CcpA,SA1557,TF,fadX,SA0227,USA300HOU_RS01210
513,532,CcpA,SA1557,TF,fadE,SA0226,USA300HOU_RS01205
514,533,CcpA,SA1557,TF,SA1633,SA1633,USA300HOU_RS09665
515,534,CcpA,SA1557,TF,drp35,SA2480,USA300HOU_RS14590
516,535,CcpA,SA1557,TF,dra2,SA1939,USA300HOU_RS11540
517,536,CcpA,SA1557,TF,dhaK,SA0605,USA300HOU_RS03515
518,537,CcpA,SA1557,TF,dhaL,SA0606,USA300HOU_RS03520
519,538,CcpA,SA1557,TF,SA0607,SA0607,USA300HOU_RS03525
520,539,CcpA,SA1557,TF,citZ,SA1518,USA300HOU_RS08985
521,540,CcpA,SA1557,TF,citC,SA1517,USA300HOU_RS08980
522,541,CcpA,SA1557,TF,citB,SA1184,USA300HOU_RS06870
523,542,CcpA,SA1557,TF,SA0184,SA0184,USA300HOU_RS01005
524,543,CcpA,SA1557,TF,murQ,SA0185,USA300HOU_RS01010
525,544,CcpA,SA1557,TF,murT,SA0186,USA300HOU_RS01015
526,545,CcpA,SA1557,TF,murR,SA0187,USA300HOU_RS01020
527,546,CcpA,SA1557,TF,rocD,SA0818,USA300HOU_RS04745
528,547,CcpA,SA1557,TF,rocA,SA2341,USA300HOU_RS13865
529,548,CcpA,SA1557,TF,rbsU,SA0260,USA300HOU_RS01410
530,549,CcpA,SA1557,TF,rbsD,SA0259,USA300HOU_RS01405
531,550,CcpA,SA1557,TF,rbsK,SA0258,USA300HOU_RS01400
532,551,CcpA,SA1557,TF,putP,SA1718,USA300HOU_RS10330
533,552,CcpA,SA1557,TF,putA,SA1585,USA300HOU_RS09380
534,553,CcpA,SA1557,TF,pfoR,SA2320,USA300HOU_RS13735
535,554,CcpA,SA1557,TF,sdaAB,SA2319,USA300HOU_RS13730
536,555,CcpA,SA1557,TF,sdaAA,SA2318,USA300HOU_RS13725
537,556,CcpA,SA1557,TF,pflB,SA0218,USA300HOU_RS01150
538,557,CcpA,SA1557,TF,pflA,SA0219,USA300HOU_RS01155
539,558,CcpA,SA1557,TF,pfkA,SA1521,USA300HOU_RS09010
540,559,CcpA,SA1557,TF,pykA,SA1520,USA300HOU_RS09005
541,560,CcpA,SA1557,TF,pckA,SA1609,USA300HOU_RS09500
542,561,CcpA,SA1557,TF,nupC,SA0479,USA300HOU_RS02740
543,562,CcpA,SA1557,TF,nanK,SA0305,USA300HOU_RS01680
544,563,CcpA,SA1557,TF,nanA,SA0304,USA300HOU_RS01675
545,564,CcpA,SA1557,TF,nanT,SA0303,USA300HOU_RS01670
546,565,CcpA,SA1557,TF,mvaS,SA2334,USA300HOU_RS13820
547,566,CcpA,SA1557,TF,mvaA,SA2333,USA300HOU_RS13815
548,567,CcpA,SA1557,TF,manR,SA2433,USA300HOU_RS14350
549,568,CcpA,SA1557,TF,manP,SA2434,USA300HOU_RS14355
550,569,CcpA,SA1557,TF,manA,SA2435,USA300HOU_RS14360
551,570,CcpA,SA1557,TF,msmX,SA0206,USA300HOU_RS01090
552,571,CcpA,SA1557,TF,mdxE,SA0207,USA300HOU_RS01095
553,572,CcpA,SA1557,TF,mdxF,SA0208,USA300HOU_RS01100
554,573,CcpA,SA1557,TF,mdxG,SA0209,USA300HOU_RS01105
555,574,CcpA,SA1557,TF,gfoA,SA0210,USA300HOU_RS01110
556,575,CcpA,SA1557,TF,gfoB,SA0211,USA300HOU_RS01115
557,576,CcpA,SA1557,TF,gfoI,SA0212,USA300HOU_RS01120
558,577,CcpA,SA1557,TF,malR,SA1339,USA300HOU_RS08060
559,578,CcpA,SA1557,TF,malA,SA1338,USA300HOU_RS08055
560,579,CcpA,SA1557,TF,lip,SA2463,USA300HOU_RS14500
561,580,CcpA,SA1557,TF,kbl,SA0508,USA300HOU_RS02890
562,581,CcpA,SA1557,TF,ipdC,SA0182,USA300HOU_RS00990
563,582,CcpA,SA1557,TF,treP,SA0432,USA300HOU_RS02390
564,583,CcpA,SA1557,TF,treA,SA0433,USA300HOU_RS02395
565,584,CcpA,SA1557,TF,treR,SA0434,USA300HOU_RS02400
566,585,CcpA,SA1557,TF,spa,SA0107,USA300HOU_RS00580
567,586,CcpA,SA1557,TF,sdhC,SA0994,USA300HOU_RS05740
568,587,CcpA,SA1557,TF,sdhA,SA0995,USA300HOU_RS05745
569,588,CcpA,SA1557,TF,sdhB,SA0996,USA300HOU_RS05750
570,589,CcpA,SA1557,TF,sdcS,SA1732,USA300HOU_RS10410
571,590,CcpA,SA1557,TF,scrR,SA1847,USA300HOU_RS10995
572,591,CcpA,SA1557,TF,scrA,SA2167,USA300HOU_RS12870
573,592,CcpA,SA1557,TF,SAS074,SAS074,USA300HOU_RS11765
574,593,CcpA,SA1557,TF,SA2109,SA2109,USA300HOU_RS12540
575,594,CcpA,SA1557,TF,SA2105,SA2105,USA300HOU_RS12515
576,595,CcpA,SA1557,TF,SA1975,SA1975,USA300HOU_RS11760
577,596,CcpA,SA1557,TF,SA1974,SA1974,USA300HOU_RS11755
578,597,CcpA,SA1557,TF,SA1973,SA1973,USA300HOU_RS11750
579,598,CcpA,SA1557,TF,SA1437,SA1437,USA300HOU_RS08570
580,599,CcpA,SA1557,TF,SA1436,SA1436,USA300HOU_RS08565
581,600,CcpA,SA1557,TF,SA1435,SA1435,USA300HOU_RS08560
582,601,CcpA,SA1557,TF,SA1434,SA1434,USA300HOU_RS08555
583,602,CcpA,SA1557,TF,SA1433,SA1433,USA300HOU_RS08550
584,603,CcpA,SA1557,TF,SA1432,SA1432,USA300HOU_RS08545
585,604,CcpA,SA1557,TF,SA1162,SA1162,USA300HOU_RS06740
586,605,CcpA,SA1557,TF,SA0873,SA0873,USA300HOU_RS05030
587,606,CcpA,SA1557,TF,SA0511,SA0511,USA300HOU_RS02905
588,609,CcpA,SA1557,TF,SA0301,SA0301,USA300HOU_RS01660
589,610,CcpA,SA1557,TF,nupC2,SA0302,USA300HOU_RS01665
590,611,CcpA,SA1557,TF,SA0225,SA0225,USA300HOU_RS01200
591,612,CcpA,SA1557,TF,fadN,SA0224,USA300HOU_RS01195
592,613,CcpA,SA1557,TF,fadA,SA0223,USA300HOU_RS01190
593,614,CcpA,SA1557,TF,yusH,SA0760,USA300HOU_RS04375
594,615,CcpA,SA1557,TF,uhpT,SA0214,USA300HOU_RS01130
595,616,CcpA,SA1557,TF,tst,SA1819,USA300HOU_RS02145
596,617,ArsR,"SAP016,",TF,arsR,SA1591,USA300HOU_RS09410
597,618,ArsR,"SAP016,",TF,arsB,SA1592,USA300HOU_RS09415
598,622,BirA,SA1289,TF,yhfT,SA0533,USA300HOU_RS03010
599,623,BirA,SA1289,TF,yhfS,SA0534,USA300HOU_RS03015
600,624,BirA,SA1289,TF,SA0535,SA0535,USA300HOU_RS03020
601,625,BirA,SA1289,TF,SA0536,SA0536,USA300HOU_RS03025
602,626,BirA,SA1289,TF,bioY,SA2077,USA300HOU_RS12355
603,627,BirA,SA1289,TF,SA2076,SA2076,USA300HOU_RS12350
604,628,BirA,SA1289,TF,bioD,SA2215,USA300HOU_RS13135
605,629,BirA,SA1289,TF,bioA,SA2214,USA300HOU_RS13130
606,630,BirA,SA1289,TF,bioB,SA2213,USA300HOU_RS13125
607,631,BirA,SA1289,TF,bioF,SA2212,USA300HOU_RS13120
608,632,BirA,SA1289,TF,bioW,SA2211,USA300HOU_RS13115
609,633,BirA,SA1289,TF,bioX,SA2210,USA300HOU_RS13110
610,634,ArgR,SA1351,TF,rocD,SA0179,USA300HOU_RS00975
611,635,ArgR,SA1351,TF,argC,SA0178,USA300HOU_RS00970
612,636,ArgR,SA1351,TF,argJ,SA0177,USA300HOU_RS00965
613,637,ArgR,SA1351,TF,argB,SA0176,USA300HOU_RS00960
614,638,ArgR,SA1351,TF,cudT,SA2408,USA300HOU_RS14180
615,639,ArgR,SA1351,TF,artPQ,SA1675,USA300HOU_RS09930
616,640,ArgR,SA1351,TF,artM,SA1674,USA300HOU_RS09925
617,641,ArgR,SA1351,TF,ahrC,SA1351,USA300HOU_RS08125
618,642,ArgR,SA1351,TF,recN,SA1350,USA300HOU_RS08120
619,643,ArgR,SA1351,TF,argG,SA0822,USA300HOU_RS04770
620,644,ArgR,SA1351,TF,argH,SA0821,USA300HOU_RS04765
621,645,ArgR,SA1351,TF,arcA,SA2428,USA300HOU_RS14320
622,646,ArgR,SA1351,TF,arcB,SA2427,USA300HOU_RS14315
623,647,ArgR,SA1351,TF,arcD,SA2426,USA300HOU_RS14310
624,648,ArgR,SA1351,TF,arcC,SA2425,USA300HOU_RS14305
625,649,ArgR,SA1351,TF,arcR,SA2424,USA300HOU_RS14300
626,650,ArcR,SA2424,TF,arcA,SA2428,USA300HOU_RS14320
627,651,ArcR,SA2424,TF,arcB,SA2427,USA300HOU_RS14315
628,652,ArcR,SA2424,TF,arcD,SA2426,USA300HOU_RS14310
629,653,ArcR,SA2424,TF,arcC,SA2425,USA300HOU_RS14305
630,654,ArcR,SA2424,TF,arcR,SA2424,USA300HOU_RS14300
631,655,AgrA,SA1844,TF,agrB,SA1842,USA300HOU_RS10960
632,656,AgrA,SA1844,TF,agrD,SAS066,USA300HOU_RS10965
633,657,AgrA,SA1844,TF,agrC,SA1843,USA300HOU_RS10970
634,658,AgrA,SA1844,TF,agrA,SA1844,USA300HOU_RS10975
635,659,AgrA,SA1844,TF,hld,SAS065,USA300HOU_RS10955
636,660,SAM,,RNA,metX,SA0011,USA300HOU_RS00060
637,661,SAM,,RNA,metT,SA2117,USA300HOU_RS12590
638,662,SAM,,RNA,metK,SA1608,USA300HOU_RS09495
639,663,SAM,,RNA,metN,SA0769,USA300HOU_RS04405
640,664,SAM,,RNA,metP,SA0770,USA300HOU_RS04410
641,665,SAM,,RNA,metQ,SA0771,USA300HOU_RS04415
642,666,FMN,,RNA,ribU,SA1316,USA300HOU_RS07610
643,667,FMN,,RNA,ribD,SA1589,USA300HOU_RS09400
644,668,FMN,,RNA,ribE,SA1588,USA300HOU_RS09395
645,669,FMN,,RNA,ribBA,SA1587,USA300HOU_RS09390
646,670,FMN,,RNA,ribH,SA1586,USA300HOU_RS09385
647,671,TPP,,RNA,ykoE,SA0929,USA300HOU_RS05365
648,672,TPP,,RNA,ykoD,SA0928,USA300HOU_RS05360
649,673,TPP,,RNA,ykoC,SA0927,USA300HOU_RS05355
650,674,TPP,,RNA,tenA,SA1897,USA300HOU_RS11310
651,675,TPP,,RNA,thiD,SA1896,USA300HOU_RS11305
652,676,TPP,,RNA,thiM,SA1895,USA300HOU_RS11300
653,677,TPP,,RNA,thiE,SA1894,USA300HOU_RS11295
654,678,PreQ1,,RNA,queC,SA0667,USA300HOU_RS03845
655,679,PreQ1,,RNA,queD,SA0666,USA300HOU_RS03840
656,680,PreQ1,,RNA,queE,SA0665,USA300HOU_RS03835
657,681,PreQ1,,RNA,ypdP,SA1265,USA300HOU_RS07320
658,682,Lysine,,RNA,lysC,SA1225,USA300HOU_RS07095
659,683,Lysine,,RNA,asd,SA1226,USA300HOU_RS07100
660,684,Lysine,,RNA,dapA,SA1227,USA300HOU_RS07105
661,685,Lysine,,RNA,dapB,SA1228,USA300HOU_RS07110
662,686,Lysine,,RNA,dapD,SA1229,USA300HOU_RS07115
663,687,Lysine,,RNA,dapL,SA1230,USA300HOU_RS07120
664,688,Lysine,,RNA,dapX,SA1231,USA300HOU_RS07125
665,689,Lysine,,RNA,lysA,SA1232,USA300HOU_RS07130
666,690,Lysine,,RNA,lysP,SA1505,USA300HOU_RS08910
667,691,Glycine,,RNA,gcvT,SA1367,USA300HOU_RS08205
668,692,Glycine,,RNA,gcvP1,SA1366,USA300HOU_RS08200
669,693,Glycine,,RNA,gcvP2,SA1365,USA300HOU_RS08195
670,694,Purine,,RNA,xpt,SA0373,USA300HOU_RS02055
671,695,Purine,,RNA,pbuX,SA0374,USA300HOU_RS02060
672,696,Purine,,RNA,guaB,SA0375,USA300HOU_RS02065
673,697,Purine,,RNA,guaA,SA0376,USA300HOU_RS02070
674,698,glmS,,RNA,glmS,SA1959,USA300HOU_RS11625
675,699,PyrR,,RNA,pyrP,SA1042,USA300HOU_RS06025
676,700,PyrR,,RNA,pyrB,SA1043,USA300HOU_RS06030
677,701,PyrR,,RNA,pyrC,SA1044,USA300HOU_RS06035
678,702,PyrR,,RNA,carA,SA1045,USA300HOU_RS06040
679,703,PyrR,,RNA,carB,SA1046,USA300HOU_RS06045
680,704,PyrR,,RNA,pyrF,SA1047,USA300HOU_RS06050
681,705,PyrR,,RNA,pyrE,SA1048,USA300HOU_RS06055
682,706,PyrR,,RNA,,SA1049,USA300HOU_RS06060
683,707,yybP-ykoY,,RNA,ykoY,SA0878,USA300HOU_RS05060
684,708,L10_leader,,RNA,rplJ,SA0497,USA300HOU_RS02835
685,709,L10_leader,,RNA,rplL,SA0498,USA300HOU_RS02840
686,710,L13_leader,,RNA,rplM,SA2017,USA300HOU_RS12015
687,711,L13_leader,,RNA,rpsI,SA2016,USA300HOU_RS12010
688,712,L19_leader,,RNA,rplS,SA1084,USA300HOU_RS06240
689,713,L20_leader,,RNA,infC,SA1504,USA300HOU_RS08905
690,714,L20_leader,,RNA,rpmI,SA1503,USA300HOU_RS08900
691,715,L20_leader,,RNA,rplT,SA1502,USA300HOU_RS08895
692,716,T-box(Ala),,RNA,alaS,SA1446,USA300HOU_RS08615
693,717,T-box(Asn),,RNA,hisS,SA1457,USA300HOU_RS08680
694,718,T-box(Asn),,RNA,aspS,SA1456,USA300HOU_RS08675
695,719,T-box(Cys),,RNA,cysE,SA0487,USA300HOU_RS02785
696,720,T-box(Cys),,RNA,cysS,SA0488,USA300HOU_RS02790
697,721,T-box(Gly),,RNA,glyS,SA1394,USA300HOU_RS08350
698,722,T-box(Ile),,RNA,ileS,SA1036,USA300HOU_RS05995
699,723,T-box(Leu),,RNA,leuS,SA1579,USA300HOU_RS09335
700,724,T-box(Met),,RNA,metI,SA0347,USA300HOU_RS01905
701,725,T-box(Met),,RNA,metC,SA0346,USA300HOU_RS01900
702,726,T-box(Met),,RNA,metF,SA0345,USA300HOU_RS01895
703,727,T-box(Met),,RNA,metE,SA0344,USA300HOU_RS01890
704,728,T-box(Met),,RNA,mdh,SA0343,USA300HOU_RS01885
705,729,T-box(Phe),,RNA,pheS,SA0985,USA300HOU_RS05690
706,730,T-box(Phe),,RNA,pheT,SA0986,USA300HOU_RS05695
707,731,T-box(Ser),,RNA,serS,SA0009,USA300HOU_RS00045
708,732,T-box(Thr),,RNA,thrS,SA1506,USA300HOU_RS08915
709,733,T-box(Trp),,RNA,trpE,SA1199,USA300HOU_RS06960
710,734,T-box(Trp),,RNA,trpG,SA1200,USA300HOU_RS06965
711,735,T-box(Trp),,RNA,trpD,SA1201,USA300HOU_RS06970
712,736,T-box(Trp),,RNA,trpC,SA1202,USA300HOU_RS06975
713,737,T-box(Trp),,RNA,trpF,SA1203,USA300HOU_RS06980
714,738,T-box(Trp),,RNA,trpB,SA1204,USA300HOU_RS06985
715,739,T-box(Trp),,RNA,trpA,SA1205,USA300HOU_RS06990
716,740,T-box(Tyr),,RNA,tyrS,SA1550,USA300HOU_RS09175
717,741,T-box(Val),,RNA,valS,SA1488,USA300HOU_RS08810
718,742,NanR,SA0306,TF,nanE,SA0307,USA300HOU_RS01690
719,743,NanR,SA0306,TF,nanA,SA0304,USA300HOU_RS01675
720,744,NanR,SA0306,TF,nanT,SA0303,USA300HOU_RS01670
721,745,NanR,SA0306,TF,nanR,SA0306,USA300HOU_RS01685
722,746,NanR,SA0306,TF,nanK,SA0305,USA300HOU_RS01680
723,747,YdfD;YisV,SA0104,TF,ydfC,SA0103,USA300HOU_RS00560
724,748,PdxR,SA0476,TF,pdxS,SA0477,USA300HOU_RS02730
725,749,PdxR,SA0476,TF,pdxT,SA0478,USA300HOU_RS02735
726,750,SigB,,Sigma Factor,rpoD,,USA300HOU_RS03375
727,751,SigB,,Sigma Factor,rpoD,,USA300HOU_RS11840
728,752,SigB,,Sigma Factor,rpoD,,USA300HOU_RS10215
729,753,SigB,,Sigma Factor,rpoD,,USA300HOU_RS14445
730,754,SigB,,Sigma Factor,rpoD,,USA300HOU_RS09240
731,755,SigB,,Sigma Factor,rpoD,,USA300HOU_RS03660
732,756,SigB,,Sigma Factor,rpoD,,USA300HOU_RS14645
733,757,SigB,,Sigma Factor,rpoD,,USA300HOU_RS04505
734,758,SigB,,Sigma Factor,rpoD,,USA300HOU_RS03920
735,759,SigB,,Sigma Factor,rpoD,,USA300HOU_RS03670
736,760,SigB,,Sigma Factor,rpoD,,USA300HOU_RS04170
737,761,SigB,,Sigma Factor,rpoD,,USA300HOU_RS13410
738,762,SigB,,Sigma Factor,rpoD,,USA300HOU_RS13005
739,763,SigB,,Sigma Factor,rpoD,,USA300HOU_RS14145
740,764,SigB,,Sigma Factor,rpoD,,USA300HOU_RS01175
741,765,SigB,,Sigma Factor,rpoD,,USA300HOU_RS04305
742,766,SigB,,Sigma Factor,rpoD,,USA300HOU_RS06495
743,767,SigB,,Sigma Factor,rpoD,,USA300HOU_RS14005
744,768,SigB,,Sigma Factor,rpoD,,USA300HOU_RS03710
745,769,VraR,Unknown,TF,mechanosensitive ion channel family protein,SA0349,USA300HOU_RS01915
746,770,VraR,Unknown,TF,protein VraX,SAS016,USA300HOU_RS03030
747,771,VraR,Unknown,TF,M50 family peptidase,SA0591,USA300HOU_RS03440
748,772,VraR,Unknown,TF,TVP38/TMEM64 family protein,SA0824,USA300HOU_RS04780
749,773,VraR,Unknown,TF,DUF5011 domain-containing protein,SA0914,USA300HOU_RS05290
750,774,VraR,Unknown,TF,guanosine monophosphate reductase,SA1172,USA300HOU_RS06800
751,775,VraR,Unknown,TF,regulatory protein MsrR,SA1195,USA300HOU_RS06935
752,776,VraR,Unknown,TF,hypothetical protein,SA1254,USA300HOU_RS07265
753,777,VraR,Unknown,TF,DUF4930 family protein,SA1476,USA300HOU_RS08780
754,778,VraR,Unknown,TF,foldase,SA1659,USA300HOU_RS09835
755,779,VraR,Unknown,TF,monofunctional glycosyltransferase,SA1691,USA300HOU_RS10170
756,780,VraR,Unknown,TF,DUF3267 domain-containing protein,SA1712,USA300HOU_RS10295
757,781,VraR,Unknown,TF,ATPase,SA1795,USA300HOU_RS10780
758,782,VraR,Unknown,TF,DUF771 domain-containing protein,SA1799,USA300HOU_RS10800
759,783,VraR,Unknown,TF,oxidoreductase,SA1801,USA300HOU_RS10810
760,784,VraR,Unknown,TF,XRE family transcriptional regulator,SA1804,USA300HOU_RS10825
761,785,VraR,Unknown,TF,UDP-N-acetylglucosamine 1-carboxyvinyltransferase,SA1926,USA300HOU_RS11465
762,786,VraR,Unknown,TF,transcriptional regulator,SA2103,USA300HOU_RS12505
763,787,VraR,Unknown,TF,hypothetical protein,SA2113,USA300HOU_RS12570
764,788,VraR,Unknown,TF,zinc ribbon domain-containing protein,SA2146,USA300HOU_RS12745
765,789,VraR,Unknown,TF,membrane protein,SA2221,USA300HOU_RS13180
766,790,VraR,Unknown,TF,protein flp,SA2230,USA300HOU_RS13230
767,791,VraR,Unknown,TF,MerR family transcriptional regulator,SA2296,USA300HOU_RS13585
768,792,VraR,Unknown,TF,GTP pyrophosphokinase family protein,SA2297,USA300HOU_RS13590
769,793,VraR,Unknown,TF,SMP-30/gluconolactonase/LRE family protein,SA2480,USA300HOU_RS14590
770,794,VraR,Unknown,TF,rhodanese-related sulfurtransferase,SA2481,USA300HOU_RS14595
771,795,VraR,Unknown,TF,MFS transporter,SA2176,USA300HOU_RS12915
772,796,VraR,Unknown,TF,respiratory nitrate reductase subunit gamma,SA2182,USA300HOU_RS12945
773,797,VraR,Unknown,TF,nitrate reductase molybdenum cofactor assembly chaperone,SA2183,USA300HOU_RS12950
774,798,VraR,Unknown,TF,nitrate reductase subunit beta,SA2184,USA300HOU_RS12955
775,799,VraR,Unknown,TF,uroporphyrinogen-III C-methyltransferase,SA2186,USA300HOU_RS12965
776,800,VraR,Unknown,TF,nitrite reductase (NAD(P)H) small subunit,SA2187,USA300HOU_RS12970
777,801,VraR,Unknown,TF,NAD(P)/FAD-dependent oxidoreductase,SA2188,USA300HOU_RS12975
778,802,VraR,Unknown,TF,hypothetical protein,SA2343,USA300HOU_RS13875
779,803,VraR,Unknown,TF,recombinase,SA1794,USA300HOU_RS10775
780,804,VraR,Unknown,TF,DUF1108 family protein,SA1797,USA300HOU_RS10785
781,805,VraR,Unknown,TF,hypothetical protein,SA1802,USA300HOU_RS10815
782,806,VraR,Unknown,TF,hypothetical protein,SA0608,USA300HOU_RS03530
783,807,VraR,Unknown,TF,hypothetical protein,SA0749,USA300HOU_RS04305
784,808,VraR,Unknown,TF,signal peptidase I,SA0825,USA300HOU_RS04785
785,809,VraR,Unknown,TF,isoprenyl transferase,SA1103,USA300HOU_RS06350
786,810,VraR,Unknown,TF,glucose-specific phosphotransferase enzyme IIA component,SA1255,USA300HOU_RS07270
787,811,VraS2,Unknown,TF,proline/betaine transporter,SA0531,USA300HOU_RS03005
788,812,VraS2,Unknown,TF,glucose-specific phosphotransferase enzyme IIA component,SA1255,USA300HOU_RS07270
789,813,VraS2,Unknown,TF,Bcr/CflA family efflux MFS transporter,SA2145,USA300HOU_RS12735
790,814,VraS2,Unknown,TF,glycerate kinase,SA2220,USA300HOU_RS13175
791,815,VraS2,Unknown,TF,Bcr/CflA family efflux MFS transporter,SA2222,USA300HOU_RS13185
792,816,VraS2,Unknown,TF,1-acyl-sn-glycerol-3-phosphate acyltransferase,SA1548,USA300HOU_RS09165
793,817,VraS2,Unknown,TF,RNA methyltransferase,SA1713,USA300HOU_RS10300
794,818,VraS2,Unknown,TF,transcriptional regulator,SA2103,USA300HOU_RS12505
795,819,VraS2,Unknown,TF,MerR family transcriptional regulator,SA2296,USA300HOU_RS13585
796,820,VraS2,Unknown,TF,DNA polymerase IV,SA1711,USA300HOU_RS10290
797,821,VraS2,Unknown,TF,N-acetylmannosaminyltransferase,SA0592,USA300HOU_RS03445
798,822,VraS2,Unknown,TF,protein FmtA,SA0909,USA300HOU_RS05260
799,823,VraS2,Unknown,TF,BCCT family transporter,SA1183,USA300HOU_RS06865
800,824,VraS2,Unknown,TF,serine protease,SA1253,USA300HOU_RS07255
801,825,VraS2,Unknown,TF,penicillin-binding protein,SA1283,USA300HOU_RS07420
802,826,VraS2,Unknown,TF,monofunctional glycosyltransferase,SA1691,USA300HOU_RS10170
803,827,VraS2,Unknown,TF,UDP-N-acetylglucosamine 1-carboxyvinyltransferase,SA1926,USA300HOU_RS11465
804,828,VraS2,Unknown,TF,signal peptidase I,SA0825,USA300HOU_RS04785
805,829,VraS2,Unknown,TF,PDZ domain-containing protein,SA1549,USA300HOU_RS09170
806,830,VraS2,Unknown,TF,foldase,SA1659,USA300HOU_RS09835
807,831,VraS2,Unknown,TF,copper-exporting P-type ATPase A,SA2344,USA300HOU_RS13880
808,832,VraS2,Unknown,TF,assimilatory sulfite reductase (NADPH) flavoprotein subunit,SA2413,USA300HOU_RS14220
809,833,VraS2,Unknown,TF,DNA-binding response regulator,SA1700,USA300HOU_RS10220
810,834,VraS2,Unknown,TF,two-component sensor histidine kinase,SA1701,USA300HOU_RS10225
811,835,VraS2,Unknown,TF,hypothetical protein,SA0536,USA300HOU_RS03025
812,836,VraS2,Unknown,TF,hypothetical protein,SA0608,USA300HOU_RS03530
813,837,VraS2,Unknown,TF,lipoteichoic acid synthase,SA0674,USA300HOU_RS03880
814,838,VraS2,Unknown,TF,DUF5011 domain-containing protein,SA0914,USA300HOU_RS05290
815,839,VraS2,Unknown,TF,hypothetical protein,SA0931,USA300HOU_RS05380
816,840,VraS2,Unknown,TF,DUF1507 family protein,SA0961,USA300HOU_RS05550
817,841,VraS2,Unknown,TF,hypothetical protein,SA1254,USA300HOU_RS07265
818,842,VraS2,Unknown,TF,Holliday junction resolvase RecU,SA1282,USA300HOU_RS07415
819,843,VraS2,Unknown,TF,DUF4930 family protein,SA1476,USA300HOU_RS08780
820,844,VraS2,Unknown,TF,YtxH domain-containing protein,SA1657,USA300HOU_RS09825
821,845,VraS2,Unknown,TF,DUF3267 domain-containing protein,SA1658,USA300HOU_RS09830
822,846,VraS2,Unknown,TF,transporter,SA1702,USA300HOU_RS10230
823,847,VraS2,Unknown,TF,hypothetical protein,SA1703,USA300HOU_RS10235
824,848,VraS2,Unknown,TF,DUF3267 domain-containing protein,SA1712,USA300HOU_RS10295
825,849,VraS2,Unknown,TF,hypothetical protein,SA2113,USA300HOU_RS12570
826,850,VraS2,Unknown,TF,zinc ribbon domain-containing protein,SA2146,USA300HOU_RS12745
827,851,VraS2,Unknown,TF,membrane protein,SA2221,USA300HOU_RS13180
828,852,VraS2,Unknown,TF,GTP pyrophosphokinase family protein,SA2297,USA300HOU_RS13590
829,853,VraS2,Unknown,TF,DUF2188 domain-containing protein,SA2298,USA300HOU_RS13595
830,854,VraS2,Unknown,TF,hypothetical protein,SA2343,USA300HOU_RS13875
831,855,VraS2,Unknown,TF,SMP-30/gluconolactonase/LRE family protein,SA2480,USA300HOU_RS14590
832,856,WalR,Unknown,TF,glycine-glycine endopeptidase LytM,SA2480,USA300HOU_RS01445
833,857,WalR,Unknown,TF,N-acetylmuramoyl-L-alanine amidase,SA2480,USA300HOU_RS02340
834,858,WalR,Unknown,TF,LysM peptidoglycan-binding domain-containing protein,SA2480,USA300HOU_RS03595
835,859,WalR,Unknown,TF,CHAP domain-containing protein,SA2480,USA300HOU_RS04090
836,860,WalR,Unknown,TF,bifunctional autolysin,SA2480,USA300HOU_RS05240
837,861,WalR,Unknown,TF,protein FmtA,SA2480,USA300HOU_RS05260
838,862,WalR,Unknown,TF,methicillin resistance protein FmtB,SA2480,USA300HOU_RS11650
839,863,WalR,Unknown,TF,CHAP domain-containing protein,SA2480,USA300HOU_RS12440
840,864,WalR,Unknown,TF,CHAP domain-containing protein,SA2480,USA300HOU_RS12465
841,865,WalR,Unknown,TF,CHAP domain-containing protein,SA2480,USA300HOU_RS13795
842,866,WalR,Unknown,TF,CHAP domain-containing protein,SA2480,USA300HOU_RS13925
843,867,WalR,Unknown,TF,DNA-binding response regulator,SA2480,USA300HOU_RS00100
844,868,WalR,Unknown,TF,multidrug efflux MATE transporter transcriptional repressor MepR,SA2480,USA300HOU_RS01770
845,869,WalR,Unknown,TF,two-component sensor histidine kinase,SA2480,USA300HOU_RS03810
846,870,WalR,Unknown,TF,DNA-binding response regulator,SA2480,USA300HOU_RS03815
847,871,WalR,Unknown,TF,DoxX family protein,SA2480,USA300HOU_RS03820
848,872,WalR,Unknown,TF,hypothetical protein,SA2480,USA300HOU_RS03825
849,873,WalR,Unknown,TF,XRE family transcriptional regulator,SA2480,USA300HOU_RS05480
850,874,WalR,Unknown,TF,HrcA family transcriptional regulator,SA2480,USA300HOU_RS08435
851,875,WalR,Unknown,TF,PadR family transcriptional regulator,SA2480,USA300HOU_RS14610
852,876,WalR,Unknown,TF,coagulase,SA2480,USA300HOU_RS01175
853,877,WalR,Unknown,TF,hypothetical protein,SA2480,USA300HOU_RS04280
854,878,WalR,Unknown,TF,fibrinogen-binding protein,SA2480,USA300HOU_RS05775
855,879,WalR,Unknown,TF,fibrinogen-binding protein,SA2480,USA300HOU_RS05795
856,880,WalR,Unknown,TF,alpha-hemolysin,SA2480,USA300HOU_RS05825
857,881,WalR,Unknown,TF,serine protease SplF,SA2480,USA300HOU_RS09630
858,882,WalR,Unknown,TF,serine protease SplE,SA2480,USA300HOU_RS09635
859,883,WalR,Unknown,TF,serine protease SplD,SA2480,USA300HOU_RS09640
860,884,WalR,Unknown,TF,serine protease SplC,SA2480,USA300HOU_RS09645
861,885,WalR,Unknown,TF,serine protease SplB,SA2480,USA300HOU_RS09650
862,886,WalR,Unknown,TF,serine protease SplA,SA2480,USA300HOU_RS09655
863,887,WalR,Unknown,TF,MAP domain-containing protein,SA2480,USA300HOU_RS10525
864,888,WalR,Unknown,TF,hypothetical protein,SA2480,USA300HOU_RS10550
865,889,WalR,Unknown,TF,chemotaxis inhibitory protein,SA2480,USA300HOU_RS10555
866,890,WalR,Unknown,TF,bi-component leukocidin LukGH subunit H,SA2480,USA300HOU_RS10875
867,891,WalR,Unknown,TF,immunoglobulin-binding protein Sbi,SA2480,USA300HOU_RS13085
868,892,WalR,Unknown,TF,bi-component gamma-hemolysin HlgAB subunit A,SA2480,USA300HOU_RS13095
869,893,WalR,Unknown,TF,bi-component gamma-hemolysin HlgCB subunit C,SA2480,USA300HOU_RS13100
870,894,WalR,Unknown,TF,bi-component gamma-hemolysin HlgAB/HlgCB subunit B,SA2480,USA300HOU_RS13105
871,895,WalR,Unknown,TF,LPXTG cell wall anchor domain-containing protein,SA2480,USA300HOU_RS13550
872,896,WalR,Unknown,TF,fibronectin-binding protein A,SA2480,USA300HOU_RS13555
873,897,WalR,Unknown,TF,excinuclease ABC subunit B,SA2480,USA300HOU_RS02750
874,898,WalR,Unknown,TF,DNA repair protein RadA,SA2480,USA300HOU_RS02770
875,899,WalR,Unknown,TF,chaperone protein ClpB,SA2480,USA300HOU_RS04835
876,900,WalR,Unknown,TF,molecular chaperone DnaJ,SA2480,USA300HOU_RS08420
877,901,WalR,Unknown,TF,nucleotide exchange factor GrpE,SA2480,USA300HOU_RS08430
878,902,WalR,Unknown,TF,DNA polymerase IV,SA2480,USA300HOU_RS10290
879,903,WalR,Unknown,TF,Na/Pi cotransporter family protein,SA2480,USA300HOU_RS00550
880,904,WalR,Unknown,TF,MFS transporter,SA2480,USA300HOU_RS00940
881,905,WalR,Unknown,TF,sodium-dependent transporter,SA2480,USA300HOU_RS02310
882,906,WalR,Unknown,TF,spermidine/putrescine import ATP-binding protein PotA,SA2480,USA300HOU_RS05485
883,907,WalR,Unknown,TF,protein translocase subunit SecDF,SA2480,USA300HOU_RS08710
884,908,WalR,Unknown,TF,foldase,SA2480,USA300HOU_RS09835
885,909,WalR,Unknown,TF,ABC transporter permease subunit,SA2480,USA300HOU_RS09930
886,910,WalR,Unknown,TF,YSIRK-type signal peptide-containing protein,SA2480,USA300HOU_RS01700
887,911,WalR,Unknown,TF,glycerophosphodiester phosphodiesterase,SA2480,USA300HOU_RS04760
888,912,WalR,Unknown,TF,aspartate carbamoyltransferase,SA2480,USA300HOU_RS06030
889,913,WalR,Unknown,TF,dihydroorotase,SA2480,USA300HOU_RS06035
890,914,WalR,Unknown,TF,carbamoyl-phosphate synthase small chain,SA2480,USA300HOU_RS06040
891,915,WalR,Unknown,TF,carbamoyl-phosphate synthase large chain,SA2480,USA300HOU_RS06045
892,916,WalR,Unknown,TF,orotidine-5'-phosphate decarboxylase,SA2480,USA300HOU_RS06050
893,917,WalR,Unknown,TF,orotate phosphoribosyltransferase,SA2480,USA300HOU_RS06055
894,918,WalR,Unknown,TF,serine/threonine dehydratase,SA2480,USA300HOU_RS07355
895,919,WalR,Unknown,TF,pyruvate formate-lyase-activating enzyme,SA2480,USA300HOU_RS01155
896,920,WalR,Unknown,TF,superantigen-like protein SSL11,SA2480,USA300HOU_RS02180
897,921,WalR,Unknown,TF,NUDIX domain-containing protein,SA2480,USA300HOU_RS02350
898,922,WalR,Unknown,TF,50S ribosomal protein L11 methyltransferase,SA2480,USA300HOU_RS08415
899,923,WalR,Unknown,TF,PTS transporter subunit IIC,SA2480,USA300HOU_RS09935
900,924,WalR,Unknown,TF,non-ribosomal peptide synthetase,SA2480,USA300HOU_RS00945
901,925,WalR,Unknown,TF,membrane protein,SA2480,USA300HOU_RS01125
902,926,WalR,Unknown,TF,hypothetical protein,SA2480,USA300HOU_RS01170
904,928,WalR,Unknown,TF,toxin,SA2480,USA300HOU_RS01965
905,929,WalR,Unknown,TF,myeloperoxidase inhibitor SPIN,SA2480,USA300HOU_RS02190
906,930,WalR,Unknown,TF,GNAT family N-acetyltransferase,SA2480,USA300HOU_RS02355
907,931,WalR,Unknown,TF,PIN/TRAM domain-containing protein,SA2480,USA300HOU_RS02775
908,932,WalR,Unknown,TF,protein VraX,SA2480,USA300HOU_RS03030
909,933,WalR,Unknown,TF,hypothetical protein,SA2480,USA300HOU_RS03760
911,935,WalR,Unknown,TF,FPRL1 inhibitory protein,SA2480,USA300HOU_RS05785
912,936,WalR,Unknown,TF,hypothetical protein,SA2480,USA300HOU_RS05790
913,937,WalR,Unknown,TF,fibrinogen-binding protein,SA2480,USA300HOU_RS05800
914,938,WalR,Unknown,TF,DNA-protecting protein DprA,SA2480,USA300HOU_RS06285
915,939,WalR,Unknown,TF,amino acid permease,SA2480,USA300HOU_RS07350
916,940,WalR,Unknown,TF,IreB family regulatory phosphoprotein,SA2480,USA300HOU_RS08610
917,941,WalR,Unknown,TF,hypothetical protein,SA2480,USA300HOU_RS08775
918,942,WalR,Unknown,TF,DUF4930 family protein,SA2480,USA300HOU_RS08780
919,943,WalR,Unknown,TF,autolysin,SA2480,USA300HOU_RS09425
920,944,WalR,Unknown,TF,DUF4909 domain-containing protein,SA2480,USA300HOU_RS09535
921,945,WalR,Unknown,TF,calcium-binding protein,SA2480,USA300HOU_RS09540
922,946,WalR,Unknown,TF,DUF4352 domain-containing protein,SA2480,USA300HOU_RS09545
923,947,WalR,Unknown,TF,DUF4888 domain-containing protein,SA2480,USA300HOU_RS09665
925,949,WalR,Unknown,TF,DUF3267 domain-containing protein,SA2480,USA300HOU_RS10295
926,950,WalR,Unknown,TF,hypothetical protein,SA2480,USA300HOU_RS10535
927,951,WalR,Unknown,TF,bi-component leukocidin LukGH subunit G,SA2480,USA300HOU_RS10870
928,952,WalR,Unknown,TF,hypothetical protein,SA2480,USA300HOU_RS10940
930,954,WalR,Unknown,TF,zinc-binding alcohol dehydrogenase,SA2480,USA300HOU_RS11850
931,955,WalR,Unknown,TF,CPBP family intramembrane metalloprotease SdpC,SA2480,USA300HOU_RS12635
933,957,WalR,Unknown,TF,hypothetical protein,SA2480,USA300HOU_RS13065
934,958,WalR,Unknown,TF,hypothetical protein,SA2480,USA300HOU_RS13875
935,959,WalR,Unknown,TF,HTH-type transcriptional regulator SarS,SA2480,USA300HOU_RS00585
936,960,WalR,Unknown,TF,transcriptional regulator,SA2480,USA300HOU_RS13535
937,961,WalR,Unknown,TF,biofilm operon icaADBC HTH-type negative transcriptional regulator IcaR,SA2480,USA300HOU_RS14475
938,962,WalR,Unknown,TF,immunoglobulin G-binding protein A,SA2480,USA300HOU_RS00580
939,963,WalR,Unknown,TF,ATP-dependent Clp protease ATP-binding subunit,SA2480,USA300HOU_RS13830
940,964,WalR,Unknown,TF,proline/betaine transporter,SA2480,USA300HOU_RS03005
941,965,WalR,Unknown,TF,BCCT family transporter,SA2480,USA300HOU_RS11845
942,966,WalR,Unknown,TF,iron export ABC transporter permease subunit FetB,SA2480,USA300HOU_RS13305
943,967,WalR,Unknown,TF,ATP-binding cassette domain-containing protein,SA2480,USA300HOU_RS13310
944,968,WalR,Unknown,TF,mannitol-1-phosphate 5-dehydrogenase,SA2480,USA300HOU_RS11645
945,969,WalR,Unknown,TF,acetolactate synthase AlsS,SA2480,USA300HOU_RS11965
946,970,WalR,Unknown,TF,lactate dehydrogenase,SA2480,USA300HOU_RS13685
947,971,WalR,Unknown,TF,recombinase,SA2480,USA300HOU_RS03375
948,972,WalR,Unknown,TF,DUF1648 domain-containing protein,SA2480,USA300HOU_RS00570
949,973,WalR,Unknown,TF,cell-wall-anchored protein SasD,SA2480,USA300HOU_RS00705
950,974,WalR,Unknown,TF,hypothetical protein,SA2480,USA300HOU_RS00900
951,975,WalR,Unknown,TF,FtsX-like permease family protein,SA2480,USA300HOU_RS01640
952,976,WalR,Unknown,TF,peptidase,SA2480,USA300HOU_RS01975
953,977,WalR,Unknown,TF,hypothetical protein,SA2480,USA300HOU_RS02345
954,978,WalR,Unknown,TF,YibE/F family protein,SA2480,USA300HOU_RS02360
955,979,WalR,Unknown,TF,3-hexulose-6-phosphate synthase,SA2480,USA300HOU_RS02990
956,980,WalR,Unknown,TF,hypothetical protein,SA2480,USA300HOU_RS03260
957,981,WalR,Unknown,TF,alpha/beta hydrolase,SA2480,USA300HOU_RS03270
958,982,WalR,Unknown,TF,MarR family transcriptional regulator,SA2480,USA300HOU_RS03610
959,983,WalR,Unknown,TF,YaiI/YqxD family protein,SA2480,USA300HOU_RS03685
960,984,WalR,Unknown,TF,hypothetical protein,SA2480,USA300HOU_RS03690
961,985,WalR,Unknown,TF,aldo/keto reductase,SA2480,USA300HOU_RS03800
962,986,WalR,Unknown,TF,lipid kinase,SA2480,USA300HOU_RS03920
963,987,WalR,Unknown,TF,hypothetical protein,SA2480,USA300HOU_RS04300
964,988,WalR,Unknown,TF,hypothetical protein,SA2480,USA300HOU_RS04305
965,989,WalR,Unknown,TF,organic hydroperoxide reductase OsmC/OhrA,SA2480,USA300HOU_RS04350
966,990,WalR,Unknown,TF,hypothetical protein,SA2480,USA300HOU_RS05165
967,991,WalR,Unknown,TF,hypothetical protein,SA2480,USA300HOU_RS05375
968,992,WalR,Unknown,TF,hypothetical protein,SA2480,USA300HOU_RS05390
969,993,WalR,Unknown,TF,hypothetical protein,SA2480,USA300HOU_RS06485
970,994,WalR,Unknown,TF,metal-dependent hydrolase,SA2480,USA300HOU_RS09050
971,995,WalR,Unknown,TF,type 1 glutamine amidotransferase,SA2480,USA300HOU_RS10175
972,996,WalR,Unknown,TF,ArgE/DapE family deacylase,SA2480,USA300HOU_RS10880
973,997,WalR,Unknown,TF,hypothetical protein,SA2480,USA300HOU_RS11255
974,998,WalR,Unknown,TF,DUF1146 domain-containing protein,SA2480,USA300HOU_RS11345
975,999,WalR,Unknown,TF,SDR family oxidoreductase,SA2480,USA300HOU_RS11575
976,1000,WalR,Unknown,TF,hypothetical protein,SA2480,USA300HOU_RS12445
977,1001,WalR,Unknown,TF,carboxymuconolactone decarboxylase family protein,SA2480,USA300HOU_RS13410
978,1002,WalR,Unknown,TF,hypothetical protein,SA2480,USA300HOU_RS13740
979,1003,WalR,Unknown,TF,diapolycopene oxygenase,SA2480,USA300HOU_RS13915
980,1004,WalR,Unknown,TF,hypothetical protein,SA2480,USA300HOU_RS13920
981,1005,WalR,Unknown,TF,amidohydrolase,SA2480,USA300HOU_RS13995
982,1006,WalR,Unknown,TF,alpha/beta hydrolase,SA2480,USA300HOU_RS14000
983,1007,WalR,Unknown,TF,fructosamine kinase family protein,SA2480,USA300HOU_RS14035
984,1008,WalR,Unknown,TF,hypothetical protein,SA2480,USA300HOU_RS14120
985,1009,WalR,Unknown,TF,antibiotic biosynthesis monooxygenase,SA2480,USA300HOU_RS14145
986,1010,WalR,Unknown,TF,hypothetical protein,SA2480,USA300HOU_RS14150
987,1011,WalR,Unknown,TF,MBL fold metallo-hydrolase,SA2480,USA300HOU_RS14175
988,1012,WalR,Unknown,TF,hypothetical protein,SA2480,USA300HOU_RS14440
989,1013,WalR,Unknown,TF,DNA-binding protein,SA2480,USA300HOU_RS14630
991,1015,GraS,Unknown,TF,phosphatidylglycerol lysyltransferase,SA2480,USA300HOU_RS06925
992,1016,GraS,Unknown,TF,carboxylesterase/lipase family protein,SA2480,USA300HOU_RS13295
993,1017,GraS,Unknown,TF,ABC transporter ATP-binding protein,SA2480,USA300HOU_RS03575
994,1018,GraS,Unknown,TF,ABC transporter ATP-binding protein,SA2480,USA300HOU_RS01050
995,1019,GraS,Unknown,TF,MFS transporter,SA2480,USA300HOU_RS13605
996,1020,GraS,Unknown,TF,DUF47 domain-containing protein,SA2480,USA300HOU_RS03585
997,1021,GraS,Unknown,TF,MarR family transcriptional regulator,SA2480,USA300HOU_RS05230
998,1022,GraS,Unknown,TF,CHAP domain-containing protein,SA2480,USA300HOU_RS12440
999,1023,GraS,Unknown,TF,hypothetical protein,SA2480,USA300HOU_RS05145
1000,1024,GraS,Unknown,TF,alanine dehydrogenase,SA2480,USA300HOU_RS09065
1001,1025,GraS,Unknown,TF,quinol oxidase subunit 2,SA2480,USA300HOU_RS05280
1002,1026,GraS,Unknown,TF,dihydroneopterin aldolase,SA2480,USA300HOU_RS00435
1003,1027,GraS,Unknown,TF,aldo/keto reductase,SA2480,USA300HOU_RS09485
1004,1028,GraS,Unknown,TF,pyridine nucleotide-disulfide oxidoreductase,SA2480,USA300HOU_RS04685
1005,1029,GraS,Unknown,TF,prepilin-type N-terminal cleavage/methylation domain-containing protein,SA2480,USA300HOU_RS08220
1006,1030,GraS,Unknown,TF,50S ribosomal protein L5,SA2480,USA300HOU_RS12115
1007,1031,GraS,Unknown,TF,hypothetical protein,SA2480,USA300HOU_RS10940
1008,1032,GraS,Unknown,TF,signal peptidase IB,SA2480,USA300HOU_RS04790
1009,1033,GraS,Unknown,TF,universal stress protein UspA,SA2480,USA300HOU_RS09070
1010,1034,GraS,Unknown,TF,DedA family protein,SA2480,USA300HOU_RS13610
1011,1035,GraS,Unknown,TF,acyltransferase family protein,SA2480,USA300HOU_RS05225
1012,1036,GraS,Unknown,TF,metal-sensitive transcriptional regulator,SA2480,USA300HOU_RS00430
1013,1037,GraS,Unknown,TF,DUF1440 domain-containing protein,SA2480,USA300HOU_RS00955
1014,1038,GraS,Unknown,TF,hypothetical protein,SA2480,USA300HOU_RS15230
1015,1039,GraS,Unknown,TF,DNA polymerase III subunit alpha,SA2480,USA300HOU_RS06370
1017,1041,GraS,Unknown,TF,hypothetical protein,SA2480,USA300HOU_RS11255
1178,1202,Genomic Island 1,Genomic Island 1,Genomic Island,hypothetical protein,,USA300HOU_RS00210
1179,1203,Genomic Island 1,Genomic Island 1,Genomic Island,ACP synthase,,USA300HOU_RS00215
1180,1204,Genomic Island 1,Genomic Island 1,Genomic Island,ATPase AAA,,USA300HOU_RS00220
1182,1206,Genomic Island 1,Genomic Island 1,Genomic Island,MBL fold hydrolase,,USA300HOU_RS00230
1183,1207,Genomic Island 1,Genomic Island 1,Genomic Island,HNH endonuclease,,USA300HOU_RS00235
1184,1208,Genomic Island 1,Genomic Island 1,Genomic Island,membrane protein,,USA300HOU_RS00240
1185,1209,Genomic Island 1,Genomic Island 1,Genomic Island,hypothetical protein,,USA300HOU_RS00245
1186,1210,Genomic Island 1,Genomic Island 1,Genomic Island,hypothetical protein,,USA300HOU_RS00250
1187,1211,Genomic Island 1,Genomic Island 1,Genomic Island,hypothetical protein,,USA300HOU_RS00255
1188,1212,Genomic Island 1,Genomic Island 1,Genomic Island,hypothetical protein,,USA300HOU_RS00260
1189,1213,Genomic Island 1,Genomic Island 1,Genomic Island,transposase,,USA300HOU_RS00265
1190,1214,Genomic Island 1,Genomic Island 1,Genomic Island,spermidine N1-acetyltransferase,,USA300HOU_RS00270
1191,1215,Genomic Island 1,Genomic Island 1,Genomic Island,alcohol dehydrogenase,,USA300HOU_RS00275
1192,1216,Genomic Island 1,Genomic Island 1,Genomic Island,hypothetical protein,,USA300HOU_RS00280
1193,1217,Genomic Island 1,Genomic Island 1,Genomic Island,hypothetical protein,,USA300HOU_RS00285
1194,1218,Genomic Island 1,Genomic Island 1,Genomic Island,hypothetical protein,,USA300HOU_RS00290
1195,1219,Genomic Island 1,Genomic Island 1,Genomic Island,hypothetical protein,,USA300HOU_RS00295
1196,1220,Genomic Island 1,Genomic Island 1,Genomic Island,transposase,,USA300HOU_RS00300
1197,1221,Genomic Island 1,Genomic Island 1,Genomic Island,carbamate kinase,,USA300HOU_RS00305
1198,1222,Genomic Island 1,Genomic Island 1,Genomic Island,"ornithine carbamoyltransferase 1, catabolic",,USA300HOU_RS00310
1199,1223,Genomic Island 1,Genomic Island 1,Genomic Island,Crp/Fnr family transcriptional regulator,,USA300HOU_RS00315
1200,1224,Genomic Island 1,Genomic Island 1,Genomic Island,arginine-ornithine antiporter,,USA300HOU_RS00320
1201,1225,Genomic Island 1,Genomic Island 1,Genomic Island,arginine deiminase,,USA300HOU_RS00325
1202,1226,Genomic Island 1,Genomic Island 1,Genomic Island,ArgR family transcriptional regulator,,USA300HOU_RS00330
1204,1228,Genomic Island 2,Genomic Island 2,Genomic Island,transposase,,USA300HOU_RS03120
1205,1229,Genomic Island 2,Genomic Island 2,Genomic Island,hypothetical protein,,USA300HOU_RS03125
1206,1230,Genomic Island 2,Genomic Island 2,Genomic Island,hypothetical protein,,USA300HOU_RS03130
1207,1231,Genomic Island 2,Genomic Island 2,Genomic Island,hypothetical protein,,USA300HOU_RS03135
1208,1232,Genomic Island 2,Genomic Island 2,Genomic Island,hypothetical protein,,USA300HOU_RS03140
1210,1234,Genomic Island 2,Genomic Island 2,Genomic Island,hypothetical protein,,USA300HOU_RS03150
1211,1235,Genomic Island 2,Genomic Island 2,Genomic Island,hypothetical protein,,USA300HOU_RS03155
1212,1236,Genomic Island 2,Genomic Island 2,Genomic Island,hypothetical protein,,USA300HOU_RS03160
1213,1237,Genomic Island 2,Genomic Island 2,Genomic Island,hypothetical protein,,USA300HOU_RS03165
1214,1238,Genomic Island 2,Genomic Island 2,Genomic Island,hypothetical protein,,USA300HOU_RS03170
1215,1239,Genomic Island 3,Genomic Island 3,Genomic Island,methionine import ATP-binding protein MetN 2,,USA300HOU_RS04405
1216,1240,Genomic Island 3,Genomic Island 3,Genomic Island,ABC transporter permease,,USA300HOU_RS04410
1217,1241,Genomic Island 3,Genomic Island 3,Genomic Island,methionine ABC transporter substrate-binding protein,,USA300HOU_RS04415
1218,1242,Genomic Island 3,Genomic Island 3,Genomic Island,integrase,,USA300HOU_RS04420
1219,1243,Genomic Island 3,Genomic Island 3,Genomic Island,enterotoxin,,USA300HOU_RS04425
1220,1244,Genomic Island 3,Genomic Island 3,Genomic Island,enterotoxin,,USA300HOU_RS04430
1221,1245,Genomic Island 3,Genomic Island 3,Genomic Island,hypothetical protein,,USA300HOU_RS04435
1222,1246,Genomic Island 3,Genomic Island 3,Genomic Island,transcriptional regulator,,USA300HOU_RS04440
1223,1247,Genomic Island 3,Genomic Island 3,Genomic Island,transcriptional regulator,,USA300HOU_RS04445
1224,1248,Genomic Island 3,Genomic Island 3,Genomic Island,hypothetical protein,,USA300HOU_RS04450
1225,1249,Genomic Island 3,Genomic Island 3,Genomic Island,hypothetical protein,,USA300HOU_RS04455
1226,1250,Genomic Island 3,Genomic Island 3,Genomic Island,hypothetical protein,,USA300HOU_RS04460
1227,1251,Genomic Island 3,Genomic Island 3,Genomic Island,hypothetical protein,,USA300HOU_RS04465
1228,1252,Genomic Island 3,Genomic Island 3,Genomic Island,primase,,USA300HOU_RS04470
1229,1253,Genomic Island 3,Genomic Island 3,Genomic Island,hypothetical protein,,USA300HOU_RS04475
1230,1254,Genomic Island 3,Genomic Island 3,Genomic Island,hypothetical protein,,USA300HOU_RS04480
1231,1255,Genomic Island 3,Genomic Island 3,Genomic Island,phage capsid protein,,USA300HOU_RS04485
1232,1256,Genomic Island 3,Genomic Island 3,Genomic Island,hypothetical protein,,USA300HOU_RS04490
1233,1257,Genomic Island 3,Genomic Island 3,Genomic Island,CAAX amino protease,,USA300HOU_RS04495
1234,1258,Genomic Island 3,Genomic Island 3,Genomic Island,hypothetical protein,,USA300HOU_RS04500
1235,1259,Genomic Island 3,Genomic Island 3,Genomic Island,CsbD family protein,,USA300HOU_RS04505
1236,1260,Genomic Island 4,Genomic Island 4,Genomic Island,XRE family transcriptional regulator,,USA300HOU_RS06600
1237,1261,Genomic Island 4,Genomic Island 4,Genomic Island,hypothetical protein,,USA300HOU_RS06605
1239,1263,Genomic Island 4,Genomic Island 4,Genomic Island,XRE family transcriptional regulator,,USA300HOU_RS06615
1242,1266,Genomic Island 4,Genomic Island 4,Genomic Island,hypothetical protein,,USA300HOU_RS06630
1243,1267,Genomic Island 4,Genomic Island 4,Genomic Island,phage head morphogenesis protein,,USA300HOU_RS06635
1244,1268,Genomic Island 4,Genomic Island 4,Genomic Island,hypothetical protein,,USA300HOU_RS06640
1248,1272,Genomic Island 4,Genomic Island 4,Genomic Island,hypothetical protein,,USA300HOU_RS06660
1250,1274,Genomic Island 4,Genomic Island 4,Genomic Island,hypothetical protein,,USA300HOU_RS06670
1251,1275,Genomic Island 4,Genomic Island 4,Genomic Island,hypothetical protein,,USA300HOU_RS06675
1252,1276,Genomic Island 4,Genomic Island 4,Genomic Island,hypothetical protein,,USA300HOU_RS06680
1253,1277,Genomic Island 4,Genomic Island 4,Genomic Island,hypothetical protein,,USA300HOU_RS06685
1254,1278,Genomic Island 4,Genomic Island 4,Genomic Island,threonine aldolase,,USA300HOU_RS06690
1255,1279,Genomic Island 5,Genomic Island 5,Genomic Island,phage holin,,USA300HOU_RS07660
1256,1280,Genomic Island 5,Genomic Island 5,Genomic Island,hypothetical protein,,USA300HOU_RS07665
1257,1281,Genomic Island 5,Genomic Island 5,Genomic Island,hypothetical protein,,USA300HOU_RS07670
1258,1282,Genomic Island 5,Genomic Island 5,Genomic Island,hypothetical protein,,USA300HOU_RS07675
1259,1283,Genomic Island 5,Genomic Island 5,Genomic Island,hypothetical protein,,USA300HOU_RS07680
1260,1284,Genomic Island 5,Genomic Island 5,Genomic Island,minor structural protein,,USA300HOU_RS07685
1261,1285,Genomic Island 5,Genomic Island 5,Genomic Island,hypothetical protein,,USA300HOU_RS07690
1262,1286,Genomic Island 5,Genomic Island 5,Genomic Island,peptidase,,USA300HOU_RS07695
1263,1287,Genomic Island 5,Genomic Island 5,Genomic Island,holin,,USA300HOU_RS07700
1264,1288,Genomic Island 6,Genomic Island 6,Genomic Island,hypothetical protein,,USA300HOU_RS07665
1265,1289,Genomic Island 6,Genomic Island 6,Genomic Island,hypothetical protein,,USA300HOU_RS07670
1266,1290,Genomic Island 6,Genomic Island 6,Genomic Island,hypothetical protein,,USA300HOU_RS07675
1267,1291,Genomic Island 6,Genomic Island 6,Genomic Island,hypothetical protein,,USA300HOU_RS07680
1268,1292,Genomic Island 6,Genomic Island 6,Genomic Island,minor structural protein,,USA300HOU_RS07685
1269,1293,Genomic Island 6,Genomic Island 6,Genomic Island,hypothetical protein,,USA300HOU_RS07690
1270,1294,Genomic Island 6,Genomic Island 6,Genomic Island,peptidase,,USA300HOU_RS07695
1271,1295,Genomic Island 6,Genomic Island 6,Genomic Island,holin,,USA300HOU_RS07700
1272,1296,Genomic Island 6,Genomic Island 6,Genomic Island,phage tail tape measure protein,,USA300HOU_RS07705
1274,1298,Genomic Island 6,Genomic Island 6,Genomic Island,hypothetical protein,,USA300HOU_RS07715
1275,1299,Genomic Island 6,Genomic Island 6,Genomic Island,tail protein,,USA300HOU_RS07720
1276,1300,Genomic Island 6,Genomic Island 6,Genomic Island,tail protein,,USA300HOU_RS07725
1277,1301,Genomic Island 6,Genomic Island 6,Genomic Island,hypothetical protein,,USA300HOU_RS07730
1278,1302,Genomic Island 6,Genomic Island 6,Genomic Island,hypothetical protein,,USA300HOU_RS07735
1279,1303,Genomic Island 6,Genomic Island 6,Genomic Island,hypothetical protein,,USA300HOU_RS07740
1280,1304,Genomic Island 6,Genomic Island 6,Genomic Island,phage head-tail adapter protein,,USA300HOU_RS07745
1281,1305,Genomic Island 6,Genomic Island 6,Genomic Island,phage capsid protein,,USA300HOU_RS07750
1282,1306,Genomic Island 6,Genomic Island 6,Genomic Island,ATP-dependent Clp protease ClpP,,USA300HOU_RS07755
1283,1307,Genomic Island 6,Genomic Island 6,Genomic Island,phage portal protein,,USA300HOU_RS07760
1284,1308,Genomic Island 6,Genomic Island 6,Genomic Island,terminase,,USA300HOU_RS07765
1285,1309,Genomic Island 6,Genomic Island 6,Genomic Island,terminase,,USA300HOU_RS07770
1286,1310,Genomic Island 6,Genomic Island 6,Genomic Island,HNH endonuclease,,USA300HOU_RS07775
1287,1311,Genomic Island 6,Genomic Island 6,Genomic Island,transcriptional regulator,,USA300HOU_RS07780
1288,1312,Genomic Island 6,Genomic Island 6,Genomic Island,DEAD/DEAH box helicase,,USA300HOU_RS07785
1289,1313,Genomic Island 6,Genomic Island 6,Genomic Island,nuclease,,USA300HOU_RS07790
1291,1315,Genomic Island 6,Genomic Island 6,Genomic Island,hypothetical protein,,USA300HOU_RS07800
1292,1316,Genomic Island 6,Genomic Island 6,Genomic Island,hypothetical protein,,USA300HOU_RS07805
1294,1318,Genomic Island 6,Genomic Island 6,Genomic Island,hypothetical protein,,USA300HOU_RS07815
1295,1319,Genomic Island 6,Genomic Island 6,Genomic Island,hypothetical protein,,USA300HOU_RS07820
1296,1320,Genomic Island 6,Genomic Island 6,Genomic Island,hypothetical protein,,USA300HOU_RS07825
1297,1321,Genomic Island 6,Genomic Island 6,Genomic Island,hypothetical protein,,USA300HOU_RS07830
1298,1322,Genomic Island 6,Genomic Island 6,Genomic Island,hypothetical protein,,USA300HOU_RS07835
1299,1323,Genomic Island 6,Genomic Island 6,Genomic Island,hypothetical protein,,USA300HOU_RS07840
1300,1324,Genomic Island 6,Genomic Island 6,Genomic Island,hypothetical protein,,USA300HOU_RS07845
1302,1326,Genomic Island 6,Genomic Island 6,Genomic Island,hypothetical protein,,USA300HOU_RS07855
1303,1327,Genomic Island 6,Genomic Island 6,Genomic Island,PVL family protein,,USA300HOU_RS07860
1305,1329,Genomic Island 6,Genomic Island 6,Genomic Island,DNA polymerase,,USA300HOU_RS07870
1306,1330,Genomic Island 6,Genomic Island 6,Genomic Island,hypothetical protein,,USA300HOU_RS07875
1307,1331,Genomic Island 6,Genomic Island 6,Genomic Island,nuclease,,USA300HOU_RS07880
1308,1332,Genomic Island 6,Genomic Island 6,Genomic Island,hypothetical protein,,USA300HOU_RS07885
1309,1333,Genomic Island 6,Genomic Island 6,Genomic Island,hypothetical protein,,USA300HOU_RS07890
1310,1334,Genomic Island 6,Genomic Island 6,Genomic Island,hypothetical protein,,USA300HOU_RS07895
1311,1335,Genomic Island 6,Genomic Island 6,Genomic Island,hypothetical protein,,USA300HOU_RS07900
1313,1337,Genomic Island 6,Genomic Island 6,Genomic Island,hypothetical protein,,USA300HOU_RS07910
1315,1339,Genomic Island 6,Genomic Island 6,Genomic Island,hypothetical protein,,USA300HOU_RS07920
1317,1341,Genomic Island 6,Genomic Island 6,Genomic Island,transcriptional regulator,,USA300HOU_RS07930
1318,1342,Genomic Island 6,Genomic Island 6,Genomic Island,hypothetical protein,,USA300HOU_RS07935
1319,1343,Genomic Island 6,Genomic Island 6,Genomic Island,hypothetical protein,,USA300HOU_RS07940
1320,1344,Genomic Island 7,Genomic Island 7,Genomic Island,hypothetical protein,,USA300HOU_RS07920
1322,1346,Genomic Island 7,Genomic Island 7,Genomic Island,transcriptional regulator,,USA300HOU_RS07930
1323,1347,Genomic Island 7,Genomic Island 7,Genomic Island,hypothetical protein,,USA300HOU_RS07935
1324,1348,Genomic Island 7,Genomic Island 7,Genomic Island,hypothetical protein,,USA300HOU_RS07940
1325,1349,Genomic Island 7,Genomic Island 7,Genomic Island,hypothetical protein,,USA300HOU_RS07945
1326,1350,Genomic Island 7,Genomic Island 7,Genomic Island,hypothetical protein,,USA300HOU_RS07950
1327,1351,Genomic Island 7,Genomic Island 7,Genomic Island,hypothetical protein,,USA300HOU_RS07955
1328,1352,Genomic Island 7,Genomic Island 7,Genomic Island,integrase,,USA300HOU_RS07960
1330,1354,Genomic Island 8,Genomic Island 8,Genomic Island,hypothetical protein,,USA300HOU_RS09560
1331,1355,Genomic Island 8,Genomic Island 8,Genomic Island,hypothetical protein,,USA300HOU_RS09565
1332,1356,Genomic Island 8,Genomic Island 8,Genomic Island,hypothetical protein,,USA300HOU_RS09570
1333,1357,Genomic Island 8,Genomic Island 8,Genomic Island,membrane protein,,USA300HOU_RS09575
1334,1358,Genomic Island 8,Genomic Island 8,Genomic Island,hypothetical protein,,USA300HOU_RS09580
1335,1359,Genomic Island 8,Genomic Island 8,Genomic Island,transposase,,USA300HOU_RS09585
1336,1360,Genomic Island 8,Genomic Island 8,Genomic Island,transposase,,USA300HOU_RS09590
1338,1362,Genomic Island 8,Genomic Island 8,Genomic Island,hypothetical protein,,USA300HOU_RS09600
1339,1363,Genomic Island 8,Genomic Island 8,Genomic Island,NTPase,,USA300HOU_RS09605
1341,1365,Genomic Island 8,Genomic Island 8,Genomic Island,specificity determinant HsdS,,USA300HOU_RS09615
1342,1366,Genomic Island 8,Genomic Island 8,Genomic Island,type I restriction-modification system subunit M,,USA300HOU_RS09620
1344,1368,Genomic Island 8,Genomic Island 8,Genomic Island,serine protease SplF,,USA300HOU_RS09630
1345,1369,Genomic Island 8,Genomic Island 8,Genomic Island,serine protease SplE,,USA300HOU_RS09635
1346,1370,Genomic Island 8,Genomic Island 8,Genomic Island,serine protease SplD,,USA300HOU_RS09640
1347,1371,Genomic Island 8,Genomic Island 8,Genomic Island,serine protease SplC,,USA300HOU_RS09645
1348,1372,Genomic Island 9,Genomic Island 9,Genomic Island,hypothetical protein,,USA300HOU_RS10530
1349,1373,Genomic Island 9,Genomic Island 9,Genomic Island,membrane protein,,USA300HOU_RS10535
1351,1375,Genomic Island 9,Genomic Island 9,Genomic Island,membrane protein,,USA300HOU_RS10545
1352,1376,Genomic Island 9,Genomic Island 9,Genomic Island,hypothetical protein,,USA300HOU_RS10550
1353,1377,Genomic Island 9,Genomic Island 9,Genomic Island,chemotaxis inhibitory protein,,USA300HOU_RS10555
1354,1378,Genomic Island 9,Genomic Island 9,Genomic Island,peptidoglycan hydrolase,,USA300HOU_RS10560
1355,1379,Genomic Island 9,Genomic Island 9,Genomic Island,staphylokinase,,USA300HOU_RS10565
1356,1380,Genomic Island 9,Genomic Island 9,Genomic Island,amidase,,USA300HOU_RS10570
1357,1381,Genomic Island 9,Genomic Island 9,Genomic Island,holin,,USA300HOU_RS10575
1359,1383,Genomic Island 9,Genomic Island 9,Genomic Island,hypothetical protein,,USA300HOU_RS10590
1360,1384,Genomic Island 9,Genomic Island 9,Genomic Island,hypothetical protein,,USA300HOU_RS10595
1361,1385,Genomic Island 9,Genomic Island 9,Genomic Island,hypothetical protein,,USA300HOU_RS10600
1362,1386,Genomic Island 9,Genomic Island 9,Genomic Island,hypothetical protein,,USA300HOU_RS10605
1363,1387,Genomic Island 9,Genomic Island 9,Genomic Island,phage tail protein,,USA300HOU_RS10610
1364,1388,Genomic Island 9,Genomic Island 9,Genomic Island,phage tail tape measure protein,,USA300HOU_RS10615
1365,1389,Genomic Island 9,Genomic Island 9,Genomic Island,hypothetical protein,,USA300HOU_RS10625
1366,1390,Genomic Island 9,Genomic Island 9,Genomic Island,phage tail protein,,USA300HOU_RS10630
1367,1391,Genomic Island 9,Genomic Island 9,Genomic Island,hypothetical protein,,USA300HOU_RS10635
1368,1392,Genomic Island 9,Genomic Island 9,Genomic Island,hypothetical protein,,USA300HOU_RS10640
1369,1393,Genomic Island 9,Genomic Island 9,Genomic Island,phage head-tail adapter protein,,USA300HOU_RS10645
1370,1394,Genomic Island 9,Genomic Island 9,Genomic Island,phage head-tail adapter protein,,USA300HOU_RS10650
1371,1395,Genomic Island 9,Genomic Island 9,Genomic Island,hypothetical protein,,USA300HOU_RS10655
1372,1396,Genomic Island 9,Genomic Island 9,Genomic Island,phage capsid protein,,USA300HOU_RS10660
1373,1397,Genomic Island 9,Genomic Island 9,Genomic Island,peptidase,,USA300HOU_RS10665
1374,1398,Genomic Island 9,Genomic Island 9,Genomic Island,phage portal protein,,USA300HOU_RS10670
1375,1399,Genomic Island 9,Genomic Island 9,Genomic Island,terminase,,USA300HOU_RS10675
1376,1400,Genomic Island 9,Genomic Island 9,Genomic Island,hypothetical protein,,USA300HOU_RS10680
1377,1401,Genomic Island 9,Genomic Island 9,Genomic Island,HNH endonuclease,,USA300HOU_RS10685
1378,1402,Genomic Island 9,Genomic Island 9,Genomic Island,hypothetical protein,,USA300HOU_RS10690
1379,1403,Genomic Island 9,Genomic Island 9,Genomic Island,hypothetical protein,,USA300HOU_RS10695
1380,1404,Genomic Island 9,Genomic Island 9,Genomic Island,transcriptional activator RinB,,USA300HOU_RS10700
1381,1405,Genomic Island 9,Genomic Island 9,Genomic Island,hypothetical protein,,USA300HOU_RS10705
1382,1406,Genomic Island 9,Genomic Island 9,Genomic Island,hypothetical protein,,USA300HOU_RS10710
1383,1407,Genomic Island 9,Genomic Island 9,Genomic Island,membrane protein,,USA300HOU_RS10715
1384,1408,Genomic Island 9,Genomic Island 9,Genomic Island,dUTP pyrophosphatase,,USA300HOU_RS10720
1385,1409,Genomic Island 9,Genomic Island 9,Genomic Island,hypothetical protein,,USA300HOU_RS10725
1386,1410,Genomic Island 9,Genomic Island 9,Genomic Island,hypothetical protein,,USA300HOU_RS10730
1387,1411,Genomic Island 9,Genomic Island 9,Genomic Island,hypothetical protein,,USA300HOU_RS10735
1388,1412,Genomic Island 9,Genomic Island 9,Genomic Island,hypothetical protein,,USA300HOU_RS10740
1389,1413,Genomic Island 9,Genomic Island 9,Genomic Island,hypothetical protein,,USA300HOU_RS10745
1390,1414,Genomic Island 9,Genomic Island 9,Genomic Island,Holliday junction DNA helicase,,USA300HOU_RS10750
1391,1415,Genomic Island 9,Genomic Island 9,Genomic Island,hypothetical protein,,USA300HOU_RS10755
1392,1416,Genomic Island 9,Genomic Island 9,Genomic Island,replication protein DnaD,,USA300HOU_RS10760
1393,1417,Genomic Island 9,Genomic Island 9,Genomic Island,single-stranded DNA-binding protein,,USA300HOU_RS10765
1394,1418,Genomic Island 9,Genomic Island 9,Genomic Island,MBL fold metallo-hydrolase,,USA300HOU_RS10770
1395,1419,Genomic Island 9,Genomic Island 9,Genomic Island,recombinase,,USA300HOU_RS10775
1396,1420,Genomic Island 9,Genomic Island 9,Genomic Island,ATPase,,USA300HOU_RS10780
1397,1421,Genomic Island 9,Genomic Island 9,Genomic Island,hypothetical protein,,USA300HOU_RS10785
1398,1422,Genomic Island 9,Genomic Island 9,Genomic Island,hypothetical protein,,USA300HOU_RS10790
1399,1423,Genomic Island 9,Genomic Island 9,Genomic Island,hypothetical protein,,USA300HOU_RS10795
1400,1424,Genomic Island 9,Genomic Island 9,Genomic Island,hypothetical protein,,USA300HOU_RS10800
1401,1425,Genomic Island 9,Genomic Island 9,Genomic Island,hypothetical protein,,USA300HOU_RS10805
1402,1426,Genomic Island 9,Genomic Island 9,Genomic Island,oxidoreductase,,USA300HOU_RS10810
1403,1427,Genomic Island 9,Genomic Island 9,Genomic Island,hypothetical protein,,USA300HOU_RS10815
1404,1428,Genomic Island 9,Genomic Island 9,Genomic Island,hypothetical protein,,USA300HOU_RS10820
1405,1429,Genomic Island 9,Genomic Island 9,Genomic Island,transcriptional regulator,,USA300HOU_RS10825
1407,1431,Genomic Island 9,Genomic Island 9,Genomic Island,transcriptional regulator,,USA300HOU_RS10835
1408,1432,Genomic Island 9,Genomic Island 9,Genomic Island,ATP-dependent helicase,,USA300HOU_RS10840
1409,1433,Genomic Island 9,Genomic Island 9,Genomic Island,hypothetical protein,,USA300HOU_RS10845
1410,1434,Genomic Island 9,Genomic Island 9,Genomic Island,hypothetical protein,,USA300HOU_RS10850
1411,1435,Genomic Island 9,Genomic Island 9,Genomic Island,toxin MazF,,USA300HOU_RS10855
1412,1436,Genomic Island 9,Genomic Island 9,Genomic Island,integrase,,USA300HOU_RS10860
1413,1437,Genomic Island 9,Genomic Island 9,Genomic Island,sphingomyelin phosphodiesterase,,USA300HOU_RS10865
1414,1438,Genomic Island 9,Genomic Island 9,Genomic Island,gamma-hemolysin subunit B,,USA300HOU_RS10870
1415,1439,Genomic Island 9,Genomic Island 9,Genomic Island,succinyl-diaminopimelate desuccinylase,,USA300HOU_RS10875
1416,1440,Genomic Island 9,Genomic Island 9,Genomic Island,succinyl-diaminopimelate desuccinylase,,USA300HOU_RS10880
1417,1441,Genomic Island 9,Genomic Island 9,Genomic Island,hypothetical protein,,USA300HOU_RS10885
1418,1442,Genomic Island 9,Genomic Island 9,Genomic Island,ferrichrome-binding protein FhuD,,USA300HOU_RS10890
1419,1443,Genomic Island 9,Genomic Island 9,Genomic Island,potassium transporter KtrB,,USA300HOU_RS10895
1420,1444,Genomic Island 9,Genomic Island 9,Genomic Island,GNAT family acetyltransferase,,USA300HOU_RS10900
1421,1445,Genomic Island 9,Genomic Island 9,Genomic Island,membrane protein,,USA300HOU_RS10905
1422,1446,Genomic Island 9,Genomic Island 9,Genomic Island,phage terminase small subunit,,USA300HOU_RS10910
1423,1447,Genomic Island 9,Genomic Island 9,Genomic Island,hypothetical protein,,USA300HOU_RS10915
1425,1449,Genomic Island 10,Genomic Island 10,Genomic Island,ABC transporter permease,,USA300HOU_RS11665
1426,1450,Genomic Island 10,Genomic Island 10,Genomic Island,arginase,,USA300HOU_RS11670
1427,1451,Genomic Island 10,Genomic Island 10,Genomic Island,transposase,,USA300HOU_RS11675
1428,1452,Genomic Island 10,Genomic Island 10,Genomic Island,hypothetical protein,,USA300HOU_RS11725
1429,1453,Genomic Island 10,Genomic Island 10,Genomic Island,chromosome partitioning protein ParA,,USA300HOU_RS11730
1430,1454,Genomic Island 10,Genomic Island 10,Genomic Island,multidrug MFS transporter,,USA300HOU_RS11735
1431,1455,Genomic Island 10,Genomic Island 10,Genomic Island,multidrug resistance efflux pump SepA,,USA300HOU_RS11740
