,259
SRX1125282,0.5522350064
SRX1125283,-0.254534932
SRX1125284,-0.5888503317
SRX1125285,-0.9322544969000001
SRX1125286,-0.3970151442
SRX1125287,-1.1803012456
SRX1125288,1.7374610151
SRX1125289,-1.4758558685
SRX1125290,0.0588706302
SRX1125291,-1.2050638414
SRX1125292,-0.8470867756
SRX1125293,-1.8371173666
SRX1125294,-2.2896960215
SRX1125295,0.8198903151
SRX1125296,0.055281100900000005
SRX1125297,0.4101693128
SRX1125298,-0.6362726517
SRX1125299,-0.7352846271
SRX5694250,-3.6727873973
SRX5694251,-0.40440695590000003
SRX5694252,-4.9592515808
SRX5694253,-1.5359410229
SRX5694254,-1.1958227235
SRX5694255,0.062212231900000005
SRX5694256,-0.5062829828000001
SRX5694257,-0.7016988079
SRX5694258,-1.0782473004
SRX5694259,0.5690216567
SRX5694260,0.0582541139
SRX5694261,-2.0659979163
SRX5694262,4.1963800897
SRX5694263,-0.4194484839
SRX5694264,0.2027520251
SRX5694265,-0.3033614376
SRX5694267,-0.9374046317
SRX5694268,-0.5191139294
SRX5694269,-0.3540781342
SRX5694271,0.5819761149
SRX5694273,1.1567995723
SRX5694274,-0.1979467395
SRX5694275,-1.5783046863
SRX5694276,0.7177115488
SRX5694277,-0.21082418960000002
SRX5694278,-0.22293430520000002
SRX5694279,-0.5675664688000001
SRX5694280,-0.8762573287000001
SRX5694281,-1.4158311342
SRX5694282,2.4570188178
SRX5694283,-0.7585938209
SRX5694284,0.6053262963
SRX5694285,1.1246327445
SRX5694286,0.4003444029
SRX5694287,-1.489516855
SRX5694288,-0.27911217050000003
SRX5694289,-0.3549683523
SRX5694290,-0.5959074980000001
SRX5694291,-1.0571491359
SRX5694292,-1.2648499336999999
SRX5694293,0.706397944
SRX5694294,-0.7330261457
SRX5694295,2.0073319982
SRX5694296,-0.2883934186
SRX5694297,3.7478050181
SRX5694298,-0.1589583209
SRX5694299,0.13844002390000001
SRX5694300,-0.25128735950000003
SRX5694301,-0.6512739623
SRX5694302,-0.4750861248
SRX5694303,-0.4147482993
SRX5694304,-0.3327828625
SRX5694305,-0.176224779
SRX5694306,-5.9820931678
SRX5694307,4.2961212467
SRX5694308,-0.4666010425
SRX5694309,1.8535214984000001
SRX5694310,-0.6865187570000001
SRX5694311,1.214815029
SRX5694312,-3.9091619620999998
SRX5694313,2.6568729075
SRX5694315,-0.7001901458
SRX5694317,-2.0840127308
SRX5694319,0.0723017606
SRX5694320,-0.765359133
SRX5694321,0.7756457835
SRX5694322,0.5487739568000001
SRX5694323,0.1514082564
SRX5694324,-1.4639406863
SRX5694325,0.2336814451
SRX5694326,-0.4240907619
SRX5694327,-0.6493218856
SRX5694328,0.5204891496
SRX5694329,-1.0224983751
SRX5694330,0.3514503404
SRX5694331,-0.1724716341
SRX5694332,0.20141477130000002
SRX5694334,-1.0482156228
SRX5694335,0.261010891
SRX5694336,0.670742762
SRX5694337,-2.3916243824
SRX5694338,-1.4962986064
SRX5694339,0.2119454051
SRX5694340,-0.5506172025
SRX5694341,0.28653180910000003
SRX5694342,0.4857286705
SRX5694343,-0.19020495510000002
SRX5694344,-1.5562561592000002
SRX5694345,0.7370781423
SRX5694346,0.5547489583
SRX5694347,-1.5748016338
SRX5694348,-0.9511369332
SRX5694349,0.7474631833000001
SRX5694350,-1.4512987835
SRX5694351,0.5106993224
SRX5694352,1.3374443226000001
SRX5694353,0.5477910713
SRX5694354,0.21104494340000002
SRX5694356,0.48290138190000004
SRX5694357,0.4360868811
SRX5694358,-3.6003934713
SRX5694359,-2.7336798772
SRX5694360,-0.5526266556
SRX5694361,-5.3809850668
SRX5694362,-2.8270286731
SRX5694363,0.4381414346
SRX5694364,2.9043414717
SRX5694365,-1.0947449604
SRX5694366,-0.17795511760000002
SRX5694367,-0.06366792760000001
SRX5694368,-0.4001854999
SRX5694369,0.4483730946
SRX5694370,-1.0441901251
SRX5694371,2.0451546047
SRX5694372,-1.3199443617
SRX5694373,-1.0115242088
SRX5694374,-2.3074956351
SRX5694375,-1.1135551337
SRX5694376,-5.0128452092
SRX5694377,0.5594886375
SRX5694378,-1.1142308465
SRX5694379,-1.5937794717
SRX5694380,0.2890704501
SRX5694381,-0.6372433419
SRX5694382,0.3523166532
SRX5694383,-0.6783754029
SRX5694384,-0.32514712630000003
SRX5694385,0.8151113698
SRX5694386,-0.2001167168
SRX5694387,-0.2580642474
SRX5694388,-1.038267566
SRX5694389,-0.7034620846
SRX5694390,-1.1375334905
SRX5694391,-1.7546190446
SRX5694392,-0.2127012825
SRX5694393,0.2421870872
SRX5694394,0.2562558937
SRX5694395,-1.4548250567
SRX5694396,0.664330214
SRX5694397,-0.5936363605
SRX5694398,-1.2253026986
SRX5694399,-0.3489061741
SRX5694400,0.14090443830000002
SRX5694401,-0.1331860152
SRX5694402,-0.0262608594
SRX5694403,1.683163059
SRX5694404,0.9160985335
SRX5694405,-0.5147584645000001
SRX5694406,-0.4858993204
SRX5694407,0.0019067647
SRX5694408,-0.9339072327000001
SRX5694409,1.3562277
SRX5694410,-3.3623889558
SRX5694411,0.18819092810000002
SRX5694412,0.0851550636
SRX5694413,2.3251896837
SRX5694414,0.7512450577
SRX5694415,-2.8809254592
SRX5694416,0.0593338994
SRX5694417,0.6234170424000001
SRX5694418,-0.2364006169
SRX5694419,-0.42630587880000004
SRX5694420,-1.0783134559
SRX5694421,-2.0551682819
SRX5694422,-0.8940944548
SRX5694423,-0.032350376300000004
SRX5694424,0.0221721561
SRX5694425,-0.699239457
SRX5694426,-0.6876320383
SRX5694427,-0.287931665
SRX5694428,-0.33273248
SRX5694429,1.7642479884000002
SRX5694430,-0.7499181140000001
SRX5694431,-0.5633221038
SRX5694432,0.3390822879
SRX5694433,0.4007108415
SRX5694434,0.5082152842000001
SRX5694435,0.38838877380000003
SRX5694436,2.4728861212
SRX5694437,0.0676847704
SRX5694438,-1.2308504546
SRX5694439,-2.5013851474
SRX5694440,0.4718988736
SRX5694441,0.31512326500000004
SRX5694442,-0.4991796866
SRX5694443,0.8056849253
SRX5694444,-0.1490794214
SRX5694445,-0.36865007320000004
SRX5694446,1.2989471854999999
SRX5694447,1.0147109833
SRX5694448,0.47687004580000003
SRX5694449,-0.1437228579
SRX5694450,0.9548001155
SRX5694451,-0.4845097269
SRX5694452,0.0505531093
SRX5694453,1.3883298155000001
SRX5694454,-0.07096007850000001
SRX5694455,0.7233400636
SRX5694456,0.3252586733
SRX5694457,0.2759117723
SRX5694459,0.5066660295000001
SRX5694460,1.0408367253
SRX5694461,-0.6858830653
SRX5694462,1.2059388711
SRX5694463,-0.7175554080000001
SRX5694464,-0.6126141894
SRX5694465,0.3596567621
SRX5694466,-5.6557660438
SRX5694467,-0.670363484
SRX5694468,-0.6923109802
SRX5694469,-0.47858111550000004
SRX5694470,-0.5177108317
SRX5694471,2.3598622253
SRX5694472,-0.5395512156
SRX5694474,-0.1974704799
SRX5694475,0.1225451697
SRX5694476,0.9412682027
SRX5694477,2.1188641861
SRX5694478,-0.1692289712
SRX5694479,-0.247574917
SRX5694480,-0.1341608578
SRX5694481,0.8242668995
SRX5694482,0.30818049810000003
SRX5694483,-0.087308464
SRX5694484,-0.1020663972
SRX5694485,-2.2597839011
SRX5694486,0.6293464823
SRX5694487,1.1436154111
SRX5694488,-0.2759577483
SRX5694489,-0.5940748944
SRX5694491,0.579084821
SRX5694492,0.4456615336
SRX5694493,0.4784749062
SRX5694494,-0.4656859511
SRX5694495,0.7983937096
SRX5694496,0.2733225898
SRX5694497,-0.6781077830000001
SRX5694498,0.6036017224
SRX5694499,-5.0363439096
SRX5694500,-1.0684897111
SRX5694501,0.3576473479
SRX5694502,-3.1759694371
SRX5694503,-2.5729154504
SRX5694504,0.7587637037
SRX5694505,0.8061668914
SRX5694506,-3.9526998192000002
SRX5694507,0.3433139604
SRX5694508,-0.1636379041
SRX5694509,-0.23187720250000002
SRX5694510,-0.3329227629
SRX5694511,-2.1595486659
SRX5694512,1.7288343711
SRX5694513,-1.0078448207
SRX5694514,0.9404471883000001
SRX5694515,-0.9585104703
SRX5694516,-2.3935080513
SRX5694517,1.0905785799
SRX5694518,-0.404905487
SRX5694519,-1.7485070610000002
SRX5694520,-3.5295622436
SRX5694521,-0.7806334898
SRX5694522,0.6634168712
SRX5694523,-0.23669831400000002
SRX5694524,-1.2455892011
SRX5694525,-0.1841820511
SRX5694526,1.0995799779
SRX5694527,-1.8790228251
SRX5694528,-0.1424874929
SRX5694529,-0.8745818961
SRX5694530,-2.1945142906
SRX5694532,0.33627032760000003
SRX5694533,-1.7269242429
SRX5694534,0.4362855336
SRX5694535,-4.4426955799
SRX5694536,-0.3182026251
SRX5694537,-0.48995383810000004
SRX5694538,1.3503497794000001
SRX5694539,-1.2471610321
SRX5694540,0.5294378132
SRX5694541,-0.119054879
SRX5694543,-1.8990311765999999
SRX5694544,0.2095778247
SRX5694545,0.0694451443
SRX5694546,1.650104317
SRX5694547,-1.1708312307
SRX5694548,0.45837693230000004
SRX5694550,0.4514996269
SRX5694551,-3.6373174204
SRX5694552,-0.2432610506
SRX5694553,1.3585610471
SRX5694554,-0.7323741858
SRX5694555,1.4736172977
SRX6072760,-1.2330474431
SRX6072761,-0.9281670604000001
SRX6072762,-2.0220910348
SRX6072763,-2.1173479187
SRX6072764,-0.5118560009
SRX6072765,-2.0540187409
SRX6376491,0.37017987280000003
SRX6376492,0.0352698772
SRX6376493,0.3846734639
SRX6376494,-0.2343479112
SRX6376495,0.7678615794
SRX6376496,0.1024444962
SRX2723951,0.3217032105
SRX2723952,-0.7823107961
SRX2723953,-0.7749460534
SRX2723954,-0.4391702468
SRX2723955,0.0126519549
SRX2723956,-0.20846070220000001
SRX2723957,0.2661680228
SRX2723958,-0.2297071779
SRX2723959,0.38607726130000003
SRX2723960,0.7586475828
SRX2723961,-0.7221896508
SRX2723962,0.4949858647
SRX2723963,1.1970961997
SRX2723964,0.883314233
SRX2723965,0.2613870772
SRX2723966,0.030109893300000003
SRX2723967,-0.13948008650000002
SRX2723968,0.10937019320000001
SRX6977206,-0.0873185581
SRX6977207,0.5157336389
SRX6977208,0.23853224480000002
SRX6977209,0.0598836508
SRX6977210,0.47611705260000003
SRX6977211,0.6864214948
SRX6977212,-0.0783342674
SRX6977213,-0.6080872274
SRX6977214,0.34367877550000003
SRX1153733,-0.0960221754
SRX1153734,0.0960221754
SRX1153735,-0.3507892496
SRX1153736,0.5511673562
SRX5204053,1.0597647605
SRX5204054,1.6188126206
SRX5204055,0.9803261466000001
SRX5204056,0.8304572716
SRX5204057,-0.4316866398
SRX5204058,0.14869887510000002
SRX5204059,0.0686068427
SRX5204060,0.5360699130000001
SRX5204061,-0.7499089685
SRX5204062,-0.7983609895
SRX5204063,-0.5255916373
SRX5204064,0.9311246382
SRX5204065,-1.1594284037
SRX5204066,-0.9916641793000001
SRX5204067,0.3222965534
SRX5204068,-0.4089402102
SRX5204069,0.4818338499
SRX5204070,0.42605675470000004
SRX5204071,-0.06458964440000001
SRX5204072,0.6755029273000001
SRX5204073,2.1965330181000002
SRX5204074,3.9467554579
SRX5204075,-0.0070662408
SRX5204076,1.6436863027
SRX5204077,2.301534289
SRX5204078,2.0218646891
SRX5204079,2.7966513885
SRX5204080,3.1883777418
SRX5204081,2.8368934996
SRX5204082,1.6860680026
SRX5204083,0.5578282339
SRX5204084,0.2248972327
SRX5204085,-1.2895641157
SRX5204086,1.6456205823
SRX5204087,2.2128317885
SRX5204088,1.1948777149
SRX5204089,-1.1500612552
SRX5204090,1.921313006
SRX5204091,0.4378350326
SRX5204092,-0.42078098820000004
SRX5204093,1.2584990275
SRX5204094,-1.5108759599
SRX5204095,0.1291187617
SRX5204096,-0.2875606596
SRX5204097,0.15844189790000002
SRX683459,-0.8037486634000001
SRX683460,1.9415169766
SRX683461,-0.4553301844
SRX683462,2.0191227713
SRX683463,1.2590788478000001
SRX683464,2.7072128594000002
SRX683465,0.7629160336
SRX683466,3.6199780209
SRX683467,-0.39998282760000003
SRX683468,0.0191313803
SRX683469,1.7598933847
SRX683470,-0.3259177489
SRX322077,3.2883922647
SRX322078,2.5242318526
SRX322079,3.4029570166
SRX322080,-0.8700992678
SRX322081,1.2312077819
SRX322082,3.1195664428
SRX322083,-0.8609805222
SRX322084,-0.0317314651
SRX322085,0.8927119872
SRX2708592,-0.2072307884
SRX2708593,-3.6374170739
SRX2708594,-4.030801136
SRX2708595,-0.41982506270000003
SRX2708596,-0.3356049847
SRX2708597,0.7554300474000001
SRX2708598,0.3942874766
SRX2708600,-1.6239991597999999
SRX2708601,1.0343655599
SRX2708602,-2.9113727455
SRX2708603,0.0980053303
SRX3073814,0.3432998168
SRX3073815,-0.1051714061
SRX3073816,0.1253815959
SRX3073817,1.2951742151
SRX3073818,-1.5686205922
SRX3073819,0.5530086798
SRX3073820,0.6101845323
SRX3073821,-0.3218139346
SRX3073822,0.2334534812
SRX3073823,-0.2731145374
SRX3073824,-0.3432998168
SRX3073825,-0.3307142578
SRX3073826,-0.7819814934
SRX3073827,0.6983405869
SRX3073828,-1.2007269644
SRX3073829,0.5008438423
SRX3073830,0.0400992541
SRX3073831,0.2156447304
SRX3073832,-0.40279625090000004
SRX3073833,-1.3615851052
SRX2391456,-0.449887788
SRX2391457,-0.2134383349
SRX2391458,0.0520198606
SRX2391459,0.27572069590000003
SRX2391460,0.362033898
SRX2391461,0.3750946949
SRX2391462,-0.0804650547
SRX2391463,-0.0602624412
SRX2391464,0.5776463468
SRX2391465,-0.1411984352
SRX2391466,-0.12404512000000001
SRX2391467,-0.2563387815
SRX2391468,-0.1119174888
SRX2391469,-0.5021011595
SRX2391470,-0.1698349391
SRX2391471,0.5046867571
SRX2391472,0.1792039791
SRX2391473,0.24117329610000002
SRX2391474,-0.1626413226
SRX2391475,0.3361858299
SRX2391476,0.1820771708
SRX2391477,0.5747014822000001
SRX2391478,0.19620119700000002
SRX2391479,-0.1877877598
SRX2391480,-0.083757225
SRX2391481,0.2458235573
SRX2391482,0.41588745320000003
SRX2391483,0.0095627789
SRX2391484,-0.619857583
SRX2391485,0.6344546479000001
SRX2391486,0.2967407067
SRX2391487,0.7024425267000001
SRX2391488,0.3162253007
SRX2391489,0.2782073613
SRX2391490,0.3962532965
SRX2391491,0.1250777387
SRX2391492,-0.56236937
SRX2391493,0.209528292
SRX2391494,0.3530921543
SRX2391495,0.2563387815
SRX2391496,-0.5498233948
SRX2391497,-0.0711862283
SRX2391498,0.1743941913
SRX2391499,-0.054693934400000005
SRX2391500,0.8570903252000001
SRX2391501,0.5008860659000001
SRX2391502,0.7570393344
SRX2391503,0.755707542
SRX2391505,0.0080817626
SRX2391506,-0.1058723951
SRX2391507,0.3000504443
SRX2391508,0.2860702043
SRX2391510,0.2155250676
SRX2391512,0.30884199630000003
SRX2391513,0.2892709661
SRX2391514,0.032234975
SRX5632598,-1.1401919422
SRX5632599,0.0532852314
SRX5632600,0.3914958724
SRX5632601,-1.1390765704999999
SRX5632602,-1.1084610143
SRX5632603,-1.8069003075
SRX5632604,-3.2326348025
SRX5632605,-0.2640987027
SRX5632606,-1.7725794628
SRX5632607,-0.0097514119
SRX5632608,-0.2493877316
SRX5632609,0.9752480490000001
SRX5632610,-2.0162984135
SRX5632611,-0.7258603174
SRX5632612,-0.7824956923
SRX5632613,-0.35251474590000004
SRX5632614,-1.0142241859
SRX5632615,-1.3244201055
ERX2874132,0.41454068380000003
ERX2874133,0.0764814982
ERX2874134,0.7747062651000001
ERX2874135,0.8732401125
ERX2874136,0.178199841
ERX2874137,0.7560701672
ERX2874138,-0.4104271123
ERX2874139,0.27985054730000003
ERX2874140,-0.0939405889
ERX2874141,0.0939405889
ERX2874142,0.8407170203000001
ERX2874143,-0.1236611437
ERX2874144,1.3895127754
ERX2874145,0.8638636731
ERX2874146,0.6988343908
ERX2874147,0.9219402846
SRX1300292,0.4373046565
SRX1300293,-0.4373046565
SRX1300299,-3.2836275492
SRX1300300,2.1370725649
SRX1300304,0.3811676791
SRX1300305,-6.1074743334
SRX1300306,-4.8468885745
SRX1300310,-1.0500916086
SRX1300311,1.7203420853
SRX7291195,-0.1294464594
SRX7291196,0.0102333822
SRX7291197,-0.0458299375
SRX7291198,0.0104059307
SRX7291199,-0.2120665655
SRX7291200,0.20166063480000002
SRX7291201,-0.0073266705
SRX7291202,-0.0626631867
SRX7291203,0.6106801590000001
SRX7291204,0.1695219011
SRX7291205,0.3029025349
SRX7291206,0.24512657740000002
SRX2436955,-1.2643391748
SRX2436956,-1.2789097776
SRX2436957,-0.386543662
SRX2436958,-0.3434507106
SRX2436959,-0.8675573166
SRX2436960,-0.8520158799
SRX2436961,-0.7999571723000001
SRX2436962,0.4696280792
SRX2436963,0.1100275581
SRX2436964,-0.5081491619
SRX2436965,0.7378727741000001
SRX2436966,0.0283316355
SRX2436967,-1.2537846245
SRX2436969,0.2949006736
SRX2436970,-0.22258804740000002
SRX2436971,-0.8848787487
SRX2437029,0.293437836
SRX2437030,-1.1781453441
SRX2437031,0.8595565133
SRX2437032,0.3138525106
SRX2437033,-0.0997960495
SRX2437034,0.9045437829
SRX2437035,0.2363139541
SRX2437036,0.1132757549
SRX2437037,-1.122496412
SRX2437038,0.1228044816
SRX2437039,0.0952661229
SRX2437040,0.3871607586
SRX2437041,-1.1577706853
SRX2437042,0.35096893
SRX2437043,-0.7016432064
SRX2437044,-1.0572189423
SRX4705203,5.2525917626
SRX4705204,-0.1314752893
SRX4705205,0.3585108436
SRX4705206,0.2962293351
SRX4705207,2.7713538641
SRX4705208,2.5125413922
SRX4705209,2.0297546031
SRX4705210,-0.3491764633
SRX4705211,-0.1743621101
SRX4705212,-0.3123419619
SRX4705213,-0.1874348667
SRX4705214,0.2252757329
SRX4705215,-0.28521744260000004
SRX4705216,-0.2565522839
SRX4705217,0.568799059
SRX4705218,-0.0648701987
SRX4705219,1.6630386113
SRX4705220,2.5736790756
SRX4705221,0.3870199386
SRX4705222,1.497680371
SRX4705223,6.0279822829
SRX4705224,5.4411675956
SRX4705225,-0.1040914314
SRX4705226,0.604793632
SRX4705227,0.36993674330000004
SRX4705228,3.4208087898
SRX4705229,2.9999519206
SRX4705230,4.4549531974
SRX4705231,0.9476848587000001
SRX4705232,0.8882085796
SRX4705233,0.4103968725
SRX4705234,2.1907475749
SRX4705235,2.1121645051
SRX4705236,1.0809147074
SRX4705237,2.2546184732
SRX4705238,2.2169622612
SRX2038319,-0.1077693509
SRX2038320,0.1272141953
SRX2038321,0.2790139843
SRX2038322,0.7792904671
SRX2038323,0.7666734294
SRX2038324,1.1232070156
SRX2038325,0.6339633438
SRX2038326,0.9022323492000001
SRX2038327,-0.26783997530000003
SRX2038328,0.3321176203
SRX2038329,-0.0394940219
SRX2038330,0.8220975321
SRX2038331,0.3786567247
SRX2038332,0.4162619869
SRX2038334,0.8614413514
SRX2038335,1.7748736606
SRX2038336,1.110996249
SRX2038337,0.6129873973000001
SRX2038338,0.0464107133
SRX2038339,1.2115444576
SRX2038340,1.1040394009
SRX2038341,0.3053175276
SRX2038342,0.1666521384
SRX2038343,0.0201815732
SRX2038344,0.1404317945
SRX2038345,0.1928611651
SRX2038346,1.2679110631000001
SRX2038347,2.0308697786
SRX2038348,1.2165818664999999
SRX2038349,1.3446076171999999
SRX2038350,0.48551203190000003
SRX2038351,0.8441438653000001
SRX2038352,-0.0187121684
SRX2038353,0.7757758245
SRX2038354,1.1478799634
SRX2038355,0.8527148855000001
SRX2038356,0.19753636730000002
SRX2038357,0.0613586376
SRX2038358,0.5516828102
SRX2038359,0.6734005176
SRX2038360,0.4853045387
SRX2038361,-0.4150508435
SRX2038362,0.2200620433
SRX2038363,0.6187009305
SRX2038364,-0.0250047841
SRX2038365,1.2611659262
SRX2038366,2.3064518659
SRX2038367,1.6280613859000002
SRX2038368,0.1029979778
SRX2038369,0.2177222437
SRX2038370,0.0191793067
SRX2038371,1.076702188
SRX2038372,1.0955361294000001
SRX2038373,1.1914034268
SRX2038374,1.0205393331
SRX2038375,1.1975818024
ERX530520,0.1596973703
ERX530521,-0.40716418060000004
ERX530522,-0.5107806316
ERX530523,-0.9893395652
ERX530524,-0.1596973703
ERX530525,-0.9111207053
ERX530526,-0.30827870760000003
ERX530527,-0.2814490102
ERX3212443,-0.6164867359
ERX3212444,-0.08740151780000001
ERX3212445,-0.2959919064
ERX3212446,-0.2592970593
ERX3212447,0.0120516081
ERX3212448,-0.1390272561
ERX3212449,-0.2278305861
ERX3212450,0.2325585808
ERX3212451,-0.0047279947
ERX3212452,0.0904385349
ERX3212453,0.060906302600000004
ERX3212454,0.2465011206
SRX7478973,0.4036199438
SRX7478974,0.18756257980000002
SRX7478975,-0.5911825236
SRX7478976,0.1682920688
SRX7478977,-0.8033441757
SRX7478978,-0.7745674042
SRX7478979,-0.5916384102000001
SRX7478980,-0.7058496126
SRX7478981,-0.1836621634
SRX7478982,-0.2150833496
SRX7478983,-0.3625692531
SRX7478984,-0.3504158369
ERX1521038,1.5902046236
ERX1521039,3.6056350252
ERX1521040,1.2194665473
ERX1521041,3.5127171872
ERX1521042,0.8106343525
ERX1521043,-0.018521063
ERX1521044,0.0332101509
ERX1521045,-0.0332101509
SRX621182,6.6647765955
SRX621183,6.5558748405
SRX621184,6.3287286544
SRX621185,6.7032600578
SRX621188,6.2544196369
SRX621189,7.5459246357000005
SRX621190,-0.0054465993
SRX621191,0.0054465993
SRX621192,8.0624759473
SRX621193,7.8601027712
SRX6489436,1.2586744292
SRX6489437,1.1622011633
SRX6489438,0.7739851694000001
SRX6489439,0.20261666550000001
SRX6489440,0.7477470259
SRX6489441,-0.9503636914
SRX6489442,-0.11384532400000001
SRX6489443,0.49890858190000004
SRX6489444,0.3219738298
SRX6489445,-0.0807041067
SRX6489446,0.8292006419
SRX6489447,-1.2417818916
SRX6489448,-0.0032499732000000003
SRX6489449,0.4037440175
SRX6489450,1.0777855147
SRX6489451,0.0683164159
SRX6489452,0.8992873001
SRX6489453,-0.43641554730000004
SRX6489454,-0.4276651945
SRX6489455,0.3388361603
SRX6489456,-0.3742848995
SRX6489457,1.1634511769
SRX6489458,1.6557644691
SRX6489459,1.2745724289
SRX6489460,1.8083656606
SRX6489461,1.4596888187000001
SRX6489462,1.9608129953
SRX6489463,1.6859443809
SRX6489464,1.5453276485
SRX6489465,1.8794091701000002
SRX6489466,1.3425292111
SRX6489467,1.0953751129
SRX6489468,0.8898348416
SRX6489469,1.0621484023
SRX6489470,0.4496024156
SRX6489471,1.2450985079
SRX6452027,-0.7037000234
SRX6452029,-0.1330454738
SRX6452030,0.614865422
SRX6452031,1.2444984808
SRX6452044,1.605095425
SRX6452045,0.3727443521
SRX6452046,0.7697247624
SRX6452047,0.961546623
SRX6452048,0.1330454738
SRX6452059,0.3210335111
SRX1828491,-0.4895352953
SRX1828492,0.7605189509
SRX1828493,0.9817587766
SRX1828494,0.192128814
SRX1828495,0.22656430530000002
SRX1828496,1.417619964
SRX1828497,-0.2455702823
SRX1828498,0.9665909371
SRX1828499,1.3292046269
SRX1828500,-0.7434767036000001
SRX1828501,-0.9456477663
SRX1828502,0.7268437508000001
SRX1828503,-0.4989279172
SRX1828504,1.4410843637
SRX1828505,0.18257654950000002
SRX1828506,-1.0336716831
SRX1828507,-0.6131584188
SRX1828508,0.6131584188
SRX3796953,0.08064233700000001
SRX3796954,-0.08064233700000001
SRX3796955,-2.4392988465
SRX3796956,-1.9739095015
SRX3796957,0.34777754800000005
SRX3796958,-2.2424406288
SRX3796959,-1.2368423242
SRX3796960,-0.9346071053
SRX3796961,-0.0494308805
SRX3796962,0.39398399700000003
SRX3796963,-0.33911189740000003
SRX3796964,-0.4146951742
SRX3796965,0.1247299082
SRX3796966,-0.11257870980000001
SRX3796967,1.0488177071
SRX3796968,-0.6787658531
SRX3796969,-1.4333956288
SRX3796970,0.1441773847
SRX3796971,-0.47138357620000004
SRX3796972,-0.33809262900000003
SRX3796973,-0.9422478474
SRX3796974,-1.3663600997
SRX3796975,-0.0850940735
SRX3796976,0.0231033767
SRX3796977,-0.9162966184
SRX3796978,-0.7801539747
SRX3796979,0.5303153172
SRX3796980,0.332663452
SRX3796981,-0.29067485120000003
SRX3796982,-0.7846839598
SRX3796983,-0.0106993743
SRX3796984,-0.1700367552
SRX3796985,-1.8079803153
SRX3796986,-1.1351302817
SRX3796987,1.1656452697
SRX3796988,0.8014303932
SRX2568270,0.7253155597000001
SRX2568271,0.3120707873
SRX2568272,1.1000964001
SRX2568273,-4.9908776086
SRX2568274,-0.1521357592
SRX2568275,-0.7253155597000001
SRX2568276,4.5985384823
SRX2568277,-2.4942019502
SRX2568278,-3.9298190813
SRX2568279,5.2866375632
SRX3421856,0.00036020510000000003
SRX3421857,-0.00036020510000000003
SRX3421858,-0.7818730066
SRX3421859,-0.7477020297
SRX3421860,-0.3699158037
SRX3421861,-0.7636806527000001
SRX3421868,-1.9887083505
SRX3421869,-1.9867663905000001
SRX2606337,-0.0817323915
SRX2606338,-0.512608036
SRX2606339,-1.0601465098
SRX2606340,-0.0434518152
SRX2606341,-0.8947376349
SRX2606342,-1.4019243678
SRX2606343,-1.0653553515
SRX2606344,-1.3351407069
SRX2606345,-1.7913477591
SRX2606346,0.39471652030000004
SRX2606347,-0.0578057775
SRX2606348,-1.163230853
SRX2606349,-1.1788704154
SRX2606350,-0.11613231530000001
SRX2606351,-0.613577072
SRX2606352,-1.2695791433
SRX2606353,-0.4472537909
SRX2606354,-2.0564383239
SRX2606355,-2.1250514822
SRX2606356,-0.3894560214
SRX2606357,0.1395381691
SRX2606358,-0.2180118033
SRX2606359,-1.1600533474
SRX2606360,0.16520762090000002
SRX2606361,-0.0281069494
SRX2606362,-1.1549840112
SRX2606363,0.5851275841
SRX2606364,-1.9955641451
SRX2606365,-1.4005811452999999
SRX2606366,-0.5267081723
SRX3648427,-1.2196248021
SRX3648428,-0.4029387786
SRX3648429,0.5555202956
SRX3648430,0.1544756404
SRX3648431,-0.9444144512
SRX3648432,-0.3818665536
SRX3648433,-0.2408771566
SRX3648434,0.1701658752
SRX3648435,0.2829642275
SRX3648436,0.1213775228
SRX3648437,0.6718713245
SRX3648438,-0.0408907073
SRX3648439,-0.8328057951000001
SRX3648440,-0.7617573044
SRX3648441,-0.1475044565
SRX3648442,0.14607074250000002
SRX3648443,-0.07743465000000001
SRX3648444,0.09505979020000001
SRX3648445,-0.2020403581
SRX3648446,0.4162094644
SRX3648447,-0.4611273133
SRX3648448,-0.5802935796
SRX3648449,-0.3971296031
SRX3648450,-0.7872420057
SRX3648451,0.2636958652
SRX3648452,0.6318712592
SRX3648453,0.869098064
SRX3648454,-0.2765436143
SRX3648455,0.8197958652
SRX3648456,0.2893731532
SRX3648457,-0.9499508995
SRX3648458,-0.35414218410000003
SRX3648459,0.2076170772
SRX3648460,-1.272651357
SRX3648461,-0.061588443900000005
SRX3648462,-0.1771071817
SRX3648463,-0.5982671878
SRX3648464,0.15695771220000002
SRX3648465,0.2054909939
SRX3648466,-0.9387011821000001
SRX3648467,0.2008942584
SRX3648468,0.0419206432
SRX3648469,-0.6888616122
SRX3648470,-0.49933763620000005
SRX3648471,-0.227162041
SRX3648472,-1.484965006
SRX3648473,-1.503880745
SRX3648475,-1.1021928355
SRX3648476,-0.2870220699
SRX3648477,-1.0065379369
SRX3648478,-0.2511840399
SRX3648479,0.031223971000000003
SRX3648480,-0.3096650911
SRX3648481,-0.0538834136
SRX3648482,0.1450765394
SRX3648483,-0.7127014925
SRX1429221,-0.4114770761
SRX1429222,0.3160587018
SRX1429223,0.0954183743
SRX1429224,0.2256307713
SRX1429225,-0.5857278177
SRX1429226,-0.6433091400000001
SRX1429227,-0.1922474687
SRX1429228,-0.24095031160000002
SRX1429229,-0.418494896
SRX1429230,0.0611462044
SRX1429231,0.1742924006
SRX1429232,-0.08510769300000001
SRX1429233,-0.0302874708
SRX1429234,0.388544068
SRX1429235,0.4687201319
SRX1429236,0.0851595314
SRX1429237,0.4348493828
SRX1429238,1.0112168962
SRX1429239,0.11598167690000001
SRX1429240,0.5870143160000001
SRX1429241,0.6952912647
SRX1429242,0.6049248226
SRX1429243,0.6870438545
SRX1429244,0.2154239981
ERX2339161,0.9549899938
ERX2339162,-0.9549899938
ERX2339163,1.6352900282
ERX2339164,0.0265534051
ERX2339165,4.1083994572
ERX2339166,2.3099861995
ERX2339167,1.2548548994
ERX2339168,-0.1032762395
ERX2339169,-1.2023755948
ERX2339170,1.0460836394
ERX2339171,-0.4137041853
SRX7656012,3.0512678809
SRX7656013,1.3559665427
SRX7656014,1.0683211487
SRX7656015,1.2483638655
SRX7656016,-0.9814039536
SRX7656017,-0.4357589318
SRX7656018,1.4298078522
SRX7656019,0.4538159667
SRX7656020,1.2252895317
SRX7656021,-0.0994426451
SRX7656022,-0.5525088329
SRX7656023,-0.3978352134
SRX7656024,-0.0243948968
SRX7656025,-1.664241464
SRX7656026,1.8214208776
SRX7656027,-0.8334122108
SRX7656028,2.3002832037
SRX7656029,0.7537048594
SRX7656030,0.4996254464
SRX7656031,0.5929637695000001
SRX7656032,0.9510968849
SRX7656033,0.16831435
SRX7656034,0.5823214721000001
SRX7656035,1.0196070317
SRX7656036,0.4062780827
SRX7656037,1.1124455311
SRX7656038,0.8872525701
SRX7656039,-0.8408786511
SRX7656040,0.8977503784
SRX7656041,-0.0568717273
SRX7656042,1.1331879895
SRX7656043,2.3479865997
SRX7656044,2.4569826474
SRX7656045,1.4477376686
SRX7656046,-0.029602015500000002
SRX7656047,0.20824826540000002
SRX7656048,0.9266781796
SRX7656049,2.3283953432
SRX7656050,3.2323687946
SRX7656051,0.7732117908
SRX7656052,0.7756513761
SRX7656053,3.2762986079
SRX7656054,0.28307659100000004
SRX7656055,2.2689552226
SRX7656056,1.4441191257
SRX7656057,-1.2381424637
SRX7656058,0.8938904017
SRX7656059,0.578160073
SRX7656060,1.3189092225999999
SRX7656061,-0.015836610100000002
SRX7656062,1.443311905
SRX7656063,1.0506287505
SRX7656064,-1.9943997694000002
SRX7656065,1.5985009581
SRX7656066,1.6219678061
SRX7656067,1.3488124257
SRX7656068,2.1497365224
SRX7656069,2.4083764726
SRX7656070,2.6892088735
SRX7656071,3.3138738661
SRX7656072,1.7390703816
SRX7656073,1.7391027893
SRX7656074,2.9495612641
SRX7656075,0.8577003838
SRX7656076,2.6964422424
SRX7656077,2.6955423483
SRX7656078,-0.1709246979
SRX7656079,0.32044192460000004
SRX7656080,2.5113604716999998
SRX7656081,-0.7641414750000001
SRX7656082,3.1370662751
SRX7656083,0.08171240020000001
SRX7656084,1.0996267659
SRX7656085,0.4345432388
SRX7656086,3.4320240611
SRX7656087,-1.2291196001
SRX7656088,-0.5527671553
SRX7656089,-0.2110531907
SRX7656090,1.1577128957
SRX7656091,1.8994566996
SRX7656092,1.1419859822
SRX7656093,0.3238024956
SRX7656094,1.9970633787
SRX7656095,1.7248200221
SRX7656096,-0.49722867800000004
SRX7656097,0.5666819962
SRX7656098,-0.6508532943
SRX7656099,0.17840361
SRX7656100,-1.4783829691
SRX7656101,-1.2185262135000001
SRX7656102,-1.1095515948
SRX7656103,-0.6421469790000001
SRX7656104,0.2171564806
SRX7656105,-1.7483325863
SRX7656106,-0.628029206
SRX7656107,0.1541519312
SRX7656108,-2.5923066709
SRX7656109,-2.5646702845
SRX7656110,1.1915846147
SRX7656111,0.3203409453
SRX7656112,-1.9526833934
SRX7656113,-2.5039002643
SRX7656114,-0.4135347963
SRX7656115,-0.037986707
SRX7656116,1.3660201244999999
SRX7656117,-2.6912341542
SRX7656118,-1.5297573117
SRX7656119,0.5872587758000001
SRX7656120,0.7559459371
SRX7656121,-0.0761847655
SRX7656122,1.7328397241
SRX7656123,1.0251618133
SRX7656124,0.29442579550000003
SRX7656125,0.3787330868
SRX7656126,-1.5401616481
SRX7656127,1.0072156128
SRX7656128,-0.7301370977
SRX7656129,0.8217975128
SRX7656130,-1.8318657312000002
SRX7656131,-0.0781637351
SRX7656132,0.4537202758
SRX7656133,2.0827956394
SRX7656134,0.10231270790000001
SRX7656135,0.9018985617
SRX7656136,1.3866835505
SRX7656137,0.8354771944
SRX7656138,1.3782983289000001
SRX7656139,1.6579266368
SRX7656140,-1.4693493961000001
SRX7656141,0.6208521241
SRX7656142,1.4923185065
SRX7656143,-1.1889657888
SRX7656144,-3.1055496003
SRX7656145,0.310050729
SRX7656146,-0.6719949611
SRX5388319,0.4019797598
SRX5388320,0.3567759158
SRX5388321,-0.7587556756
SRX5388322,0.6483275923
SRX5388323,-0.4536336964
SRX5388324,-1.1212472168
SRX5388325,1.1175265145
SRX5388326,-0.6492166364
SRX5388327,-1.0106411001
SRX8708326,5.7311777428
SRX8708328,2.1607738682
SRX8708335,-0.578253467
SRX8708336,-0.7483045818
SRX8708337,-0.8342158195
SRX8708338,-0.12199222280000001
SRX8708339,-0.0803609711
SRX8708340,0.3420296845
SRX8708365,0.0919152167
SRX8708366,-0.4127775845
SRX8708368,-0.1703679408
SRX8708369,0.08956876250000001
SRX8708370,-0.2718262766
SRX8708371,0.1444562042
SRX4166001,0.3501907837
SRX4166002,-0.1633953661
SRX4166003,-0.1867954175
SRX4166004,-0.3256117613
SRX4166005,0.2219530535
SRX4166006,0.27582228470000003
SRX4166007,-0.5901223399000001
SRX4166008,0.1272636708
SRX4166009,-0.0054106642
SRX4166010,-1.94843801
SRX4166011,-1.3119294214
SRX4166012,-1.1884983355
SRX5000481,-0.3769065184
SRX5000482,-0.5508493343
SRX5000483,-0.7770821807
SRX5000484,0.3765237862
SRX5000485,-0.21919906390000002
SRX5000486,-0.6132066865
SRX5000487,0.6849139083
SRX5000488,0.5421288132000001
SRX5000489,-0.2178416035
SRX5000490,-0.2619702315
SRX5000491,-0.1390235534
SRX5000492,-0.24846595130000002
SRX5000493,-1.2256744677
SRX5000494,-0.3414753104
SRX5000495,-0.9779787498
SRX5000496,-1.6513265645000001
SRX5000497,-0.4083440611
SRX5000498,0.5077251506
SRX5000499,-0.7005806833
SRX5000500,-0.0993810895
SRX5000501,-0.0835726405
SRX5000502,0.049464752
SRX5000503,0.3084032366
SRX5000504,0.1369663094
SRX5000505,0.3381012385
SRX5000506,-0.6986269832
SRX5000507,0.7693252895
SRX5000508,0.19295281920000001
SRX5000509,-0.1729638809
SRX5000510,0.585620853
SRX5000511,0.2672501579
SRX5000512,-0.1020539096
SRX5000513,0.28978442190000003
SRX5000514,0.8645520548000001
SRX5000515,0.4804626024
SRX5000516,0.3353710378
SRX4124772,0.4519571285
SRX4124773,-1.0352033466
SRX4124774,0.2296500178
SRX4124775,-0.2296500178
SRX5323946,0.31611287920000003
SRX5323947,-0.31611287920000003
SRX5323948,0.39842802850000003
SRX5323949,-0.1990738629
SRX5323950,0.4680224684
SRX5323951,-0.2267281157
SRX5323952,-0.1104502891
SRX5323953,-0.2701694604
SRX5323954,-0.4953968615
SRX5323955,-0.1200452343
DRX093856,0.0445247472
DRX093857,-1.0789937645
DRX093858,-0.3059872785
DRX093859,-0.2482073532
DRX093860,0.0072132609
DRX093861,-0.3200809233
DRX093862,0.5739587198
DRX093863,0.0194166793
DRX093864,-0.8837279248000001
DRX093865,0.3090854186
DRX093866,0.2755561761
DRX093867,0.0651625653
DRX093868,0.5711824122
DRX093869,0.0494052165
DRX093870,1.5592817598000002
SRX6366242,2.0794614396
SRX6366243,1.8620940716
SRX6366244,3.2266854661
SRX6366245,3.6048057776
SRX6366246,2.2132231997
SRX6366247,1.1465490198000001
SRX6366248,-1.1719704068
SRX6366249,-1.5596884997
SRX6366250,-1.9160662497
SRX6366251,-0.2408344058
SRX6366252,1.4713280364
SRX6366253,-1.4713280364
SRX254739,-0.7418327617
SRX254740,-1.030337609
SRX254741,-0.36967679470000003
SRX254742,-0.6038751321
SRX254743,-1.2379114013
SRX254744,-0.3329841541
SRX254745,0.5912730031
SRX254746,-1.0243106235
SRX254747,-0.0637847977
SRX254748,-0.7874103101000001
SRX254749,-1.1988881382
SRX254750,-1.0976738935
SRX254751,-2.7358020293000003
SRX254752,-0.445676962
SRX254753,-0.553789627
SRX254754,-0.43629852620000004
SRX254755,1.8560242669
SRX254756,-4.1182985982
SRX254757,-0.6756732146000001
SRX254758,-0.6149854979
SRX254759,-1.7982290660000002
SRX254760,0.41929020040000003
SRX254761,-1.3111507789
SRX254762,-0.5888014265
SRX254763,-1.2078836777
SRX254764,-1.9236888602
SRX254765,-2.7194587499000002
SRX254766,-0.9050640183
SRX254767,-1.2612688282
SRX254768,-1.8233300902
SRX254772,3.4928057897
SRX254773,-0.7674651579
SRX254774,-0.30522233260000003
SRX254775,-0.0168814869
SRX254776,0.7367504807
SRX254777,-0.2544641019
SRX254778,0.32084594710000003
SRX254779,0.7413032860000001
SRX254780,-0.76181197
SRX254781,0.4657635523
SRX254782,0.4861126127
SRX254783,0.6462770326
SRX254784,0.9387429822000001
SRX254785,0.5020080214
SRX254786,0.4853538436
SRX7136401,-0.258899943
SRX7136403,0.2075673137
SRX7136405,-4.04683293
SRX7136407,-0.612742297
SRX7136409,-4.296832839
SRX7136411,0.0513326293
SRX3754949,0.0748817652
SRX3754950,-0.3494965721
SRX3754951,0.2746148068
SRX3754952,-0.2650405035
SRX3754953,-0.2273581514
SRX3754954,0.21156246480000002
SRX3754955,0.1631832829
SRX3754956,-0.2926733536
SRX3754957,-0.050938100900000005
SRX3754966,-0.36506460100000004
SRX3754967,-0.1308661825
SRX3754969,0.1185406069
SRX1424798,0.2302763015
SRX1424799,-0.2302763015
SRX1424800,-0.5326961409000001
SRX1424801,0.010118737000000001
SRX1424802,-0.1098392042
SRX1424803,-0.1330838896
SRX1424804,-0.5047120986
SRX1424805,-0.6837676036
SRX1424806,-1.0469273856
SRX1424807,-0.29881804
SRX1424808,-0.127519674
SRX1424809,-0.5388370087000001
SRX1424816,-0.1184539794
SRX1424817,-0.5487199066
SRX1424818,0.9957165716
SRX1424819,1.3332131236
SRX1424824,-0.7674458869
SRX1424825,-0.857640049
SRX1424826,-1.8076573842
SRX1424827,-2.3765423273
SRX1424828,0.34118545100000003
SRX1424829,-0.09490158230000001
SRX1424830,-0.9435827347
SRX1424831,-0.2671606364
SRX1424834,-1.3046263237
SRX1424835,-1.5333213938
SRX1424840,1.1034924967
SRX1424841,1.3249286578000001
SRX1424842,1.3751773639
SRX1424843,2.0411536821
SRX1424844,-1.2665536612000001
SRX1424845,-1.404851952
SRX1424846,1.2557621497
SRX1424847,0.5288635457
SRX5060277,-0.8861952136000001
SRX5060279,1.2891953797
SRX5060281,0.8861952136000001
SRX5060283,0.7419976812
SRX5936089,-0.1968096473
SRX5936090,0.08928856730000001
SRX5936091,0.127213186
SRX5936092,-0.019692106
SRX5936093,0.4781977592
SRX5936094,0.0556803697
SRX5936095,-1.7433900146
SRX5936096,-2.8372545046
SRX5936097,-1.2789157446
SRX5936098,-0.562359834
SRX5936099,-1.5478565134
SRX5936100,-0.5711034074
SRX5936101,-1.6570270698
SRX5936102,-0.7381891505
SRX5936103,-0.6991396078000001
SRX5936104,-1.4848117148
SRX5936105,0.24229806880000002
SRX5936106,-0.1464808758
SRX5936107,-1.7607538558
SRX5936108,0.058744251500000004
SRX5936109,-1.3770625291
SRX5936110,-1.1326829867
SRX5936111,-0.7050411552
SRX5936112,-0.1759237656
SRX5936113,-1.5399940739
SRX5936114,-0.6339539664
SRX5936115,-1.1625195909000001
SRX5936116,-0.6893064754
SRX5936118,-1.5180452388
SRX5936119,-1.0498570871
SRX5936121,-0.0454238591
SRX5936122,-0.5916539085
SRX5936123,0.0245012762
SRX5936124,0.23013456270000002
SRX5936125,1.4740317349
SRX5936126,0.3919474437
SRX5936128,1.1865360585
SRX5936129,0.5388233613
SRX5936130,0.1836259536
SRX5936131,0.6143930822
SRX5936132,-0.3898533004
SRX5936133,0.5317244219
SRX5936134,0.5259624432000001
SRX5936135,0.4813609585
SRX5936137,-0.229226368
SRX5936138,-1.4714820868
SRX5936139,0.854836856
SRX5936140,0.6904002126000001
SRX5936141,0.6858003667
SRX5936142,-0.3634648139
SRX5936143,0.2810171295
SRX5936144,0.3836676276
SRX8557650,0.5953514569
SRX8557651,-0.4204215686
SRX8557652,-0.1749298883
SRX8557653,0.8783589384
SRX8557654,0.6852676417
SRX8557655,0.936709097
SRX8557656,3.1573187776
SRX8557657,3.7592370176000003
SRX8557658,2.6837578681
SRX8557659,-0.005089162
SRX8557660,1.2700829575
SRX8557661,0.9456822561
SRX8557662,0.85652772
SRX8557663,1.0587962068
SRX8557664,1.6677032300999999
SRX8557665,0.07254856450000001
SRX8557666,0.2353992443
SRX8557667,1.2517860227
SRX3405147,0.0145019502
SRX3405148,-0.0311603934
SRX3405149,0.0166584431
SRX3405150,-0.3564020041
SRX3405151,-0.8855271786000001
SRX3405152,0.6004244538
SRX3405153,0.9974251235
SRX3405154,1.8188520155
SRX3405155,2.1085608925
SRX3405156,2.1076660477
SRX3405157,1.5435790848000002
SRX312063,-0.48694444900000006
SRX312064,-0.8642776160000001
SRX312065,0.8786904782
SRX312066,0.46356770300000005
SRX312067,0.9829188435
SRX312068,1.6373438279
SRX312069,1.7810423399
SRX312070,-0.3111280087
SRX312071,0.3111280087
SRX312072,0.0677994913
SRX312073,-0.5720218099000001
SRX312074,0.47889344970000003
SRX312075,0.4321063456
SRX312076,2.9905385087000003
ecoli_00001,0.008154795900000001
ecoli_00002,-0.008154795900000001
ecoli_00003,0.45226312
ecoli_00004,0.9043203795
ecoli_00005,0.9532277805
ecoli_00006,0.4733586662
ecoli_00007,1.3238398168
ecoli_00008,1.4945175798
ecoli_00009,1.282230337
ecoli_00010,1.5278568019
ecoli_00011,0.6931506016
ecoli_00012,0.3272660919
ecoli_00014,0.2944931002
ecoli_00015,0.651287778
ecoli_00016,0.4439746741
ecoli_00017,0.2643502761
ecoli_00018,0.5363552669
ecoli_00019,-0.7650034534
ecoli_00020,-0.5817905036000001
ecoli_00021,-1.4905687335
ecoli_00022,-1.285714598
ecoli_00023,0.0509379102
ecoli_00024,-0.1993180428
ecoli_00025,-0.8220949353
ecoli_00026,-0.35278295330000004
ecoli_00027,1.3561021578
ecoli_00028,1.1912918907
ecoli_00029,1.2018803465
ecoli_00030,1.3581245418
ecoli_00031,1.7175863411
ecoli_00032,1.4217486924
ecoli_00033,0.8922675522
ecoli_00034,-0.2340792741
ecoli_00035,0.5983579512
ecoli_00036,0.33177421020000003
ecoli_00037,-0.2228406288
ecoli_00038,0.23317770310000002
ecoli_00039,0.5051974794
ecoli_00040,0.8842664351
ecoli_00041,1.0577350484
ecoli_00042,0.5103500550000001
ecoli_00043,0.26707983960000004
ecoli_00044,0.8419958086
ecoli_00045,1.4170222142
ecoli_00046,1.0215600014
ecoli_00047,1.8213675697
ecoli_00048,1.7629471114
ecoli_00049,0.2937319298
ecoli_00050,0.2507490579
ecoli_00051,0.2497115935
ecoli_00052,0.0230518587
ecoli_00053,0.2587560056
ecoli_00054,1.5492857949
ecoli_00055,0.7834009794
ecoli_00056,0.008564749
ecoli_00057,-0.09767042370000001
ecoli_00058,0.9521149512
ecoli_00059,0.9928895431
ecoli_00060,1.9050693559
ecoli_00061,2.2062586984
ecoli_00062,1.230746233
ecoli_00063,1.2084217672
ecoli_00064,2.6837429394
ecoli_00065,2.5803455393
ecoli_00066,2.5573395194
ecoli_00067,3.2824874541
ecoli_00068,0.38517326490000003
ecoli_00070,1.1987679064
ecoli_00071,1.9562256877
ecoli_00072,2.4808950416
ecoli_00073,2.7607331016
ecoli_00074,2.8431447542
ecoli_00075,1.9192617308000002
ecoli_00077,1.5537176648000002
ecoli_00078,2.6175960419
ecoli_00079,2.1508434081
ecoli_00080,1.5898069545
ecoli_00081,2.7929076064
ecoli_00082,-0.377714074
ecoli_00083,0.1761700287
ecoli_00084,-0.2042327324
ecoli_00085,0.094897701
ecoli_00086,1.1220508041
ecoli_00087,1.3226221783
ecoli_00088,0.5528848112
ecoli_00089,0.9640979618000001
ecoli_00090,0.5155964855
ecoli_00091,1.025964297
ecoli_00092,0.5352725075
ecoli_00093,0.079122991
ecoli_00094,-1.3140079781
ecoli_00095,-0.5152696587
ecoli_00096,0.903993519
ecoli_00097,1.4757412889000001
ecoli_00098,-0.7964858121
ecoli_00099,-0.12718206910000002
ecoli_00100,-0.21908028640000002
ecoli_00101,-0.5669491413000001
ecoli_00102,-0.9937689081000001
ecoli_00103,-0.3774620602
ecoli_00104,-0.5138794756
ecoli_00105,0.7635816677
ecoli_00106,0.7134505101
ecoli_00107,0.6137679774
ecoli_00108,0.32758925250000004
ecoli_00109,-0.4936775383
ecoli_00110,0.3081576894
ecoli_00111,0.5434108248
ecoli_00112,-0.39238499860000003
ecoli_00113,0.48042614320000004
ecoli_00114,1.2162751783
ecoli_00115,0.2084643498
ecoli_00116,0.016006510800000002
ecoli_00117,-0.6555942441
ecoli_00118,-0.0226277463
ecoli_00119,0.145984254
ecoli_00120,-0.2507553568
ecoli_00121,-0.0460871932
ecoli_00122,0.9330002081000001
ecoli_00123,1.1772846832
ecoli_00124,0.4036709591
ecoli_00125,0.2188545792
ecoli_00126,0.7000826528
ecoli_00127,0.7918306015000001
ecoli_00128,0.6235127292
ecoli_00129,0.8747781716
ecoli_00130,0.7288280152000001
ecoli_00131,0.6422195537000001
ecoli_00132,0.7026444169
ecoli_00133,0.8916928824
ecoli_00134,1.9785293442
ecoli_00135,0.7944785562000001
ecoli_00136,2.1564227314
ecoli_00137,2.5428524563
ecoli_00138,2.2281455643
ecoli_00139,0.5296624939
ecoli_00140,1.2659140333
ecoli_00141,0.6189587456
ecoli_00142,0.25700745210000003
ecoli_00143,1.278147254
ecoli_00144,1.8220542315000001
ecoli_00145,3.2248336047
ecoli_00146,0.3935761788
ecoli_00147,0.3966850756
ecoli_00148,0.8972576793
ecoli_00149,1.5192964283000001
ecoli_00150,0.5956284609
ecoli_00151,3.2082402204
ecoli_00152,1.6732213889
ecoli_00153,2.7660625247
ecoli_00154,-0.2600384383
ecoli_00155,2.3870990516
ecoli_00157,0.4594046442
ecoli_00158,1.4631947665
ecoli_00159,2.2626067693
ecoli_00160,0.6751262101000001
ecoli_00169,1.1270219448
ecoli_00170,0.5355560402
ecoli_00171,-0.037751598500000004
ecoli_00172,2.0616157436
ecoli_00173,0.5712016479
ecoli_00174,0.8759503705
ecoli_00175,0.049789908300000005
ecoli_00176,0.0984656715
ecoli_00177,4.0129228068
ecoli_00178,2.6438062107
ecoli_00179,1.1182219697
ecoli_00180,0.7669093164
ecoli_00181,1.2029338037
ecoli_00182,0.7251652201000001
ecoli_00183,1.0500325966
ecoli_00184,2.2726176489
ecoli_00185,1.1850031983
ecoli_00186,0.9621544968
ecoli_00187,0.5674223245000001
ecoli_00188,0.06588882800000001
ecoli_00189,1.2829533771000001
ecoli_00190,1.4187155394
ecoli_00191,1.5270633315
ecoli_00192,1.9943749932000001
ecoli_00193,0.9222860108000001
ecoli_00194,0.9085490828
ecoli_00195,0.5868249963000001
ecoli_00196,2.0335108988
ecoli_00197,2.1621605574
ecoli_00198,0.9453620142
ecoli_00199,1.3864991948
ecoli_00200,1.9042721912
ecoli_00201,1.4884999997000001
ecoli_00202,1.613803915
ecoli_00203,1.301443702
ecoli_00204,1.9226305800999999
ecoli_00205,2.1676057722
ecoli_00206,2.218754502
ecoli_00207,1.8630843825999999
ecoli_00208,1.8553107040999999
ecoli_00209,-0.4309329814
ecoli_00210,1.8268810658999999
ecoli_00211,1.0705460402
ecoli_00212,0.2562896174
ecoli_00213,1.5978627445
ecoli_00214,1.4247628924
ecoli_00215,0.39480015090000004
ecoli_00216,1.0182096658
ecoli_00217,1.3995306543
ecoli_00218,1.4393342568
ecoli_00219,0.0794289369
ecoli_00220,0.4112839746
ecoli_00221,1.2188600945
ecoli_00222,1.5158614283
ecoli_00223,0.9847227656
ecoli_00224,0.4825331799
ecoli_00225,1.2096867232
ecoli_00226,0.6807619631
ecoli_00227,0.9834649887
ecoli_00228,2.2947060632
ecoli_00229,2.1013647464
ecoli_00230,2.7715046994
ecoli_00231,2.7221326361
ecoli_00232,2.5600974974
ecoli_00233,2.5150244841
ecoli_00234,1.3235180337
ecoli_00235,1.1700623751
ecoli_00236,2.9599796027
ecoli_00237,1.1098032551
ecoli_00238,0.6594159481
ecoli_00239,1.7926278971
ecoli_00240,1.803883827
ecoli_00241,-0.216183898
ecoli_00242,0.4663773765
ecoli_00243,-1.4095603419
ecoli_00244,0.9628445371000001
ecoli_00245,-0.8717419626
ecoli_00246,1.4337471607
ecoli_00247,0.6968757724
ecoli_00248,0.3412155495
ecoli_00249,1.3235076346
ecoli_00250,-0.6913146543
ecoli_00251,1.0347670971
ecoli_00252,0.9240291843
ecoli_00253,1.0596814405
ecoli_00254,1.0471604359
ecoli_00255,0.916792499
ecoli_00256,0.31294699130000003
ecoli_00257,-0.7625496722
ecoli_00258,-0.8788145812
ecoli_00259,1.5889524364
ecoli_00260,1.2684171792
ecoli_00261,0.4973860378
ecoli_00262,1.0109793569
ecoli_00263,1.6365152471000002
ecoli_00264,1.2315378318
ecoli_00265,2.3244980523
ecoli_00266,2.5542798668
ecoli_00267,-0.7592798201000001
ecoli_00268,0.1281977463
ecoli_00269,0.14020703310000002
ecoli_00270,-0.866375552
ecoli_00271,1.6118870553
ecoli_00272,1.1674420704
ecoli_00273,1.0855583652
ecoli_00274,1.5501156772
ecoli_00275,1.07612777
ecoli_00276,2.1967465722
ecoli_00277,2.3409748228
ecoli_00278,2.0192671107
ecoli_00279,0.22672549500000003
ecoli_00280,-1.1892159550999999
ecoli_00281,-0.10523828800000001
ecoli_00282,0.9551173864
ecoli_00283,0.4676286747
ecoli_00284,1.5369764934
ecoli_00285,1.3514549675
ecoli_00286,2.0151723543
ecoli_00287,1.0522348346000001
ecoli_00288,1.1141580488
ecoli_00289,1.4524070035
ecoli_00290,1.6471276928
ecoli_00291,1.3822432826
ecoli_00292,2.4222026894
ecoli_00293,2.1953522888
ecoli_00294,1.6784524617
ecoli_00295,1.4293546866
ecoli_00296,0.8339715045
ecoli_00297,2.4926423901
ecoli_00298,2.4762474228
ecoli_00299,0.8675891869000001
ecoli_00300,1.4552937707
ecoli_00301,0.9946343649
ecoli_00302,1.5038075917
ecoli_00303,0.2314182575
ecoli_00304,1.5625447104
ecoli_00305,0.8720166744000001
ecoli_00306,1.3507856888
ecoli_00307,1.1908568483
ecoli_00308,0.8094324079
ecoli_00309,1.4591229517
ecoli_00310,1.7439525906000002
ecoli_00311,0.7306668896
ecoli_00312,0.0955921632
ecoli_00313,1.0738834407
ecoli_00314,2.0224241644
ecoli_00315,0.3782384023
ecoli_00316,0.8139577913
ecoli_00317,0.5575263882
ecoli_00318,0.5254354087
ecoli_00319,1.5690631114
ecoli_00320,0.9291250767
ecoli_00321,0.4469284023
ecoli_00322,0.4908053364
ecoli_00323,0.6151554003
ecoli_00324,-0.21507565950000002
ecoli_00325,0.2646079387
ecoli_00326,0.20902518520000002
ecoli_00327,0.7167263573
ecoli_00328,0.6628640941
ecoli_00329,0.5071974516000001
ecoli_00330,0.8795463464000001
ecoli_00331,0.7512288332
ecoli_00332,0.7104580168
ecoli_00333,0.2249630312
ecoli_00334,1.1773562219
ecoli_00335,0.4220117853
ecoli_00336,0.9182447554000001
ecoli_00337,1.4481505937
ecoli_00338,1.1557726915
ecoli_00339,0.8825814829
ecoli_00340,0.5744162787
ecoli_00341,1.0385765403
ecoli_00342,0.5430919764000001
ecoli_00343,1.6722663358
ecoli_00344,2.3875272026
ecoli_00345,1.9957201439
ecoli_00346,1.6030628966
ecoli_00347,1.5318516155
ecoli_00348,1.4505075755
ecoli_00349,1.372386598
ecoli_00350,1.3567064283999999
ecoli_00351,1.4303256522
ecoli_00352,1.4434706494
ecoli_00353,0.8986816896
ecoli_00354,1.0613221901
ecoli_00355,0.7703769728000001
ecoli_00356,1.4831341067000001
ecoli_00357,1.56023984
ecoli_00358,2.1008983594
ecoli_00359,0.37265359610000004
ecoli_00360,0.5952888429000001
ecoli_00361,0.5050202609000001
ecoli_00362,0.7755971872
ecoli_00363,1.5443719901000001
ecoli_00364,0.5465351734
ecoli_00365,2.1025821302
ecoli_00366,0.975579696
ecoli_00367,2.8969492159
ecoli_00368,2.4553433985
ecoli_00369,0.9216326645
ecoli_00370,0.6785340738
ecoli_00371,1.2138281168
ecoli_00372,1.658640778
ecoli_00373,2.3955879811000003
ecoli_00374,2.1705554196
ecoli_00375,1.1799824362
ecoli_00376,0.4863250039
ecoli_00377,1.813492072
ecoli_00378,0.8483558653000001
ecoli_00379,1.1203748435
ecoli_00380,1.5941624842
ecoli_00381,0.5188275547
ecoli_00382,0.4332871354
ecoli_00383,2.2096975741
ecoli_00384,2.8687899953000002
ecoli_00385,1.2080234254
ecoli_00386,0.8943005376000001
ecoli_00387,-0.5650305723
ecoli_00388,0.30677921680000003
ecoli_00389,1.9607762326
ecoli_00390,2.3571901453
ecoli_00391,0.9989810353
ecoli_00392,1.1008843295
ecoli_00393,0.9380773482
ecoli_00394,1.4796981205
ecoli_00395,0.44954855920000003
ecoli_00396,-0.0736923017
ecoli_00397,1.1792881064
ecoli_00398,0.7781462345
ecoli_00399,1.852032532
ecoli_00400,0.7941173088
ecoli_00401,0.9444199911000001
ecoli_00402,2.1603121019
ecoli_00403,2.477067779
ecoli_00404,2.0559139521
ecoli_00405,2.2332760641
ecoli_00406,1.4159237770000002
ecoli_00407,1.4279212266
ecoli_00408,1.1221026868
ecoli_00409,0.8645097102
ecoli_00410,0.6211905278000001
ecoli_00411,1.9837211214
ecoli_00412,1.7473273324
ecoli_00413,1.7332430140000001
ecoli_00414,2.6767453375
ecoli_00415,1.8591757477000002
ecoli_00416,1.1472308499000001
ecoli_00417,1.9712730851
ecoli_00418,1.4629397297
ecoli_00419,1.9361027348
ecoli_00420,1.8943278139
ecoli_00421,1.5075900075000002
ecoli_00422,1.1401319559
ecoli_00423,2.7163911987000002
ecoli_00424,2.1251439646
ecoli_00425,1.9246089333
ecoli_00426,1.7806794488
ecoli_00427,2.776953211
ecoli_00428,3.1195387791
ecoli_00429,1.8950296941
ecoli_00430,1.9118933888
ecoli_00431,2.0730943759000002
ecoli_00432,1.827185288
ecoli_00433,1.1120343602
ecoli_00434,1.7307049823
ecoli_00435,1.8976541916
ecoli_00436,2.1875168034
ecoli_00437,2.2371801742
ecoli_00438,2.0722951714
ecoli_00439,2.6846714971
ecoli_00440,1.2036968824
ecoli_00441,1.5958550027
ecoli_00442,1.9166369651
ecoli_00443,1.9807855354
ecoli_00444,1.9547879394
ecoli_00445,1.8671309636000002
ecoli_00446,2.3015691567
ecoli_00447,0.7207327146
ecoli_00448,0.5212254271
ecoli_00449,1.3535017462
ecoli_00450,0.28218433660000003
ecoli_00451,2.0273612938
ecoli_00452,2.0541073413
ecoli_00453,1.5754833354
ecoli_00454,0.4998510063
ecoli_00455,-0.0154857038
ecoli_00456,0.1274184554
ecoli_00457,0.46186017360000003
ecoli_00458,0.6504129445
ecoli_00459,-0.3307440331
ecoli_00460,-0.1512473607
ecoli_00461,3.1151745905
ecoli_00462,2.6167755123000003
ecoli_00463,0.3138723592
ecoli_00464,0.9230198672000001
ecoli_00465,1.8432810924
ecoli_00466,1.2094148173
ecoli_00467,0.5199665898
ecoli_00468,0.0989663353
ecoli_00469,1.0044396983
ecoli_00470,0.7968939068
ecoli_00471,1.9044183156
ecoli_00472,1.5330078288
ecoli_00473,0.4220287623
ecoli_00474,1.0291508742
ecoli_00475,1.1066054645
ecoli_00476,1.0303510791
ecoli_00477,-0.075166779
ecoli_00478,0.1646820201
ecoli_00479,1.6231038122
ecoli_00480,1.8569431323
ecoli_00481,1.9512218245000001
ecoli_00482,2.0846643974
ecoli_00483,0.8504453887000001
ecoli_00484,0.7250086144
ecoli_00485,1.4526442784
ecoli_00486,1.8450403179000001
ecoli_00487,1.1802521591
ecoli_00488,-0.2787138909
ecoli_00489,0.021048769800000002
ecoli_00490,0.43317555900000004
ecoli_00491,0.0020144298
ecoli_00492,0.1449883758
ecoli_00493,0.6752665975000001
ecoli_00494,0.5371789123
ecoli_00495,2.8699601151
ecoli_00496,2.6985216591
ecoli_00497,1.6562723868
ecoli_00498,1.6692355387000002
ecoli_00499,1.7900999011
ecoli_00500,1.8146973936
ecoli_00501,0.8749695731
ecoli_00502,0.6371846319000001
ecoli_00503,1.4382980179
ecoli_00504,0.5878045692
ecoli_00505,-0.199413938
ecoli_00506,0.7936397501
ecoli_00507,-0.4354505638
ecoli_00508,0.4102971727
ecoli_00509,-0.2468521204
ecoli_00510,-0.30205056550000003
ecoli_00511,2.1950067096
ecoli_00512,1.4534076151
ecoli_00513,0.9220781569000001
ecoli_00514,1.3419321718
ecoli_00515,0.5950073464
ecoli_00516,0.1626464287
ecoli_00517,3.3238531071
ecoli_00518,3.9562318342
ecoli_00519,2.3754525698
ecoli_00520,2.4507594561
ecoli_00521,1.8779170598000001
ecoli_00522,2.422074201
ecoli_00523,2.5354399329
ecoli_00524,1.1638078794
ecoli_00525,-0.1801533279
ecoli_00526,-0.004663662000000001
ecoli_00527,0.8321481567000001
ecoli_00528,2.1719354059000002
ecoli_00529,3.4537741693
ecoli_00530,4.1238214029
ecoli_00531,4.7616925507
ecoli_00532,1.941420705
ecoli_00533,1.5197892163
ecoli_00534,1.0986358285
ecoli_00535,1.8269354731
ecoli_00536,2.8770028669
ecoli_00537,2.5710116943
ecoli_00538,1.9030327059
ecoli_00539,1.7404276369
ecoli_00540,2.0564792313
ecoli_00541,1.7617010214
ecoli_00542,1.8791195428
ecoli_00543,3.0692770574
ecoli_00544,1.5619555095000002
ecoli_00545,0.8937909324000001
ecoli_00546,0.5012878834
ecoli_00547,-0.0666621916
ecoli_00548,1.2101247011
ecoli_00549,-0.046305928600000004
ecoli_00550,0.4896793869
ecoli_00551,0.4400225477
ecoli_00552,2.0329123472
ecoli_00553,2.4635895833
ecoli_00554,2.0302432065
ecoli_00555,1.1641656374
ecoli_00556,1.2063108872
ecoli_00557,1.4078616156
ecoli_00558,2.2810726508
ecoli_00559,2.09283841
ecoli_00560,-0.1752891068
ecoli_00561,1.0684181908000001
ecoli_00562,-1.1311172489
ecoli_00563,-1.2820299034
ecoli_00564,1.6026086712
ecoli_00565,0.9494823704
ecoli_00566,-0.5011703785
ecoli_00567,-0.3759962683
ecoli_00568,1.1504301029
ecoli_00569,1.5434641188
ecoli_00570,1.7868267474000001
ecoli_00571,0.7651497714000001
ecoli_00572,0.3487929597
ecoli_00573,-0.9131895021
ecoli_00574,2.1588816417
ecoli_00575,2.1122131797
ecoli_00576,2.1596373873
ecoli_00577,1.2963974952
ecoli_00578,2.3618422638
ecoli_00579,2.3004576911
ecoli_00580,1.2675306973
ecoli_00581,2.5831278188
ecoli_00582,1.4616694073
ecoli_00583,0.7242660666
ecoli_00584,1.6621937941
ecoli_00585,1.1599161379
ecoli_00586,2.2127303338
ecoli_00587,1.4402779374
ecoli_00588,1.6656709195000001
ecoli_00589,1.4559186998
ecoli_00590,2.1588113832
ecoli_00591,1.6573728591
ecoli_00592,2.6605607183
ecoli_00593,4.0484886709
ecoli_00594,4.450932396
ecoli_00595,5.2965031841
ecoli_00596,4.9474344518
ecoli_00597,4.1478936881
ecoli_00598,2.6925213063999998
ecoli_00599,3.9721239493000002
ecoli_00600,1.5374650561
ecoli_00601,2.7081027503
ecoli_00602,0.8597259611
ecoli_00603,1.037244497
ecoli_00604,1.0882361410999999
ecoli_00605,1.0893286127
ecoli_00606,2.7531980356
ecoli_00607,2.0898169133
ecoli_00608,1.4282291547
ecoli_00609,1.1699552941
ecoli_00610,0.9288703037
ecoli_00611,2.3019345722
ecoli_00612,1.9705692433
ecoli_00613,1.9896405487000002
ecoli_00614,2.1168774571
ecoli_00615,1.4877174687
ecoli_00616,1.3943453487
ecoli_00617,1.6730179390000002
ecoli_00618,1.2508146774
ecoli_00619,1.181419371
ecoli_00620,0.8739759292
ecoli_00621,1.234379701
ecoli_00622,0.5053375418
ecoli_00623,-0.4382019372
ecoli_00624,-0.0165383399
ecoli_00625,-0.2186237784
ecoli_00626,0.7851187898
ecoli_00627,0.2128315448
ecoli_00628,0.052813964500000005
ecoli_00629,-0.5324460636
ecoli_00630,-0.017508023100000002
ecoli_00631,0.6315497967
ecoli_00632,0.1476413863
ecoli_00633,0.23227110620000002
ecoli_00634,0.16459934410000002
ecoli_00635,1.0970765272
ecoli_00636,0.9541491862
ecoli_00637,-0.1284113628
ecoli_00638,0.0271382018
ecoli_00639,0.44214704990000003
ecoli_00640,-0.0629224547
ecoli_00641,-0.2026945929
ecoli_00642,-0.3149985369
ecoli_00643,1.2678356942
ecoli_00644,0.7779451721
ecoli_00645,1.0763964499
ecoli_00646,0.39750063210000003
ecoli_00647,-0.0467599893
ecoli_00648,-0.1672334496
ecoli_00649,0.060342274
ecoli_00650,-0.2271131589
ecoli_00651,0.1313042765
ecoli_00652,-0.44252105010000004
ecoli_00653,-0.0822907744
ecoli_00654,-0.0902242473
ecoli_00655,0.5579983017
ecoli_00656,0.06599647980000001
ecoli_00657,-0.0034816403
ecoli_00658,1.0775142709
ecoli_00659,0.5208243612
ecoli_00660,-0.3766794887
ecoli_00661,-0.0649485216
ecoli_00662,-0.050836883000000006
ecoli_00663,0.3234232537
ecoli_00664,0.8921050351
ecoli_00665,0.6482168727000001
ecoli_00666,1.0977616508999999
ecoli_00667,-0.0060927365
ecoli_00668,0.3393880113
ecoli_00669,0.0661996458
ecoli_00670,-0.35179738650000003
ecoli_00671,-0.3782738923
ecoli_00672,2.0574371716
ecoli_00673,1.4016577133
ecoli_00674,0.38065599250000004
ecoli_00675,0.19294754900000002
ecoli_00676,0.3280499347
ecoli_00677,0.1826209296
ecoli_00678,-0.7682504082
ecoli_00679,-0.3246033339
ecoli_00680,0.7807133268
ecoli_00681,-0.07146203870000001
ecoli_00682,-0.0279585091
ecoli_00683,-0.1872855
ecoli_00684,0.8302836138
ecoli_00685,0.8722639024000001
ecoli_00686,-0.6170588075
ecoli_00687,0.1844069731
ecoli_00688,0.26261270340000004
ecoli_00689,0.35249403030000004
ecoli_00690,0.2934518396
ecoli_00691,-0.2486252857
ecoli_00692,0.4837479779
ecoli_00693,0.3750549248
ecoli_00694,-0.3595320937
ecoli_00695,-0.5058733819
ecoli_00696,0.2145101831
ecoli_00697,0.4449442619
ecoli_00698,1.2321844635
ecoli_00699,1.1736929802
ecoli_00700,-0.1975665181
ecoli_00701,-0.2151340582
ecoli_00702,-0.2401777472
ecoli_00703,-0.693113596
ecoli_00704,0.1986217217
ecoli_00705,0.0590527044
ecoli_00706,1.0434529246
ecoli_00707,1.0993621831
ecoli_00708,-0.140011791
ecoli_00709,0.5302696962
ecoli_00710,-0.0712170975
ecoli_00711,-0.5973605329
ecoli_00712,-0.5555132142
ecoli_00713,0.9448683622
ecoli_00714,-0.9664379218
ecoli_00715,-0.5973949493
ecoli_00716,1.1186451218
ecoli_00717,1.4646590452
ecoli_00718,1.9341435765
ecoli_00719,1.7899988102000002
ecoli_00720,1.8235447681
ecoli_00721,1.2806895572
ecoli_00722,0.9118949934
ecoli_00723,0.8381277373
ecoli_00724,0.3317420942
ecoli_00725,0.4048188357
ecoli_00727,1.1135288844
ecoli_00728,0.9093063880000001
ecoli_00729,1.1178616119
ecoli_00730,1.544414798
ecoli_00731,1.4492361784
ecoli_00732,1.9011232562
ecoli_00733,0.7665458473000001
ecoli_00734,1.3428078001000001
ecoli_00735,1.5854120945
ecoli_00736,1.6536310022
ecoli_00737,1.4171322333
ecoli_00738,1.1919220221
ecoli_00739,0.4761733859
ecoli_00740,0.8301881036000001
ecoli_00741,0.41065344810000004
ecoli_00742,-0.0223572966
ecoli_00743,0.7620581531
ecoli_00744,0.5323731609
ecoli_00745,0.7188031698
ecoli_00746,0.3151642707
ecoli_00747,0.7580477438000001
ecoli_00748,1.2154995709
ecoli_00749,1.6495114484
ecoli_00750,-0.4284637539
ecoli_00751,-1.1696210089
ecoli_00752,-1.4288479874
ecoli_00753,0.5314909658
ecoli_00754,0.14699183940000002
ecoli_00755,-0.3294048969
ecoli_00756,-0.7380097172000001
ecoli_00757,1.5803113516
ecoli_00758,2.270615978
ecoli_00759,0.8190468579
ecoli_00760,1.0212951968
ecoli_00761,0.8932527203
ecoli_00762,0.8265165726
ecoli_00763,1.7840481302
ecoli_00764,1.0207212456
ecoli_00765,0.9107632971
ecoli_00766,0.9998128471000001
ecoli_00767,1.6480382591
ecoli_00768,4.3551384674
ecoli_00769,-0.2304479097
ecoli_00770,-0.9117928755
ecoli_00771,-0.0332682064
ecoli_00772,0.4219197485
ecoli_00773,1.2268120572
ecoli_00774,1.8478336598
ecoli_00775,1.557817164
ecoli_00776,1.8019703011
ecoli_00777,1.5038124482000002
ecoli_00778,1.9600698509
ecoli_00779,-0.7344874238
ecoli_00780,0.005038417700000001
ecoli_00781,0.3426526521
ecoli_00782,1.11812848
ecoli_00783,0.3710165389
ecoli_00784,-0.3891478007
ecoli_00785,2.6399432438
ecoli_00786,2.1273294712
ecoli_00787,1.6442921977
ecoli_00788,1.5228588939
ecoli_00789,1.1635976974
ecoli_00790,2.2047060558
ecoli_00791,0.6818339181
ecoli_00792,1.5581423486000001
ecoli_00793,0.9847241866
ecoli_00794,0.709179848
ecoli_00795,1.8546958624
ecoli_00796,1.5377353441000001
ecoli_00797,3.316792083
ecoli_00798,1.0521328821
ecoli_00799,0.8840805002000001
ecoli_00800,0.7000798418
ecoli_00818,1.0428511549
ecoli_00819,1.2884143547
ecoli_00820,-0.7672046873
ecoli_00821,0.2034209521
ecoli_00822,0.5573382410000001
ecoli_00823,-0.5033285911000001
ecoli_00824,0.4746878265
ecoli_00825,0.3053265196
ecoli_00826,0.7840614020000001
ecoli_00827,1.6758672918
ecoli_00828,1.2318616162
ecoli_00829,0.3305439799
ecoli_00830,0.5575311108000001
ecoli_00831,0.8379558852000001
ecoli_00832,-0.4620862287
ecoli_00833,0.6250671728
ecoli_00834,-0.1787504013
ecoli_00835,0.08250909120000001
ecoli_00836,0.5205786992
ecoli_00837,0.38325265210000004
ecoli_00838,0.0075724650000000004
ecoli_00839,0.6501593442
ecoli_00840,-0.34833194
ecoli_00841,0.13455472170000002
ecoli_00842,0.4901544089
ecoli_00843,-0.1951147819
ecoli_00844,0.0885928072
ecoli_00845,0.43962171
