,condition,A_avg,A_std,n,rep1_idx,rep1_A,rep2_idx,rep2_A,rep3_idx,rep3_A,rep4_idx,rep4_A,rep5_idx,rep5_A,rep6_idx,rep6_A
0,control__wt_glc,0.0,0.4048006708685282,2.0,0.0,0.28623729940000003,1.0,-0.28623729940000003,,,,,,,,
1,fur__wt_dpd,1.0836276993,0.26727928034130916,2.0,2.0,1.2726226909,3.0,0.8946327077,,,,,,,,
2,fur__wt_fe,0.21334697615,0.051232812799800666,2.0,4.0,0.2495740455,5.0,0.1771199068,,,,,,,,
3,fur__delfur_dpd,1.16788729125,0.28538836257711053,2.0,6.0,0.9660872448000001,7.0,1.3696873377,,,,,,,,
4,fur__delfur_fe2,0.9403730990000001,0.17169212731389621,2.0,8.0,1.0617777665,9.0,0.8189684315,,,,,,,,
5,acid__wt_ph5,-0.11716316439999999,0.015852721679729884,2.0,10.0,-0.1283727314,11.0,-0.1059535974,,,,,,,,
6,acid__delgadx_ph5,-0.1130705655,,1.0,12.0,-0.1130705655,,,,,,,,,,
7,acid__delgadw_ph5,0.300957163,0.0024764948471594733,2.0,13.0,0.30270830930000003,14.0,0.2992060167,,,,,,,,
8,acid__delgade_ph5,0.06895463285000002,0.4303823667753983,2.0,15.0,0.37328092290000003,16.0,-0.2353716572,,,,,,,,
9,oxidative__wt_pq,0.4398963978,0.21776656736569494,2.0,17.0,0.5938806143,18.0,0.2859121813,,,,,,,,
10,oxidative__deloxyr_pq,0.5840552864,0.04757296365274903,2.0,19.0,0.6176944516,20.0,0.5504161212,,,,,,,,
11,oxidative__delsoxr_pq,-0.012256624599999998,0.04216078956275065,2.0,21.0,-0.0420688048,22.0,0.0175555556,,,,,,,,
12,oxidative__delsoxs_pq,0.8474683335,0.34534027730611966,2.0,23.0,0.6032758816,24.0,1.0916607854,,,,,,,,
13,nac_ntrc__wt_csn,1.1600056314,0.2460005348953218,2.0,25.0,1.3339542778,26.0,0.986056985,,,,,,,,
14,nac_ntrc__wt_cytd,0.22026497185000002,0.15625408621396206,2.0,27.0,0.10977664790000001,28.0,0.3307532958,,,,,,,,
15,nac_ntrc__wt_gln,0.80369379065,0.1395129155521056,2.0,29.0,0.9023443193,30.0,0.705043262,,,,,,,,
16,nac_ntrc__bw_delnac_csn,1.19292271925,1.1721755567937817,2.0,31.0,2.0217760042,32.0,0.3640694343,,,,,,,,
17,nac_ntrc__bw_delnac_cytd,-0.014544857300000005,0.23218451380780433,2.0,33.0,0.1496343869,34.0,-0.1787241015,,,,,,,,
18,nac_ntrc__bw_delnac_gln,-0.10418941984999999,0.5674516954521235,2.0,35.0,0.297059522,36.0,-0.5054383617,,,,,,,,
19,nac_ntrc__bw_delnac_nh4,0.04914002465,0.019582711435413163,2.0,37.0,0.0352929566,38.0,0.0629870927,,,,,,,,
20,misc__wt_no_te,0.7661741480500001,0.41819139600640803,2.0,39.0,0.4704681761,40.0,1.06188012,,,,,,,,
21,misc__bw_delcbl,-0.4469539222,0.49429561715345843,2.0,41.0,-0.796473705,42.0,-0.09743413940000001,,,,,,,,
22,misc__bw_delfabr,-0.2181224601,0.07916265306644316,2.0,43.0,-0.2740989089,44.0,-0.1621460113,,,,,,,,
23,misc__bw_delfadr,-0.45727603165,0.07566611970573746,2.0,45.0,-0.4037720053,46.0,-0.510780058,,,,,,,,
24,misc__nitr_031,-0.8839412375000001,,1.0,47.0,-0.8839412375000001,,,,,,,,,,
25,omics__wt_glu,-0.1954456882,0.18201946017831316,2.0,48.0,-0.0667384936,49.0,-0.3241528828,,,,,,,,
26,omics__wt_gly,-0.09493373265,0.43948897269592785,2.0,50.0,-0.4056993655,51.0,0.2158319002,,,,,,,,
27,omics__wt_thr,3.50761718165,0.7983625839405825,2.0,52.0,4.0721447786,53.0,2.9430895847,,,,,,,,
28,omics__bw_ac,3.98453433925,0.11171734022609985,2.0,54.0,4.0635304281,55.0,3.9055382504000002,,,,,,,,
29,omics__bw_fum,1.54432063215,0.6066909899098015,2.0,56.0,1.1153253191,57.0,1.9733159452,,,,,,,,
30,omics__bw_glc,0.38014009695,0.23507712565147493,2.0,58.0,0.2139154673,59.0,0.5463647266,,,,,,,,
31,omics__bw_pyr,1.0973541577,0.7307865359923251,2.0,60.0,0.5806100425,61.0,1.6140982729000002,,,,,,,,
32,ompr__wt_nacl,0.6128249665500001,0.05053607856798732,2.0,62.0,0.6485593704,63.0,0.5770905627,,,,,,,,
33,ompr__bw_delompr_nacl,-0.143834599,0.2064329330218804,2.0,64.0,-0.2898047258,65.0,0.0021355278,,,,,,,,
34,minspan__wt_ade,1.0729193152,,1.0,66.0,1.0729193152,,,,,,,,,,
35,minspan__wt_glc,0.7886787292666666,0.7739428502124086,3.0,67.0,1.3589128972,68.0,1.0994746261,69.0,-0.0923513355,,,,,,
36,minspan__wt_glc_anaero,0.52928609435,0.7244254037423242,2.0,70.0,0.0170399789,71.0,1.0415322098,,,,,,,,
37,minspan__wt_trp,0.7613485493000001,,1.0,72.0,0.7613485493000001,,,,,,,,,,
38,minspan__bw_delcra_glc,0.9322264068,,1.0,73.0,0.9322264068,,,,,,,,,,
39,minspan__bw_delcra_trp,1.860955582,,1.0,74.0,1.860955582,,,,,,,,,,
40,minspan__bw_delmntr,0.0216211046,,1.0,75.0,0.0216211046,,,,,,,,,,
41,minspan__bw_delnac_ade,0.7620896664,,1.0,76.0,0.7620896664,,,,,,,,,,
42,minspan__bw_delnac_glc,1.8514714959,,1.0,77.0,1.8514714959,,,,,,,,,,
43,cra_crp__wt_ac,4.901973074300001,0.2304140244937304,2.0,78.0,4.7390457551,79.0,5.0649003935,,,,,,,,
44,cra_crp__wt_fru,1.0329349656,0.19962846822531014,2.0,80.0,1.1740936092,81.0,0.891776322,,,,,,,,
45,cra_crp__delcra_ac,4.52545435185,0.22075735759182075,2.0,82.0,4.6815533764,83.0,4.3693553273,,,,,,,,
46,cra_crp__delcra_fru,0.62945111445,0.22121274114712997,2.0,84.0,0.4730300851,85.0,0.7858721438,,,,,,,,
47,cra_crp__delcra_glc,0.4179843288,0.048705415527494605,2.0,86.0,0.4524242584,87.0,0.3835443992,,,,,,,,
48,rpoB__wt_031,1.9999903299000001,,1.0,88.0,1.9999903299000001,,,,,,,,,,
49,rpoB__wt_044,0.3058900244,,1.0,89.0,0.3058900244,,,,,,,,,,
50,rpoB__wt_lb,6.6302127959499995,0.9204944771676347,2.0,90.0,7.2811006828,91.0,5.9793249091,,,,,,,,
51,rpoB__rpoBE546V_031,2.3466915665,,1.0,92.0,2.3466915665,,,,,,,,,,
52,rpoB__rpoBE546V_044,2.0739319843,,1.0,93.0,2.0739319843,,,,,,,,,,
53,rpoB__rpoBE546V_lb,9.548649023,0.24214161447113733,2.0,94.0,9.3774290454,95.0,9.7198690006,,,,,,,,
54,rpoB__rpoBE546V_glc,0.5106120465,,1.0,96.0,0.5106120465,,,,,,,,,,
55,rpoB__rpoBE672K_glc,2.1038825324,0.00677297549312628,2.0,97.0,2.1086717493,98.0,2.0990933155000002,,,,,,,,
56,rpoB__rpoBE672K_lb,3.2874479511,0.15794586980567463,2.0,99.0,3.3991325467,100.0,3.1757633555,,,,,,,,
57,crp__wt_fru,1.253199985,,1.0,101.0,1.253199985,,,,,,,,,,
58,crp__wt_glyc,1.4756448527,0.10290988693092798,2.0,102.0,1.5484131316,103.0,1.4028765738,,,,,,,,
59,crp__delar1_glyc,1.00026786845,0.8801037578874792,2.0,104.0,1.6225952038,105.0,0.37794053310000003,,,,,,,,
60,crp__delar1ar2_glyc,0.7139767665666668,0.3196968609794564,3.0,106.0,0.3448672562,107.0,0.9035024309,108.0,0.8935606126000001,,,,,,
61,crp__delar2_glyc,2.3502904016,0.3750709764463624,3.0,109.0,1.9385094622999999,110.0,2.6723943855,111.0,2.439967357,,,,,,
62,crp__delcrp_fru,-0.7041742284666666,0.6940708048458224,3.0,112.0,-1.0111935381,113.0,-1.1917875258,114.0,0.0904583785,,,,,,
63,crp__delcrp_glc,-0.8122122695666668,0.17594582260879194,3.0,115.0,-0.9741878913,116.0,-0.837431125,117.0,-0.6250177924,,,,,,
64,crp__delcrp_glyc,-0.4590053129,0.789950838996688,3.0,118.0,-0.2898947953,119.0,-1.3198166845000001,120.0,0.23269554110000001,,,,,,
65,glu__glu_ale3,1.6386937194,,1.0,121.0,1.6386937194,,,,,,,,,,
66,glu__glu_ale4,1.1447033984,,1.0,122.0,1.1447033984,,,,,,,,,,
67,glu__glu_ale5,0.9020159141,,1.0,123.0,0.9020159141,,,,,,,,,,
68,glu__glu_ale6,1.2273898995,,1.0,124.0,1.2273898995,,,,,,,,,,
69,glu__glu_ale8,0.0534842827,,1.0,125.0,0.0534842827,,,,,,,,,,
70,glu__glu_ale9,1.0033325006,,1.0,126.0,1.0033325006,,,,,,,,,,
71,glu__glu_ale10,2.2332995132,,1.0,127.0,2.2332995132,,,,,,,,,,
72,42c__wt_42c,0.5549201594000001,,1.0,128.0,0.5549201594000001,,,,,,,,,,
73,42c__42c_ale1,0.9851655990000001,,1.0,129.0,0.9851655990000001,,,,,,,,,,
74,42c__42c_ale2,0.8785841670000001,,1.0,130.0,0.8785841670000001,,,,,,,,,,
75,42c__42c_ale3,0.0834063625,,1.0,131.0,0.0834063625,,,,,,,,,,
76,42c__42c_ale4,0.17199040100000001,,1.0,132.0,0.17199040100000001,,,,,,,,,,
77,42c__42c_ale5,0.8244964492,,1.0,133.0,0.8244964492,,,,,,,,,,
78,42c__42c_ale6,-1.2210241663999999,,1.0,134.0,-1.2210241663999999,,,,,,,,,,
79,42c__42c_ale8,0.4055652252,,1.0,135.0,0.4055652252,,,,,,,,,,
80,42c__42c_ale9,1.5781972315,,1.0,136.0,1.5781972315,,,,,,,,,,
81,42c__42c_ale10,0.0946114344,,1.0,137.0,0.0946114344,,,,,,,,,,
82,ssw__wt_ac,1.9529180975,,1.0,138.0,1.9529180975,,,,,,,,,,
83,ssw__wt_glc,0.6627796849,,1.0,139.0,0.6627796849,,,,,,,,,,
84,ssw__wt_glyc,2.9802050925,,1.0,140.0,2.9802050925,,,,,,,,,,
85,ssw__wt_xyl,0.6959490994,,1.0,141.0,0.6959490994,,,,,,,,,,
86,ssw__glc_ale1,2.6605805886000002,,1.0,142.0,2.6605805886000002,,,,,,,,,,
87,ssw__glc_ale2,1.7934378528,,1.0,143.0,1.7934378528,,,,,,,,,,
88,ssw__glc_ale3,0.2492733326,,1.0,144.0,0.2492733326,,,,,,,,,,
89,ssw__glyc_ale1,1.7700029393999999,,1.0,145.0,1.7700029393999999,,,,,,,,,,
90,ssw__glyc_ale2,0.2809054395,,1.0,146.0,0.2809054395,,,,,,,,,,
91,ssw__xyl_ale1,4.4336087308,,1.0,147.0,4.4336087308,,,,,,,,,,
92,ssw__xyl_ale2,2.9587061114,,1.0,148.0,2.9587061114,,,,,,,,,,
93,ssw__xyl_ale3,2.6547025369,,1.0,149.0,2.6547025369,,,,,,,,,,
94,ssw__glc_ac_ac2,3.3387504933,,1.0,150.0,3.3387504933,,,,,,,,,,
95,ssw__glc_ac_glc1,1.2748050034,,1.0,151.0,1.2748050034,,,,,,,,,,
96,ssw__glc_glyc_glc,2.7331213832,,1.0,152.0,2.7331213832,,,,,,,,,,
97,ssw__glc_glyc_glyc,2.7670674821,,1.0,153.0,2.7670674821,,,,,,,,,,
98,ssw__glc_xyl_glc,1.4045026497,,1.0,154.0,1.4045026497,,,,,,,,,,
99,ssw__glc_xyl_xyl,1.1473047124,,1.0,155.0,1.1473047124,,,,,,,,,,
100,ica__wt_glc,0.8013227313333333,0.21346832914563293,6.0,156.0,0.9526458956,157.0,1.1349483404,158.0,0.8310490726,159.0,0.5942908615,180.0,0.6116482349,181.0,0.683353983
101,ica__arg_sbt,2.62019718995,1.4130565578417182,2.0,160.0,3.6193790642,161.0,1.6210153157,,,,,,,,
102,ica__cytd_rib,4.35216723725,0.8316612030833512,2.0,162.0,3.7640939609,163.0,4.9402405136,,,,,,,,
103,ica__gth,3.65032877955,0.43816395315866946,2.0,164.0,3.340500077,165.0,3.9601574821,,,,,,,,
104,ica__leu_glcr,1.01487747555,0.47668938032864777,2.0,166.0,0.6778071822,167.0,1.3519477689000001,,,,,,,,
105,ica__met_glc,1.01007827255,0.31796119826870267,2.0,168.0,1.234910792,169.0,0.7852457531,,,,,,,,
106,ica__no3_anaero,-0.4752538672,0.045833987683749515,2.0,170.0,-0.44284434370000003,171.0,-0.5076633907,,,,,,,,
107,ica__phe_acgam,0.89337475595,0.02110225449254096,2.0,172.0,0.8784532087,173.0,0.9082963032,,,,,,,,
108,ica__thm_gal,1.5828601195,0.20585339212239664,2.0,174.0,1.43729979,175.0,1.7284204490000001,,,,,,,,
109,ica__tyr_glcn,0.7328803195,0.05610808728693722,2.0,176.0,0.6932059105,177.0,0.7725547285000001,,,,,,,,
110,ica__ura_pyr,1.9097583961,0.4450275164550872,2.0,178.0,1.5950764214,179.0,2.2244403708,,,,,,,,
111,ica__bw_delpurR_cytd,0.7762301784000001,0.4134230432770761,2.0,182.0,0.48389594100000005,183.0,1.0685644158,,,,,,,,
112,ica__ade_glc,0.87014123225,0.5988490801056059,2.0,184.0,0.4466909868,185.0,1.2935914777,,,,,,,,
113,ytf__wt_glc,0.93108635005,0.025996029509368457,2.0,186.0,0.9127043813,187.0,0.9494683188,,,,,,,,
114,ytf__delyafC,0.97394312545,0.37695916648221073,2.0,188.0,1.2404935083,189.0,0.7073927426000001,,,,,,,,
115,ytf__delyeiE,-0.524894194,0.4281935629183587,2.0,190.0,-0.8276727660000001,191.0,-0.222115622,,,,,,,,
116,ytf__delyiaJ,0.6237381068,0.2702973626971577,2.0,192.0,0.8148672049,193.0,0.4326090087,,,,,,,,
117,ytf__delyieP,-0.0926924156,0.1142881605015747,2.0,194.0,-0.1735063489,195.0,-0.0118784823,,,,,,,,
118,ytf__wt_ph5,0.55405423095,0.6658119119717428,2.0,196.0,0.083254113,197.0,1.0248543489,,,,,,,,
119,ytf__wt_ph8,0.9257471298500001,0.16500198280409265,2.0,198.0,0.8090731089000001,199.0,1.0424211508,,,,,,,,
120,ytf__delybaO,0.39557973515,0.0652853850058343,2.0,200.0,0.3494159967,201.0,0.4417434736,,,,,,,,
121,ytf__delybaQ,-0.1061969732,0.3649724775188025,2.0,202.0,-0.364271487,203.0,0.1518775406,,,,,,,,
122,ytf__delybiH,1.16263315925,0.3167935224353377,2.0,204.0,1.3866400072,205.0,0.9386263113000001,,,,,,,,
123,ytf__delydcI_ph5,0.23695298655000002,0.051532138312766124,2.0,206.0,0.27339171100000004,207.0,0.2005142621,,,,,,,,
124,ytf__delydcI_ph8,0.9841642534,0.10086801540824607,2.0,208.0,0.9128397957000001,209.0,1.0554887111,,,,,,,,
125,ytf__delyddM,1.0188271454,0.19388653616069756,2.0,210.0,0.8817286609,211.0,1.1559256299,,,,,,,,
126,ytf__delyheO,0.8904555164000001,0.005250420726796228,2.0,212.0,0.8867429083,213.0,0.8941681245,,,,,,,,
127,fps__bw_glc,0.29993271125000004,0.3713373681827667,2.0,214.0,0.0373575401,215.0,0.5625078824,,,,,,,,
128,fps__fps_thrA_ale1,0.9043834593,0.4890610050715479,2.0,216.0,0.5585651062,217.0,1.2502018124,,,,,,,,
129,fps__fps_thrA_ale2,1.5227911032499999,0.18219126824639048,2.0,218.0,1.6516197845,219.0,1.393962422,,,,,,,,
130,fps__fps_serB_ale1,-0.16155202215,0.19230327252953655,2.0,220.0,-0.2975309702,221.0,-0.025573074100000003,,,,,,,,
131,fps__fps_serB_ale4,0.62423758485,0.146687023529811,2.0,222.0,0.5205141958,223.0,0.7279609739,,,,,,,,
132,fps__fps_ptsI_ale1,2.2844923606,0.21649824379157354,2.0,224.0,2.1314049843,225.0,2.4375797369,,,,,,,,
133,fps__fps_ptsI_ale3,2.05935713105,0.08646332941031491,2.0,226.0,2.1204959376,227.0,1.9982183245,,,,,,,,
134,pal__lyx_ale2_f6,2.9265342871,,1.0,228.0,2.9265342871,,,,,,,,,,
135,pal__lyx_ale2,3.2182191645500002,0.19497263089268602,2.0,229.0,3.0803526951,230.0,3.3560856340000003,,,,,,,,
136,pal__lyx_ale4,2.5048555192500004,0.3104146127430405,2.0,231.0,2.7243517969,232.0,2.2853592416,,,,,,,,
137,pal__5drib_ale10_f18,3.5388749126,0.5284333033449188,2.0,233.0,3.9125336848,234.0,3.1652161404,,,,,,,,
138,pal__5drib_ale10,2.8657024159,,1.0,235.0,2.8657024159,,,,,,,,,,
139,pal__arab_ale14_f9,9.6556592737,0.05543763692128708,2.0,236.0,9.6948596027,237.0,9.6164589447,,,,,,,,
140,pal__arab_ale14,21.3413047869,0.2517152246812406,2.0,238.0,21.1633152446,239.0,21.5192943292,,,,,,,,
141,pal__arab_ale16,26.1756291338,0.5306246694033787,2.0,240.0,26.5508374358,241.0,25.8004208318,,,,,,,,
142,pal__tartr_ale26_f10,-1.05955067015,0.386514728923094,2.0,242.0,-0.7862434843,243.0,-1.332857856,,,,,,,,
143,pal__tartr_ale26,10.482347332749999,0.35370782914895565,2.0,244.0,10.2322381282,245.0,10.7324565373,,,,,,,,
144,pal__tartr_ale28_f10,9.9358958082,0.8685169058476053,2.0,246.0,10.5500300019,247.0,9.3217616145,,,,,,,,
145,pal__tartr_ale28,-0.33687919475,0.533101261901986,2.0,248.0,-0.7138387121,249.0,0.0400803226,,,,,,,,
146,efeU__delmenFentC_citr,0.7365206123000001,0.12354691303257728,2.0,250.0,0.8238814723000001,251.0,0.6491597523,,,,,,,,
147,efeU__delmenFentC,1.27066006,0.317648773531905,2.0,252.0,1.0460484582,253.0,1.4952716618,,,,,,,,
148,efeU__menFentC_ale39,1.644265018,0.3297221011072317,2.0,254.0,1.8774137516,255.0,1.4111162844,,,,,,,,
149,efeU__menFentC_ale29,1.3553165774,0.3545767568220428,2.0,256.0,1.1045929482,257.0,1.6060402066,,,,,,,,
150,efeU__menFentC_ale30,1.9446322629,0.9373904376758226,2.0,258.0,2.607467398,259.0,1.2817971278,,,,,,,,
151,efeU__menFentCubiC_ale36,0.5551116775,0.03293140105505044,2.0,260.0,0.5783976945,261.0,0.5318256605,,,,,,,,
152,efeU__menFentCubiC_ale37,0.6274135723,0.2744154388880178,2.0,262.0,0.4333725546,263.0,0.82145459,,,,,,,,
153,efeU__menFentCubiC_ale38,1.37099385115,0.30116653879722594,2.0,264.0,1.1580369493,265.0,1.5839507529999999,,,,,,,,
154,misc2__salc_glc,1.63593949295,0.1964801029299522,2.0,266.0,1.4970070798,267.0,1.7748719061,,,,,,,,
155,misc2__dbcn_glc,2.55404428625,0.2908636018238666,2.0,268.0,2.7597159115,269.0,2.348372661,,,,,,,,
156,misc2__tyr_glc,1.14067992885,0.09528077659917908,2.0,270.0,1.0733062456,271.0,1.2080536121,,,,,,,,
157,misc2__arg_cytd,0.55689648785,0.15763382181536997,2.0,272.0,0.6683604322000001,273.0,0.4454325435,,,,,,,,
158,misc2__delyheO_pyr,2.45922048165,0.03484393150445522,2.0,274.0,2.4345821014,275.0,2.4838588619,,,,,,,,
159,nquinone__delubiC,0.6056967498,0.14656877752761638,2.0,276.0,0.7093365263,277.0,0.5020569733,,,,,,,,
160,nquinone__ubiC_ale1,1.242666066,0.03916505786230589,2.0,278.0,1.214972188,279.0,1.270359944,,,,,,,,
161,nquinone__ubiC_ale2,1.2227074152,0.35166860623614504,2.0,280.0,1.4713746714,281.0,0.9740401590000001,,,,,,,,
162,nquinone__ubiC_ale3,1.09087215725,0.3555854821927757,2.0,282.0,1.342309063,283.0,0.8394352515,,,,,,,,
163,nquinone__ubiC_ale4,1.0661864663,0.1961282729707166,2.0,284.0,0.9275028345,285.0,1.2048700981,,,,,,,,
164,nquinone__delpdhR,1.07523930795,0.29890561011921607,2.0,286.0,0.8638811241000001,287.0,1.2865974918,,,,,,,,
165,quinone__glu_ale4,1.24497361935,0.39742749444211706,2.0,288.0,1.5259972956999999,289.0,0.963949943,,,,,,,,
166,quinone__delmenF,0.546328316,0.7003659110282928,2.0,290.0,0.051094831,291.0,1.041561801,,,,,,,,
167,quinone__menF_ale5,1.1630160380499999,0.07601839139457914,2.0,292.0,1.109262918,293.0,1.2167691581,,,,,,,,
168,quinone__menF_ale6,1.3200979204,0.7284759326386726,2.0,294.0,1.8352081923,295.0,0.8049876485,,,,,,,,
169,quinone__menF_ale7,1.9658463261,0.22543137294273288,2.0,296.0,1.8064422736,297.0,2.1252503786,,,,,,,,
170,quinone__menF_ale8,1.74669786145,0.47312864343997707,2.0,298.0,2.0812503336,299.0,1.4121453893,,,,,,,,
171,quinone__delmenFubiC,0.1499852528,0.34776193998219607,2.0,300.0,0.3958900788,301.0,-0.0959195732,,,,,,,,
172,quinone__menFubiC_ale1,-0.31864029995,0.05774944157865033,2.0,302.0,-0.3594753217,303.0,-0.2778052782,,,,,,,,
173,quinone__menFubiC_ale2,-0.5679310765,1.1080933903436685,2.0,304.0,0.21560927400000002,305.0,-1.351471427,,,,,,,,
174,quinone__menFubiC_ale3,1.1605141282,0.17395552563305017,2.0,306.0,1.0375089964,307.0,1.28351926,,,,,,,,
175,quinone__menFubiC_ale4,2.1001279316,0.13416097189848986,2.0,308.0,2.0052617986,309.0,2.1949940646,,,,,,,,
176,oxyR__wt_glc,0.9246283437,0.20533955671639126,2.0,310.0,0.7794313507,311.0,1.0698253367,,,,,,,,
177,oxyR__wt_h2o2,1.0557403491000001,0.11914699030127586,2.0,312.0,1.1399899939,313.0,0.9714907043000001,,,,,,,,
178,oxyR__glu_ale4,1.2931333232000002,0.32519656934153407,2.0,314.0,1.0631846238,315.0,1.5230820226000001,,,,,,,,
179,oxyR__glu_ale4_h2o2,1.0311880545,0.09854177848934713,2.0,316.0,0.9615084947,317.0,1.1008676143,,,,,,,,
180,oxyR__oxyR_ale17,1.3713552126500002,0.3506332838923662,2.0,318.0,1.6192903854,319.0,1.1234200399,,,,,,,,
181,oxyR__oxyR_ale17_h2o2,2.0861431233000003,0.5423390681623628,2.0,320.0,1.7026514905,321.0,2.4696347561,,,,,,,,
182,oxyR__oxyR_ale18,1.0493304597000002,0.0521675425571521,2.0,322.0,1.0862184828,323.0,1.0124424366,,,,,,,,
183,oxyR__oxyR_ale18_h2o2,0.55297711225,0.7224550750210212,2.0,324.0,1.0638299949,325.0,0.0421242296,,,,,,,,
184,oxyR__oxyR_ale19,0.72771870745,0.40090290574545145,2.0,326.0,1.0111998707,327.0,0.4442375442,,,,,,,,
185,oxyR__oxyR_ale19_h2o2,0.90445755475,0.03132770783618871,2.0,328.0,0.8823055201000001,329.0,0.9266095894,,,,,,,,
186,oxyR__oxyR_ale20,-0.010385201650000002,0.1341530214019742,2.0,330.0,-0.1052457128,331.0,0.0844753095,,,,,,,,
187,oxyR__oxyR_ale20_h2o2,0.3162270381,0.097306253639007,2.0,332.0,0.38503294990000003,333.0,0.24742112630000002,,,,,,,,
188,svns_pgi__BmePgi24_15,1.18256146135,0.1379816232087016,2.0,334.0,1.0849937199,335.0,1.2801292028,,,,,,,,
189,svns_pgi__BmePgi24_26,1.9204702816499999,0.07654476139965173,2.0,336.0,1.9745956015,337.0,1.8663449617999999,,,,,,,,
190,svns_pgi__BmePgi24_41,2.90343544105,0.9279528830835703,2.0,338.0,3.5595972173,339.0,2.2472736648,,,,,,,,
191,svns_pgi__BmePgi24_52,1.8696480339,0.06718094347827723,2.0,340.0,1.8221439332,341.0,1.9171521346,,,,,,,,
192,svns_pgi__PaePgi2_34,1.35195933855,0.18207044703200947,2.0,342.0,1.4807025863,343.0,1.2232160908,,,,,,,,
193,svns_pgi__PaePgi2_63,2.29515020725,0.055477155917206325,2.0,344.0,2.3343784804,345.0,2.2559219341,,,,,,,,
194,svns_pgi__PaePgi24_54,1.07602552265,0.034027732996174245,2.0,346.0,1.0519642819,347.0,1.1000867634,,,,,,,,
195,svns_pgi__PaePgi24_90,0.75161730295,0.35069244157705115,2.0,348.0,0.9995943065,349.0,0.5036402994,,,,,,,,
196,abx_media__m9_ctrl,0.5117717502,0.13844527814558372,2.0,350.0,0.41387615520000004,351.0,0.6096673452,,,,,,,,
197,abx_media__rpmi_ctrl,1.0352117115,0.5328740223191178,2.0,352.0,1.4120105461999999,353.0,0.6584128768,,,,,,,,
198,abx_media__camhb_ctrl,1.3099238977,0.020725786953149868,2.0,354.0,1.2952685532000001,355.0,1.3245792422,,,,,,,,
199,abx_media__m9_mero,1.0334122353500002,0.1844745340033541,2.0,356.0,1.1638554293,357.0,0.9029690414,,,,,,,,
200,abx_media__rpmi_mero,0.9493200222,0.013460937376428403,2.0,358.0,0.9588383423,359.0,0.9398017021,,,,,,,,
201,abx_media__camhb_mero,1.68975451425,0.3142967269767544,2.0,360.0,1.9119958611999999,361.0,1.4675131673,,,,,,,,
202,abx_media__m9_trisulf,0.9175458645500001,0.09389359403199435,2.0,362.0,0.9839386616,363.0,0.8511530675000001,,,,,,,,
203,abx_media__rpmi_trisulf,1.57142178785,0.1551636241783609,2.0,364.0,1.6811390387,365.0,1.4617045370000001,,,,,,,,
204,abx_media__camhb_trisulf,0.52057674155,0.46216780710491273,2.0,366.0,0.1937747511,367.0,0.847378732,,,,,,,,
205,abx_media__m9_cef,0.65469284255,0.030407096102119877,2.0,368.0,0.6331917787,369.0,0.6761939064,,,,,,,,
206,abx_media__rpmi_cef,1.2274446196,0.14239914547423324,2.0,370.0,1.328136021,371.0,1.1267532182,,,,,,,,
207,abx_media__camhb_cef,1.02015808205,0.10151413840148527,2.0,372.0,1.0919394177,373.0,0.9483767464,,,,,,,,
208,abx_media__m9_cipro,0.3438343238,0.26344943586512454,2.0,374.0,0.5301212064,375.0,0.1575474412,,,,,,,,
209,abx_media__rpmi_cipro,1.58444338775,0.38285877741933105,2.0,376.0,1.31372135,377.0,1.8551654255,,,,,,,,
210,abx_media__camhb_cipro,1.0862079965,0.021013095186369197,2.0,378.0,1.0713494944,379.0,1.1010664986,,,,,,,,
211,hot_tale__42c_ale3_30c,0.2946462314,0.09282989874577771,2.0,380.0,0.3602868823,381.0,0.2290055805,,,,,,,,
212,hot_tale__42c_ale3_37c,0.2864000336,0.0456057124015791,2.0,382.0,0.2541519251,383.0,0.31864814210000003,,,,,,,,
213,hot_tale__42c_ale3_44c,2.1546141435,0.34329350030085415,2.0,384.0,2.3973593055,385.0,1.9118689815,,,,,,,,
214,hot_tale__hot_ale3_mid_30c,0.67670692225,0.09613819137178617,2.0,386.0,0.6087269552,387.0,0.7446868893,,,,,,,,
215,hot_tale__hot_ale3_mid_37c,0.5647638612500001,0.003166534828364574,2.0,388.0,0.5670029395,389.0,0.5625247830000001,,,,,,,,
216,hot_tale__hot_ale3_mid_44c,2.04138995725,0.6522327254111392,2.0,390.0,2.5025881403,391.0,1.5801917742,,,,,,,,
217,hot_tale__hot_ale3_30c,0.6741743760000001,0.07436949071787584,2.0,392.0,0.6215872048000001,393.0,0.7267615472000001,,,,,,,,
218,hot_tale__hot_ale3_37c,0.7598522698500001,0.22151930135241643,2.0,394.0,0.91649007,395.0,0.6032144697,,,,,,,,
219,hot_tale__hot_ale3_44c,1.8015242225,0.3276721779010539,2.0,396.0,1.5698250035,397.0,2.0332234415,,,,,,,,
220,hot_tale__hot_ale4_30c,0.11296428635,0.31110386917922134,2.0,398.0,0.3329479419,399.0,-0.1070193692,,,,,,,,
221,hot_tale__hot_ale4_37c,0.9162616405499999,0.2716213888200991,2.0,400.0,1.1083269665,401.0,0.7241963146,,,,,,,,
222,hot_tale__hot_ale4_44c,0.9398331301,0.4211823146431253,2.0,402.0,0.6420122593,403.0,1.2376540009,,,,,,,,
223,hot_tale__hot_ale8_30c,0.30878705935,0.8361895337191101,2.0,404.0,-0.28248823030000003,405.0,0.900062349,,,,,,,,
224,hot_tale__hot_ale8_37c,0.41043251375,0.2459460557826547,2.0,406.0,0.23652238990000002,407.0,0.5843426376,,,,,,,,
225,hot_tale__hot_ale8_44c,0.5552473216,0.35160496280746173,2.0,408.0,0.3066250681,409.0,0.8038695751,,,,,,,,
226,hot_tale__hot_ale9_mid_30c,1.30469193005,0.21501464007299564,2.0,410.0,1.4567302401,411.0,1.15265362,,,,,,,,
227,hot_tale__hot_ale9_30c,0.84785367165,0.20404544898846874,2.0,412.0,0.703571751,413.0,0.9921355923,,,,,,,,
228,hot_tale__hot_ale9_mid_37c,0.9063619784,0.020623743666450128,2.0,414.0,0.9209451674,415.0,0.8917787894,,,,,,,,
229,hot_tale__hot_ale9_37c,0.617692594,0.17615382657055714,2.0,416.0,0.49313302870000003,417.0,0.7422521593,,,,,,,,
230,hot_tale__hot_ale9_mid_44c,1.58408125825,0.36055248858197525,2.0,418.0,1.3291321486,419.0,1.8390303679,,,,,,,,
231,hot_tale__hot_ale9_44c,1.4239168777,0.4789374755135539,2.0,420.0,1.085256941,421.0,1.7625768144,,,,,,,,
232,hot_tale__hot_ale10_30c,0.24624641935000002,0.05573219886799996,2.0,422.0,0.2068378036,423.0,0.2856550351,,,,,,,,
233,hot_tale__hot_ale10_37c,0.64932024305,0.2892873256097853,2.0,424.0,0.4447632134,425.0,0.8538772727,,,,,,,,
234,hot_tale__hot_ale10_44c,2.7593291129499997,0.28272090816968004,2.0,426.0,2.5594152416,427.0,2.9592429843,,,,,,,,
235,hot_tale__hot_ale16_30c,0.84003867575,0.39036668986091655,2.0,428.0,0.5640077422,429.0,1.1160696093,,,,,,,,
236,hot_tale__hot_ale16_37c,1.0098406897,0.4883765613455411,2.0,430.0,1.355175068,431.0,0.6645063114,,,,,,,,
237,hot_tale__hot_ale16_44c,1.9016851515,0.12947386255633572,2.0,432.0,1.8101333053,433.0,1.9932369977,,,,,,,,
238,pdhr_ale__pdhR-13_51,0.85118740415,0.19089408479932146,2.0,434.0,0.9861699060000001,435.0,0.7162049023,,,,,,,,
239,pdhr_ale__pdhR-14_46,1.5206330729500002,0.022272839646046375,2.0,436.0,1.5048837970000002,437.0,1.5363823489000001,,,,,,,,
240,pdhr_ale__pdhR-15_51,1.1242437244999999,0.07567184578574083,2.0,438.0,1.0707356492,439.0,1.1777517998,,,,,,,,
241,pdhr_ale__pdhR-16_49,1.98257101485,0.5023716271733558,2.0,440.0,1.6273406306,441.0,2.3378013991,,,,,,,,
242,tcs__del_atoC_LiAcet,0.14310676020000002,0.03370400982438409,2.0,442.0,0.16693909410000002,443.0,0.1192744263,,,,,,,,
243,tcs__del_atoC_LiCl,0.41962175155000003,0.13613079312925602,2.0,444.0,0.5158807585,445.0,0.32336274460000003,,,,,,,,
244,tcs__del_atoC_m9,0.422642205,0.23173428011118247,2.0,446.0,0.2587813241,447.0,0.5865030859,,,,,,,,
245,tcs__del_baeR_etoh,1.203385666,0.47261713957716156,2.0,448.0,0.8691948817,449.0,1.5375764503,,,,,,,,
246,tcs__del_baeR_lb,3.0720121312,0.34885625970955236,2.0,450.0,2.8253335043,451.0,3.3186907581,,,,,,,,
247,tcs__del_btsR_01xlb,2.62207237185,0.21249236571860855,2.0,452.0,2.4718175791,453.0,2.7723271646,,,,,,,,
248,tcs__del_btsR_lb,1.0655612657,0.014872617092361751,2.0,454.0,1.0760777941,455.0,1.0550447373,,,,,,,,
249,tcs__del_btsR_pyruvate,2.2966071456500003,0.30845318593042714,2.0,456.0,2.0784978062,457.0,2.5147164851,,,,,,,,
250,tcs__del_cpxR_etoh,-0.13936449995,0.26027908124592797,2.0,458.0,-0.3234096033,459.0,0.044680603400000005,,,,,,,,
251,tcs__del_cpxR_lb,2.8125463227500003,0.028819890987049804,2.0,460.0,2.7921675824000003,461.0,2.8329250631000003,,,,,,,,
252,tcs__del_cusR_CuSO4,1.45416354295,0.20931337767916727,2.0,462.0,1.3061566342,463.0,1.6021704517000002,,,,,,,,
253,tcs__del_cusR_lb,1.411126675,0.18217291649196632,2.0,464.0,1.5399423796,465.0,1.2823109704,,,,,,,,
254,tcs__del_kdpE_01-kcl,1.31944337985,0.1510570370584816,2.0,466.0,1.4262568351,467.0,1.2126299246,,,,,,,,
255,tcs__del_kdpE_115-kcl,0.01950901640000001,0.21540465719252774,2.0,468.0,0.17182311020000002,469.0,-0.1328050774,,,,,,,,
256,tcs__del_phoB_m9,0.4662338104,0.19017829481757256,2.0,470.0,0.3317574485,471.0,0.6007101723,,,,,,,,
257,tcs__del_phoB_m9p,0.9380125896,0.32620703822545705,2.0,472.0,0.7073493808,473.0,1.1686757984,,,,,,,,
258,tcs__del_rcsB_etoh,1.5643152334,0.04581574744006479,2.0,474.0,1.5319186077,475.0,1.5967118591,,,,,,,,
259,tcs__del_rcsB_lb,2.04023890805,0.24977690109777748,2.0,476.0,2.2168578486,477.0,1.8636199675,,,,,,,,
260,tcs__del_zraR_lb,1.0941216401,0.29174536334361023,2.0,478.0,0.8878265153,479.0,1.3004167649,,,,,,,,
261,tcs__del_zraR_zncl2,1.0629754736,0.14302817649448962,2.0,480.0,0.9618392801000001,481.0,1.1641116671,,,,,,,,
262,tcs__wt_01-kcl,1.2683972190000001,0.39060899095964524,2.0,482.0,1.5445994853,483.0,0.9921949527,,,,,,,,
263,tcs__wt_01xlb,3.07535328385,0.5871091026073422,2.0,484.0,3.4905021116,485.0,2.6602044561,,,,,,,,
264,tcs__wt_115-kcl,0.1286325023,0.024969405993211687,2.0,486.0,0.14628853860000002,487.0,0.11097646600000001,,,,,,,,
265,tcs__wt_CuSO4,2.1633938996,0.028050452106705384,2.0,488.0,2.1435592347,489.0,2.1832285645,,,,,,,,
266,tcs__wt_etoh,1.1047097529499998,0.06380137759999507,2.0,490.0,1.1498241397,491.0,1.0595953662,,,,,,,,
267,tcs__wt_lb,1.5229277860000001,0.6885620246534597,2.0,492.0,2.0098146629,493.0,1.0360409091,,,,,,,,
268,tcs__wt_LiAcet,0.6160308774000001,0.14435772462641738,2.0,494.0,0.5139545514,495.0,0.7181072034,,,,,,,,
269,tcs__wt_LiCl,0.18283877929999998,0.15569431368662776,2.0,496.0,0.0727462743,497.0,0.2929312843,,,,,,,,
270,tcs__wt_m9p,0.8834683441,0.2543972224366815,2.0,498.0,0.703582343,499.0,1.0633543452,,,,,,,,
271,tcs__wt_pyr,4.3392871125,0.17755090566282983,2.0,500.0,4.4648345619,501.0,4.2137396631,,,,,,,,
272,tcs__wt_zncl2,1.18734880925,0.39656774197449146,2.0,502.0,1.4677645488,503.0,0.9069330697,,,,,,,,
273,ros_tale__1_112_0pq,0.29785983545000005,0.3859779298001058,2.0,504.0,0.5707874470000001,505.0,0.0249322239,,,,,,,,
274,ros_tale__1_112_250pq,0.033169528850000005,0.044563247147939376,2.0,506.0,0.06468050310000001,507.0,0.0016585546,,,,,,,,
275,ros_tale__1_112_750pq,0.05463875216666667,0.3808636285434246,3.0,508.0,-0.3325382501,509.0,0.4288583144,510.0,0.0675961922,,,,,,
276,ros_tale__3_76_0pq,2.5198449649,0.3085112773037286,4.0,511.0,2.1937753401,512.0,2.8582674725,513.0,2.6934046272,514.0,2.3339324198,,,,
277,ros_tale__3_76_250pq,2.09875501365,0.8086378089749228,2.0,515.0,2.6705482919,516.0,1.5269617354,,,,,,,,
278,ros_tale__3_76_750pq,1.51930175825,0.08113949035211361,2.0,517.0,1.4619274744,518.0,1.5766760421,,,,,,,,
279,ros_tale__7_103_0pq,1.812300117725,0.13937970273585093,4.0,519.0,1.6541781530000002,520.0,1.8352432707,521.0,1.9885507058,522.0,1.7712283414,,,,
280,ros_tale__7_103_250pq,1.74284481145,0.020767609561540695,2.0,523.0,1.7281598939,524.0,1.757529729,,,,,,,,
281,ros_tale__7_103_750pq,1.8156168924,0.13992113162028644,2.0,525.0,1.9145560734,526.0,1.7166777114,,,,,,,,
282,ros_tale__9_77_0pq,1.5439578054,0.2362126875939762,2.0,527.0,1.3769302122,528.0,1.7109853986,,,,,,,,
283,ros_tale__9_77_250pq,1.66567128395,0.4946914940668864,2.0,529.0,1.3158715739,530.0,2.015470994,,,,,,,,
284,ros_tale__9_77_750pq,0.9830098469499999,0.13971236463639145,2.0,531.0,1.0818014074,532.0,0.8842182865,,,,,,,,
285,ros_tale__11_83_0pq,1.0515547570000001,0.20958599159707714,2.0,533.0,1.1997544329,534.0,0.9033550811000001,,,,,,,,
286,ros_tale__11_83_250pq,0.95411783075,0.016265225219167793,2.0,535.0,0.9426165797,536.0,0.9656190818,,,,,,,,
287,ros_tale__11_83_750pq,1.06800038805,0.5012353699327566,2.0,537.0,1.4224273171,538.0,0.713573459,,,,,,,,
288,ros_tale__13_87_0pq,0.6926535022,0.09767511377009261,2.0,539.0,0.6235867669,540.0,0.7617202375000001,,,,,,,,
289,ros_tale__13_87_250pq,0.64106258245,0.3698798426329896,2.0,541.0,0.9026071274,542.0,0.3795180375,,,,,,,,
290,ros_tale__13_87_750pq,0.5934616424500001,0.04748789255514328,2.0,543.0,0.6270406533,544.0,0.5598826316000001,,,,,,,,
291,ros_tale__14_27_0pq,0.90811327455,0.06904792027036054,2.0,545.0,0.8592890219,546.0,0.9569375272,,,,,,,,
292,ros_tale__14_27_250pq,0.08022509905,0.23991184975674137,2.0,547.0,0.2498683949,548.0,-0.0894181968,,,,,,,,
293,ros_tale__14_27_750pq,1.0566206459,0.32183198557102083,2.0,549.0,1.2841902253,550.0,0.8290510665,,,,,,,,
294,ros_tale__16_28_250pq,1.85515575925,0.011177769978018014,2.0,551.0,1.8472518823000001,552.0,1.8630596362,,,,,,,,
295,ros_tale__16_32_0pq,1.8129255356,0.19993716294271296,4.0,553.0,1.5927099563,554.0,1.7276616237,555.0,1.8721214103000001,556.0,2.0592091521,,,,
296,ros_tale__16_32_250pq,1.8015651844,0.03772163272885267,2.0,557.0,1.7748919620999999,558.0,1.8282384067000002,,,,,,,,
297,ros_tale__16_32_750pq,1.6491984914,0.33803640080908826,2.0,559.0,1.8882263227,560.0,1.4101706601,,,,,,,,
298,ros_tale__17_104_0pq,0.76231329825,0.28341918813691713,2.0,561.0,0.5619056684,562.0,0.9627209281,,,,,,,,
299,ros_tale__17_104_250pq,0.052481193450000005,0.28552823428321544,4.0,563.0,0.23673215320000002,564.0,-0.11576575680000001,565.0,0.3463033106,566.0,-0.2573449332,,,,
300,ros_tale__17_104_750pq,0.004565686149999998,0.11624984123623315,2.0,567.0,-0.0776353649,568.0,0.0867667372,,,,,,,,
301,ros_tale__18_24_250pq,1.76423179225,0.01727892275265375,2.0,569.0,1.7764498357,570.0,1.7520137488,,,,,,,,
302,ros_tale__18_36_0pq,1.5706766050749998,0.21120197792440368,4.0,571.0,1.8724873153,572.0,1.482305727,573.0,1.3860419004,574.0,1.5418714776,,,,
303,ros_tale__18_36_250pq,0.9621805720500001,0.1518177899098365,2.0,575.0,1.0695319608,576.0,0.8548291833,,,,,,,,
304,ros_tale__18_36_750pq,2.62568871445,0.2785238378276027,2.0,577.0,2.42874262,578.0,2.8226348089,,,,,,,,
305,ros_tale__19_91_0pq,1.5223355369,0.08562818065243011,2.0,579.0,1.4617872697,580.0,1.5828838041000002,,,,,,,,
306,ros_tale__19_91_250pq,0.9254647287500001,0.9189047212355621,2.0,581.0,0.2757009691,582.0,1.5752284884,,,,,,,,
307,ros_tale__19_91_750pq,1.538509322675,0.3677131639843889,4.0,583.0,1.9065345054,584.0,1.7905741383,585.0,1.1436000098,586.0,1.3133286372000001,,,,
308,ros_tale__21_97_0pq,1.4534087503,0.7395609824621902,2.0,587.0,0.9304601645,588.0,1.9763573361,,,,,,,,
309,ros_tale__21_97_250pq,0.8933232889,0.4630295580684341,2.0,589.0,0.5659119485,590.0,1.2207346293,,,,,,,,
310,ros_tale__21_97_750pq,1.41795149895,0.019497816478106538,2.0,591.0,1.4317385372,592.0,1.4041644607000001,,,,,,,,
311,ros_tale__25_111_0pq,1.2971441517,0.07862546673178143,2.0,593.0,1.3527407524,594.0,1.241547551,,,,,,,,
312,ros_tale__25_111_250pq,1.50034667115,0.17623007834954524,2.0,595.0,1.6249601546,596.0,1.3757331877,,,,,,,,
313,ros_tale__25_111_750pq,0.8876356295,0.4692002400871783,2.0,597.0,1.219410301,598.0,0.555860958,,,,,,,,
314,ros_tale__29_119_0pq,1.1416940954,0.26380155269758115,2.0,599.0,0.9551582286,600.0,1.3282299622,,,,,,,,
315,ros_tale__29_119_250pq,1.9969874475,0.29612991696760127,2.0,601.0,1.7875919751,602.0,2.2063829199000002,,,,,,,,
316,ros_tale__29_119_750pq,1.31175782545,0.016566716741625406,2.0,603.0,1.3234722632,604.0,1.3000433877,,,,,,,,
317,ros_tale__ALE4_0pq,0.7654680942000001,0.304307653136807,2.0,605.0,0.5502900891,606.0,0.9806460993,,,,,,,,
318,ros_tale__ALE4_250pq,2.4933850620999998,0.42115300534988775,2.0,607.0,2.1955849161,608.0,2.7911852081,,,,,,,,
319,pcoli__atASMT_325G,2.4427566273,0.14100803917151983,2.0,609.0,2.542464368,610.0,2.3430488866,,,,,,,,
320,pcoli__bpTDC,3.0895179253,0.14310872430072685,2.0,611.0,3.1907110747,612.0,2.9883247759,,,,,,,,
321,pcoli__BRCA,3.3583467568499996,0.07365022488203339,2.0,613.0,3.4104253303,614.0,3.3062681834,,,,,,,,
322,pcoli__BRCActrl,2.77627010305,0.011110324719014854,2.0,615.0,2.784126289,616.0,2.7684139171,,,,,,,,
323,pcoli__BRCAswap,2.98324510035,0.24429401703676693,2.0,617.0,2.8105031443,618.0,3.1559870564,,,,,,,,
324,pcoli__btAANAT,2.5108483584,0.049762501981602425,2.0,619.0,2.4756609558,620.0,2.546035761,,,,,,,,
325,pcoli__btASMT,3.0748600188,0.33615055381188863,2.0,621.0,2.8371656827000002,622.0,3.3125543549,,,,,,,,
326,pcoli__CC1,2.2356544019999998,0.24296137184784825,2.0,623.0,2.4074540356,624.0,2.0638547684,,,,,,,,
327,pcoli__ccCOMT,2.32453349835,0.02632048573875841,2.0,625.0,2.3431448923,626.0,2.3059221044,,,,,,,,
328,pcoli__ckDDC,2.69910142375,0.3634476114325365,2.0,627.0,2.4421051531,628.0,2.9560976944,,,,,,,,
329,pcoli__CNTF_belt,2.6000889401,0.05200914399136233,2.0,629.0,2.5633129217,630.0,2.6368649585,,,,,,,,
330,pcoli__cobPNMT,2.19639730985,0.15489114538855675,2.0,631.0,2.3059218891,632.0,2.0868727306,,,,,,,,
331,pcoli__cvPhhB,2.6225194895,0.37323984682643424,2.0,633.0,2.3585990628,634.0,2.8864399162,,,,,,,,
332,pcoli__ggAANAT,2.2761212578,0.0004228444811379574,2.0,635.0,2.2758222616,636.0,2.276420254,,,,,,,,
333,pcoli__ggTPH,2.3960011223,0.028226710634152816,2.0,637.0,2.3760418238,638.0,2.4159604208,,,,,,,,
334,pcoli__hsAANAT,3.0695070927,0.019885417838031442,2.0,639.0,3.0554459789,640.0,3.0835682065,,,,,,,,
335,pcoli__hsASMT,3.1844565171,0.20695401287828008,2.0,641.0,3.330795103,642.0,3.0381179312,,,,,,,,
336,pcoli__hsPNMT_mb,1.96164880775,0.1543393906743039,2.0,643.0,1.852514378,644.0,2.0707832375,,,,,,,,
337,pcoli__hsTPH,2.68385914955,0.3999071114485585,2.0,645.0,2.9666361799,646.0,2.4010821192,,,,,,,,
338,pcoli__hsTPH_E2K,2.4159363640000002,0.07596723327962042,2.0,647.0,2.4696533098,648.0,2.3622194182,,,,,,,,
339,pcoli__hsTPH_E2K_N91I_P99C,2.6908182173500004,0.3084093446028869,2.0,649.0,2.4727398784,650.0,2.9088965563,,,,,,,,
340,pcoli__hsTPH_N158trunc,2.40878514005,0.13929664651881563,2.0,651.0,2.3102875367,652.0,2.5072827434000002,,,,,,,,
341,pcoli__hsTPH_N174trunc,2.57571527135,0.1626005648780042,2.0,653.0,2.6906912334,654.0,2.4607393093,,,,,,,,
342,pcoli__hsTPH_Ntermtrunc,3.67210255605,0.13387751944783763,2.0,655.0,3.5774368542,656.0,3.7667682579,,,,,,,,
343,pcoli__hsTPH1,2.5188739541,0.22699324496741768,2.0,657.0,2.3583654913,658.0,2.6793824169000002,,,,,,,,
344,pcoli__MBP,3.2255989714,0.5731758874096774,2.0,659.0,3.6308955282,660.0,2.8203024146,,,,,,,,
345,pcoli__msCOMT,2.83119067075,0.03064334373040561,2.0,661.0,2.8095225546,662.0,2.8528587869,,,,,,,,
346,pcoli__ocAANAT,2.23192075365,0.035374462267249926,2.0,663.0,2.2069072315,664.0,2.2569342758,,,,,,,,
347,pcoli__osTDC_K374H,3.1177201004999997,0.5145774906718181,2.0,665.0,2.7538588674,666.0,3.4815813336,,,,,,,,
348,pcoli__osTDC_K374L,2.57635056205,0.40131390364242037,2.0,667.0,2.8601223447,668.0,2.2925787794,,,,,,,,
349,pcoli__osTDC_K374Q,2.3650557747,0.21565914987282434,2.0,669.0,2.517549822,670.0,2.2125617274,,,,,,,,
350,pcoli__osTDC_L360V,2.7408706444,0.0696192333460491,2.0,671.0,2.6916424124000002,672.0,2.7900988764,,,,,,,,
351,pcoli__pmTPH,1.7874496685999999,0.14225659204003932,2.0,673.0,1.6868590677,674.0,1.8880402695,,,,,,,,
352,pcoli__RFC,2.04307182335,0.05279935300203348,2.0,675.0,2.0804066039,676.0,2.0057370428,,,,,,,,
353,pcoli__RFCctrl,3.1783790203,0.09461515174233587,2.0,677.0,3.1114760049,678.0,3.2452820357,,,,,,,,
354,pcoli__RFCnopause,3.34005652925,0.25104360553879146,2.0,679.0,3.5175711651,680.0,3.1625418934,,,,,,,,
355,pcoli__RFCpluspause,2.9718470742500003,0.20799594964031176,2.0,681.0,2.8247717278,682.0,3.1189224207,,,,,,,,
356,pcoli__rnCOMT_sol,3.27610668835,0.14582155721512932,2.0,683.0,3.1729952764,684.0,3.3792181003,,,,,,,,
357,pcoli__rnPNMT,2.63836503805,0.14291554110176088,2.0,685.0,2.5373084898,686.0,2.7394215862999998,,,,,,,,
358,pcoli__rnTDC,2.91722415,0.09063180753614214,2.0,687.0,2.8531377843,688.0,2.9813105157,,,,,,,,
359,pcoli__rnTDC_trunc,2.6849975998,0.399394831889604,2.0,689.0,2.9674123938,690.0,2.4025828058,,,,,,,,
360,pcoli__saCOMT_T2A,1.95253733375,0.06346246994647513,2.0,691.0,1.9974120766,692.0,1.9076625909,,,,,,,,
361,pcoli__sfCOMT,2.4120172117,0.16827919002605063,2.0,693.0,2.5310085681,694.0,2.2930258553,,,,,,,,
362,pcoli__sgAANAT_D63G,2.19054547255,0.05716511017214529,2.0,695.0,2.2309673096,696.0,2.1501236355,,,,,,,,
363,pcoli__ssDDC,3.325436388,0.10160111373765299,2.0,697.0,3.3972792245,698.0,3.2535935515,,,,,,,,
364,pcoli__TP53B,2.6332682433,0.15162702034915768,2.0,699.0,2.7404847376,700.0,2.526051749,,,,,,,,
365,pcoli__WT,3.0057061313,0.26552999008853506,2.0,701.0,3.1934641879,702.0,2.8179480747000003,,,,,,,,
366,cck__glu_ale4,1.3142390713,0.0691495878712276,2.0,703.0,1.3631352138000001,704.0,1.2653429288,,,,,,,,
367,cck__cck_ale1,1.0012447809,0.15943262884684203,2.0,705.0,1.1139806739,706.0,0.8885088879,,,,,,,,
368,cck__cck_ale2,1.01244283935,0.02451745367355804,2.0,707.0,0.9951063816000001,708.0,1.0297792971,,,,,,,,
369,cck_pgi__gmos_delpgi,2.76572611045,0.36132681265093874,2.0,709.0,2.510229471,710.0,3.0212227499,,,,,,,,
370,cck_pgi__pgi_ale1,5.06527156915,0.7857028511559827,2.0,711.0,4.5096957551,712.0,5.6208473832,,,,,,,,
371,cck_pgi__pgi_ale2,3.6862634197,,1.0,713.0,3.6862634197,,,,,,,,,,
372,cck_pgi__pgi_ale3,4.9571801692,0.15351289591347111,2.0,714.0,5.0657301789,715.0,4.8486301595,,,,,,,,
373,cck_pgi__pgi_ale4,4.2539359040999996,0.2455986891870717,3.0,716.0,4.4126437517,717.0,3.9710443168,718.0,4.3781196438,,,,,,
374,cck_pgi__pgi_ale5,6.3446000007,0.046540954599214944,2.0,719.0,6.3775094253,720.0,6.3116905761,,,,,,,,
375,cck_pgi__pgi_ale6,9.3750597211,1.4652917578606184,2.0,721.0,8.3389419827,722.0,10.4111774595,,,,,,,,
376,cck_pgi__pgi_ale7,1.67141767685,0.22674268443722054,2.0,723.0,1.5110863871,724.0,1.8317489666000002,,,,,,,,
377,cck_pgi__pgi_ale8,9.995199843350001,0.33057359732536984,2.0,725.0,10.2289506757,726.0,9.761449011,,,,,,,,
378,cck_sdh__gmos_delsdhCB,0.8848906333,0.14013967357761387,2.0,727.0,0.9839843468,728.0,0.7857969198,,,,,,,,
379,cck_sdh__sdh_ale1,1.1192763617,0.3321923940622347,2.0,729.0,0.8843808672000001,730.0,1.3541718562,,,,,,,,
380,cck_sdh__sdh_ale2,1.0475050588,,1.0,731.0,1.0475050588,,,,,,,,,,
381,cck_sdh__sdh_ale3,1.3719185918666668,0.0966990082732708,3.0,732.0,1.2777324116,733.0,1.4709483818,734.0,1.3670749822000001,,,,,,
382,cck_pts__gmos_delptsHIcrr,0.9774773371,0.8151884387712137,2.0,735.0,1.5539026101,736.0,0.4010520641,,,,,,,,
383,cck_pts__pts_ale1,0.006829946249999996,0.22281561207151585,2.0,737.0,-0.15072448400000002,738.0,0.1643843765,,,,,,,,
384,cck_pts__pts_ale2,0.91127415945,0.0010454112019114817,2.0,739.0,0.9120133768,740.0,0.9105349421000001,,,,,,,,
385,cck_pts__pts_ale3,0.3615599129,0.13186231341684929,2.0,741.0,0.4548006489,742.0,0.2683191769,,,,,,,,
386,cck_pts__pts_ale4,0.9358021786499999,0.3567145994933625,2.0,743.0,0.6835668664,744.0,1.1880374909,,,,,,,,
387,cck_gnd__gmos_delgnd,1.0979698453,0.4154589123117136,2.0,745.0,0.8041960311,746.0,1.3917436595,,,,,,,,
388,cck_gnd__gnd_ale1,1.2248666806,0.05202408445054223,2.0,747.0,1.1880800977,748.0,1.2616532635,,,,,,,,
389,cck_gnd__gnd_ale2,1.4481595768500002,0.3030011168758342,2.0,749.0,1.6624137213,750.0,1.2339054324,,,,,,,,
390,cck_gnd__gnd_ale3,0.6988344125,0.448940355751236,2.0,751.0,0.3813856426,752.0,1.0162831824,,,,,,,,
391,cck_tpiA__gmos_deltpiA,4.130109854600001,1.9534159847571806,2.0,753.0,2.7488361653,754.0,5.5113835439,,,,,,,,
392,cck_tpiA__tpiA_ale1,1.32268545155,0.26835428778038994,2.0,755.0,1.5124405882,756.0,1.1329303149,,,,,,,,
393,cck_tpiA__tpiA_ale2,2.12767087435,0.3023072069699263,2.0,757.0,1.9139073983000001,758.0,2.3414343504,,,,,,,,
394,cck_tpiA__tpiA_ale3,1.6587915544,0.3047639798311411,2.0,759.0,1.4432908776,760.0,1.8742922312,,,,,,,,
395,cck_tpiA__tpiA_ale4,1.86229667245,0.21404359875608492,2.0,761.0,2.0136483526,762.0,1.7109449923,,,,,,,,
396,acid_tale__acid_ale1_pH7,1.6081395171000001,0.25754319396345315,2.0,763.0,1.4260289782,764.0,1.790250056,,,,,,,,
397,acid_tale__acid_ale1_pH5,-0.0185167304,0.008518666572384155,2.0,765.0,-0.0124931235,766.0,-0.0245403373,,,,,,,,
398,acid_tale__acid_ale2_pH7,0.79997165575,0.29176374097814256,2.0,767.0,0.593663536,768.0,1.0062797755,,,,,,,,
399,acid_tale__acid_ale2_pH5,0.05300229075,0.01190054157857098,2.0,769.0,0.0614172444,770.0,0.0445873371,,,,,,,,
400,acid_tale__low_Mg_ale_pH7,1.7083783670000001,0.31907909343111873,2.0,771.0,1.9340013577000001,772.0,1.4827553763,,,,,,,,
401,acid_tale__low_Mg_ale_pH5,0.6338450067000001,0.19374142201000621,2.0,773.0,0.7708408800000001,774.0,0.49684913340000003,,,,,,,,
402,acid_tale__MES_ale_pH7,0.6504389247,0.15957624463826414,2.0,775.0,0.7632763694,776.0,0.53760148,,,,,,,,
403,acid_tale__MES_ale_pH5,0.6178847133,0.3364216236207207,2.0,777.0,0.8557707247,778.0,0.3799987019,,,,,,,,
404,acid_tale__gmos_pH7,0.89323431295,0.07331156669578584,2.0,779.0,0.9450734189000001,780.0,0.841395207,,,,,,,,
405,acid_tale__gmos_pH5,1.1013752689,0.2692871441290352,2.0,781.0,1.2917900346,782.0,0.9109605032,,,,,,,,
406,adnB__wt_adn,1.6297749249,0.008382993852856506,2.0,783.0,1.6238472531,784.0,1.6357025967,,,,,,,,
407,adnB__delydhB_adn,1.7314345542000003,1.2539886182566131,2.0,785.0,2.6181384097000002,786.0,0.8447306987000001,,,,,,,,
408,ytf2__wt_glc,0.19073533774999998,0.5948119802276925,2.0,787.0,-0.22986024700000002,788.0,0.6113309225,,,,,,,,
409,ytf2__ybcM_glc,0.7353823501500001,0.016176826123496423,2.0,789.0,0.7468210936,790.0,0.7239436067,,,,,,,,
410,ytf2__ydhB_glc,0.6931205520500001,0.20987850491402327,2.0,791.0,0.5447140380000001,792.0,0.8415270661,,,,,,,,
411,ytf2__yfeC_glc,1.005327123,0.1588976312905109,2.0,793.0,0.8929695304,794.0,1.1176847156,,,,,,,,
412,ytf2__yciT_glc,0.7131255623000001,0.28420675355817576,2.0,795.0,0.5121610396,796.0,0.9140900850000001,,,,,,,,
413,ytf2__ydiZ_glc,-0.09462568529999998,0.22953429031983918,2.0,797.0,0.0676795679,798.0,-0.2569309385,,,,,,,,
414,ytf2__ynfL_glc,-0.24624539755000002,0.11702840115765861,2.0,799.0,-0.3289969736,800.0,-0.1634938215,,,,,,,,
415,misc2__dellon_glc,0.131449399,0.2719641492863378,2.0,801.0,0.3237570932,802.0,-0.0608582952,,,,,,,,
416,ytf3__wt_glc2,0.22451790755,0.03220977645240734,2.0,803.0,0.2017421562,804.0,0.24729365890000002,,,,,,,,
417,ytf3__wt_pH7_lactate,0.82233740915,0.061955290227152224,2.0,805.0,0.866146415,806.0,0.7785284033000001,,,,,,,,
418,ytf3__wt_pH55_lactate,0.5546618066,0.15918702789289765,2.0,807.0,0.6672240335,808.0,0.4420995797,,,,,,,,
419,ytf3__wt_pH55_HCl,0.28101119010000003,0.36640386500783434,2.0,809.0,0.0219245325,810.0,0.5400978477,,,,,,,,
420,ytf3__dyieP_pH7,0.7162395639500001,0.010601095265161124,2.0,811.0,0.7087434576,812.0,0.7237356703000001,,,,,,,,
421,ytf3__dyieP_pH55,0.67578058985,0.0879908689966099,2.0,813.0,0.7379995300000001,814.0,0.6135616497,,,,,,,,
