,b1127
p1k_00001,0.005188882499999714
p1k_00002,-0.005188882499999714
p1k_00003,1.4818923994999995
p1k_00004,1.5206883875
p1k_00005,-0.2799751585000001
p1k_00006,-0.3213009385000003
p1k_00007,1.4050449215
p1k_00008,1.1120148854999998
p1k_00009,0.10226729950000024
p1k_00010,0.22051506850000013
p1k_00011,0.8048251815
p1k_00012,0.7661180335000006
p1k_00014,0.7030238704999999
p1k_00015,0.6406126565000001
p1k_00016,0.6419956774999998
p1k_00017,0.8229086535000008
p1k_00018,0.7798107785000008
p1k_00019,1.3542151024999995
p1k_00020,1.391025314499999
p1k_00021,1.1064639484999998
p1k_00022,1.0622232924999997
p1k_00023,1.2795618204999997
p1k_00024,1.2455848304999997
p1k_00025,1.4980946624999998
p1k_00026,1.3972830104999998
p1k_00027,0.5753097765000001
p1k_00028,0.6890480864999997
p1k_00029,0.5636092564999995
p1k_00030,0.5637825204999993
p1k_00031,1.2036106264999995
p1k_00032,1.1972491035000008
p1k_00033,1.0616348215000002
p1k_00034,0.9437319384999999
p1k_00035,0.9813193475000004
p1k_00036,0.9330371644999992
p1k_00037,1.4784496334999997
p1k_00038,1.4567555215
p1k_00039,0.03602719249999975
p1k_00040,0.07983804449999976
p1k_00041,1.2909494905
p1k_00042,0.6673280725000001
p1k_00043,-0.01076078149999926
p1k_00044,-0.15351048249999974
p1k_00045,-0.5603731544999997
p1k_00046,-0.4260184725
p1k_00047,0.015488335499999728
p1k_00048,0.012024775499999585
p1k_00049,0.8679945895000003
p1k_00050,-0.4483286504999997
p1k_00051,-0.5403161944999999
p1k_00052,-0.4621992854999997
p1k_00053,-0.6454552264999993
p1k_00054,1.7431491004999984
p1k_00055,1.8114163094999995
p1k_00056,0.1971898164999999
p1k_00057,0.22151682249999996
p1k_00058,-0.2334625765
p1k_00059,-0.22874499949999996
p1k_00060,0.25619226049999977
p1k_00061,0.2798271444999996
p1k_00062,0.017291496499999504
p1k_00063,-0.1720207114999992
p1k_00064,0.7486589535000006
p1k_00065,0.9579187354999998
p1k_00066,0.2288109794999995
p1k_00067,0.3950281485000007
p1k_00068,0.6285141764999995
p1k_00070,0.7230937935000004
p1k_00071,0.4396607944999991
p1k_00072,0.4803420204999993
p1k_00073,2.0205930585000003
p1k_00074,1.9620449755000005
p1k_00075,3.0755948385000003
p1k_00077,3.0414094055000005
p1k_00078,3.3230417715000007
p1k_00079,2.800798618500001
p1k_00080,0.5568368654999993
p1k_00081,0.3036716194999993
p1k_00082,-0.4920113285000003
p1k_00083,-0.4405882984999998
p1k_00084,-0.489226780500001
p1k_00085,-0.4499656555000007
p1k_00086,0.22196227650000025
p1k_00087,0.2507093475
p1k_00088,0.8408656104999999
p1k_00089,0.7309098575000004
p1k_00090,0.4786475885000003
p1k_00091,0.5019435154999998
p1k_00092,0.3647657494999992
p1k_00093,0.2328963035000005
p1k_00094,1.0966175675
p1k_00095,0.9724505265000004
p1k_00096,0.4261245364999997
p1k_00097,0.3860127354999996
p1k_00098,0.6734316675
p1k_00099,0.5215907765000001
p1k_00100,-0.8050165614999996
p1k_00101,-1.3453963535
p1k_00102,-1.1334956395000004
p1k_00103,-1.5440109965
p1k_00104,-1.6159619235000005
p1k_00105,-0.32458321649999977
p1k_00106,-0.4567844284999998
p1k_00107,-0.3445072444999999
p1k_00108,2.5925591814999995
p1k_00109,3.1967146595000004
p1k_00110,0.4415713375000001
p1k_00111,0.6479657685000006
p1k_00112,0.6302733814999995
p1k_00113,2.9940226514999986
p1k_00114,2.8489320575
p1k_00115,2.8235407655
p1k_00116,1.1636783925000014
p1k_00117,1.1772904004999996
p1k_00118,1.1273368594999995
p1k_00119,1.0161403005
p1k_00120,0.8275911425000002
p1k_00121,0.8865220894999997
p1k_00122,0.9861366654999985
p1k_00123,0.9812792915
p1k_00124,1.0581660115
p1k_00125,2.7733517244999986
p1k_00126,-0.17875976849999994
p1k_00127,-0.4186362145000002
p1k_00128,-1.6553616054999996
p1k_00129,3.1150925775
p1k_00130,1.6481781584999995
p1k_00131,2.3287386605
p1k_00132,0.9727364175000002
p1k_00133,3.6580811445
p1k_00134,-0.19264923450000013
p1k_00135,-0.5891745235000005
p1k_00136,1.3593028584999995
p1k_00137,-0.9219552474999996
p1k_00138,3.5747475314999986
p1k_00139,2.3514507855
p1k_00140,-1.0654250205000002
p1k_00141,2.5969797194999997
p1k_00142,0.22184940949999896
p1k_00143,0.14537632149999968
p1k_00144,1.3285250985
p1k_00145,0.754870144499999
p1k_00146,0.5420827275000004
p1k_00147,2.6308588075
p1k_00148,2.8608074775000008
p1k_00149,0.7576321925
p1k_00150,2.6547965085
p1k_00151,0.8697159914999997
p1k_00152,0.02515679049999964
p1k_00153,0.000904073500000102
p1k_00154,3.0184890165
p1k_00155,0.2554724565000015
p1k_00157,2.0544475315
p1k_00158,0.5381190294999998
p1k_00159,1.8474566465000004
p1k_00160,-0.6574806145000007
p1k_00161,-0.8018882964999996
p1k_00162,-0.6803828164999999
p1k_00163,-0.4449303845000001
p1k_00164,-0.15605404950000068
p1k_00165,0.6811512144999998
p1k_00166,0.4791314404999998
p1k_00167,1.4377473564999983
p1k_00168,1.4328467575
p1k_00169,1.2058684144999985
p1k_00170,1.0491263924999998
p1k_00171,0.02121224349999995
p1k_00172,-0.05265703649999942
p1k_00173,-1.0154239525
p1k_00174,-1.0656794415000004
p1k_00175,1.0590987904999984
p1k_00176,1.0469456635000007
p1k_00177,-0.4867429905000007
p1k_00178,-0.6257048354999997
p1k_00179,0.2431460105000003
p1k_00180,0.2448933154999997
p1k_00181,-0.6630257214999995
p1k_00182,-0.4655805475000001
p1k_00183,-0.25085843450000045
p1k_00184,-0.20015751550000085
p1k_00185,0.4584489375
p1k_00186,0.38499134749999975
p1k_00187,-0.5457010214999993
p1k_00188,-0.4439075685000001
p1k_00189,-0.40288418050000097
p1k_00190,-0.6275738165
p1k_00191,0.9212605154999992
p1k_00192,1.3001400624999997
p1k_00193,2.9951158545000007
p1k_00194,3.0177237385000004
p1k_00195,1.0720312805
p1k_00196,0.6709087785000003
p1k_00197,2.8825149375000008
p1k_00198,2.1328091894999988
p1k_00199,2.8090097774999987
p1k_00200,2.407052642500001
p1k_00201,0.5849976275
p1k_00202,0.6507873454999995
p1k_00203,0.2382993615000002
p1k_00204,0.11193442850000056
p1k_00205,2.9559255104999997
p1k_00206,2.9167223275
p1k_00207,0.11971914549999953
p1k_00208,0.2112404415000002
p1k_00209,1.6890190824999998
p1k_00210,2.5303539594999997
p1k_00211,0.3095153955000001
p1k_00212,0.3823129285000002
p1k_00213,0.2178778254999996
p1k_00214,-0.09764765949999976
p1k_00215,1.0310312525
p1k_00216,0.9735571704999996
p1k_00217,3.0328516774999987
p1k_00218,3.1024201044999997
p1k_00219,-0.04556752450000001
p1k_00220,-0.013340493500000328
p1k_00221,0.5262432385000002
p1k_00222,0.4890974075000001
p1k_00223,0.19226463650000006
p1k_00224,0.1113536504999999
p1k_00225,0.6733286864999997
p1k_00226,0.546165779499999
p1k_00227,0.9290555815
p1k_00228,0.8134350565000004
p1k_00229,0.7870920294999992
p1k_00230,0.6537157744999993
p1k_00231,0.4152414135000004
p1k_00232,0.4653464985000007
p1k_00233,0.5565430715000002
p1k_00234,0.2273946444999995
p1k_00235,0.1809821204999995
p1k_00236,-0.6940940695000002
p1k_00237,-0.6386316645000001
p1k_00238,-0.07733067349999967
p1k_00239,-0.06754277850000001
p1k_00240,0.3654434445000003
p1k_00241,0.3195827954999997
p1k_00242,0.5862535314999997
p1k_00243,-0.3270579795000001
p1k_00244,-0.27943048950000016
p1k_00245,-0.7965630585000003
p1k_00246,-0.27813979149999923
p1k_00247,0.6576895235000002
p1k_00248,0.9565385165000002
p1k_00249,0.3422306985000008
p1k_00250,0.31340694849999995
p1k_00251,0.9738558485000004
p1k_00252,0.9084067744999996
p1k_00253,0.004732038500000257
p1k_00254,-0.09209844050000092
p1k_00255,0.9703303654999996
p1k_00256,1.2712014115
p1k_00257,1.1265395125
p1k_00258,1.0208421564999997
p1k_00259,3.0938776005
p1k_00260,3.1969542255000003
p1k_00261,3.2388064535
p1k_00262,3.2768772954999994
p1k_00263,-0.6210774734999998
p1k_00264,-0.21120432550000068
p1k_00265,0.6928670505000003
p1k_00266,0.6137628015000001
p1k_00267,0.6192539244999997
p1k_00268,0.5776369935000005
p1k_00269,-0.25929308849999977
p1k_00270,-0.23402938950000074
p1k_00271,0.13288659150000015
p1k_00272,0.16449909850000033
p1k_00273,-0.7293378195000004
p1k_00274,-0.4502531964999994
p1k_00275,0.16530758149999958
p1k_00276,0.3051548705
p1k_00277,0.5731156535000004
p1k_00278,-0.22161356949999966
p1k_00279,0.7344042054999997
p1k_00280,0.1997231375000004
p1k_00281,0.3034107054999993
p1k_00282,-0.055915915500000864
p1k_00283,-0.03993998850000047
p1k_00284,0.05451721050000025
p1k_00285,0.5991969535000008
p1k_00286,0.5286609775000004
p1k_00287,0.7110996654999999
p1k_00288,0.6966501675000014
p1k_00289,0.16036652649999986
p1k_00290,0.2527703655
p1k_00291,0.7389772334999999
p1k_00292,0.7063667354999996
p1k_00293,-0.3394705934999997
p1k_00294,-0.3001015995000005
p1k_00295,-0.5591113905000009
p1k_00296,1.7925092235000006
p1k_00297,0.3418065475000001
p1k_00298,0.2531001824999999
p1k_00299,2.7452352225000007
p1k_00300,2.7364252175
p1k_00301,3.0675507135
p1k_00302,3.1712576935000003
p1k_00303,3.5887962225
p1k_00304,3.5831592144999997
p1k_00305,4.0409777264999995
p1k_00306,2.4929741175
p1k_00307,0.3364329054999997
p1k_00308,0.3949709135000008
p1k_00309,3.6688462685
p1k_00310,3.6451261495
p1k_00311,3.6281262115000006
p1k_00312,3.6384696475
p1k_00313,-0.17161911950000075
p1k_00314,-0.1272468775000002
p1k_00315,2.8420664785000005
p1k_00316,2.8531003995
p1k_00317,0.0520233594999997
p1k_00318,-0.18001823849999976
p1k_00319,0.018792633500000374
p1k_00320,0.5641110485
p1k_00321,0.886540029499999
p1k_00322,1.2658392904999998
p1k_00323,1.5471769364999997
p1k_00324,1.3250069074999995
p1k_00325,1.5875923585000002
p1k_00326,1.6734753724999996
p1k_00327,1.7034466885000006
p1k_00328,0.4951046914999999
p1k_00329,0.5607024654999995
p1k_00330,-0.01285584550000074
p1k_00331,1.5057408975
p1k_00332,1.6324611915
p1k_00333,0.09953489350000044
p1k_00334,0.9511072875000002
p1k_00335,-0.6234631595
p1k_00336,-0.5867220764999992
p1k_00337,1.2989923904999996
p1k_00338,1.3068152755
p1k_00339,1.2806332905
p1k_00340,1.3469058105
p1k_00341,0.0203477904999998
p1k_00342,0.04744517550000005
p1k_00343,-0.5240373295000005
p1k_00344,-0.4628417774999996
p1k_00345,0.6371340065000002
p1k_00346,-0.7756490855000004
p1k_00347,-0.008661340500000671
p1k_00348,-0.4427873895000003
p1k_00349,0.2990102704999993
p1k_00350,0.4203102704999999
p1k_00351,0.33429033449999945
p1k_00352,0.2066912194999997
p1k_00353,1.0640551054999996
p1k_00354,1.1801944125000017
p1k_00355,1.4722044884999999
p1k_00356,1.5335719425
p1k_00357,0.5740126214999997
p1k_00358,0.6206337025000002
p1k_00359,0.3367195135000003
p1k_00360,0.13235334949999975
p1k_00361,-2.4700885475
p1k_00362,-2.2850339694999997
p1k_00363,0.25169866350000003
p1k_00364,0.14937777049999834
p1k_00365,-0.5764997514999992
p1k_00366,0.22855541850000005
p1k_00367,-3.3514102225
p1k_00368,-3.1670408114999997
p1k_00369,0.23654677649999997
p1k_00370,0.1750267404999999
p1k_00371,-1.8517506665
p1k_00372,-1.7870513005000002
p1k_00373,-2.1555249055
p1k_00374,-2.0358945525000003
p1k_00375,0.016842609500000272
p1k_00376,0.2415899944999991
p1k_00377,-2.2313940085
p1k_00378,-2.0444386915
p1k_00379,-2.0286961335000004
p1k_00380,-2.0384283205
p1k_00381,0.062456275499999776
p1k_00382,0.03345745250000043
p1k_00383,-1.2902730824999995
p1k_00384,-1.4576624774999996
p1k_00385,-2.7932790185000003
p1k_00386,-2.6506897575
p1k_00387,-0.9178480374999998
p1k_00388,-0.7186831734999997
p1k_00389,-0.7531375095000001
p1k_00390,-0.9398482995000004
p1k_00391,0.29475172250000004
p1k_00392,0.3968844405000001
p1k_00393,0.1674418004999998
p1k_00394,-0.4094091364999999
p1k_00395,-0.9795630405000004
p1k_00396,-0.7961012984999999
p1k_00397,1.084880824499999
p1k_00398,1.1848256035000002
p1k_00399,-0.04109324550000082
p1k_00400,-0.11372900950000008
p1k_00401,-0.6741872845000003
p1k_00402,-0.6402491614999999
p1k_00403,1.2253604764999997
p1k_00404,-0.5439616455000005
p1k_00405,-0.8315777774999997
p1k_00406,-0.8090279735000001
p1k_00407,-0.9786927245
p1k_00408,-0.8991023995000003
p1k_00409,-0.3157916855000007
p1k_00410,-0.3036129555000002
p1k_00411,-0.3444920885
p1k_00412,-0.5188611995000008
p1k_00413,-0.7351493025
p1k_00414,-0.8240947895000001
p1k_00415,-0.18774045749999854
p1k_00416,-0.2796084844999997
p1k_00417,-0.1501839105000009
p1k_00418,-0.3367909684999999
p1k_00419,-0.7940010355000009
p1k_00420,-0.8176821055000003
p1k_00421,-0.6871098564999993
p1k_00422,-0.7344375085000001
p1k_00423,-0.8285735305000008
p1k_00424,-0.7160085275000005
p1k_00425,-0.3628677085000005
p1k_00426,-0.017637873500000012
p1k_00427,-0.3877493374999999
p1k_00428,-0.2810167464999997
p1k_00429,-0.4001576785000003
p1k_00430,-0.15535081250000005
p1k_00431,-0.7454468434999999
p1k_00432,-0.8609591154999999
p1k_00433,0.7476222965000003
p1k_00434,-0.2012954985000004
p1k_00435,-0.2914965505000007
p1k_00436,-0.3507854335000005
p1k_00437,-0.6012232714999994
p1k_00438,-0.7061169935000002
p1k_00439,-0.3594271485
p1k_00440,-0.1446484055000008
p1k_00441,1.4097402935000003
p1k_00442,1.7210812204999997
p1k_00443,1.4311680594999991
p1k_00444,1.4651598394999992
p1k_00445,1.6206539694999993
p1k_00446,1.6408157364999996
p1k_00447,2.0163759575
p1k_00448,1.6707590605000002
p1k_00449,2.4919529615
p1k_00450,2.592469628500001
p1k_00451,2.708285553500001
p1k_00452,2.7392143125000006
p1k_00453,2.6673724015000007
p1k_00454,2.7106783575
p1k_00455,1.5080360535000006
p1k_00456,1.4758885724999995
p1k_00457,2.3278718615
p1k_00458,2.3234596115
p1k_00459,1.6399608365000002
p1k_00460,1.5778168655000002
p1k_00461,2.6780642775
p1k_00462,2.6454483484999995
p1k_00463,1.8481532885
p1k_00464,1.7457997444999993
p1k_00465,2.013751329499999
p1k_00466,1.956524237500001
p1k_00467,2.0103300945
p1k_00468,2.1295722775000003
p1k_00469,1.9518643245
p1k_00470,1.8655252614999995
p1k_00471,2.1041204675000005
p1k_00472,2.151462785499999
p1k_00473,0.6304528044999991
p1k_00474,0.6794833615000001
p1k_00475,0.7001099154999997
p1k_00476,0.6488055544999991
p1k_00477,1.7173829535000005
p1k_00478,1.7516116394999992
p1k_00479,0.3058828225000001
p1k_00480,0.12181021550000005
p1k_00481,1.0067657005
p1k_00482,1.0351788445
p1k_00483,2.217567098500001
p1k_00484,2.2284322315
p1k_00485,-0.3904989255000002
p1k_00486,-0.3978047545000001
p1k_00487,0.9165195375
p1k_00488,0.9964456254999998
p1k_00489,1.6650792325
p1k_00490,1.7213400285000002
p1k_00491,1.859310849499999
p1k_00492,1.7484639025000002
p1k_00493,0.6691218804999997
p1k_00494,0.6362901644999992
p1k_00495,0.6741804804999996
p1k_00496,0.7996874055000003
p1k_00497,1.0479193635
p1k_00498,1.0543188765
p1k_00499,2.0163179265
p1k_00500,2.0486507835000003
p1k_00501,2.280862096499999
p1k_00502,2.2654872215
p1k_00503,2.4308780725
p1k_00504,2.432064250499999
p1k_00505,1.0614397605
p1k_00506,1.1685580714999997
p1k_00507,1.9155830335
p1k_00508,1.9448006425
p1k_00509,0.1825539574999997
p1k_00510,0.21607006049999988
p1k_00612,-0.9138466945
p1k_00613,-0.9646036855000002
p1k_00614,1.3939526774999995
p1k_00615,1.3581569105000002
p1k_00558,-0.8093431205000003
p1k_00559,-0.7846858474999996
p1k_00562,-0.9574789015
p1k_00563,-0.9484920194999996
p1k_00564,-0.9809172525000004
p1k_00565,-0.9319905065
p1k_00566,-0.5410059695000005
p1k_00567,0.10909452649999984
p1k_00540,0.1221150935000006
p1k_00541,0.13060768049999982
p1k_00542,-0.014674456499999875
p1k_00543,0.10662525850000026
p1k_00544,0.30841907250000045
p1k_00545,0.3337269254999997
p1k_00546,0.10329749649999977
p1k_00547,-0.3930185074999999
p1k_00548,0.3550506354999996
p1k_00549,0.7715778035000005
p1k_00550,0.7255529435000003
p1k_00551,0.6934641504999997
p1k_00568,1.0849934264999996
p1k_00569,1.1523050575000011
p1k_00570,0.9588849135000004
p1k_00571,1.2876626425
p1k_00572,1.3223602035000006
p1k_00573,0.9455351244999992
p1k_00574,0.6031089794999991
p1k_00575,0.5658473324999997
p1k_00586,1.9936740624999996
p1k_00587,1.8465934644999988
p1k_00588,1.7466012614999995
p1k_00589,1.7030698894999992
p1k_00590,1.3324029454999984
p1k_00591,0.7847459225
p1k_00592,1.1678008494999998
p1k_00593,0.4696424794999992
p1k_00576,0.4109539885000002
p1k_00577,0.04579524350000064
p1k_00578,0.2717584875000014
p1k_00579,0.5957154805
p1k_00582,-1.2430056965
p1k_00583,-1.1742880314999995
p1k_00584,-0.4015719735000003
p1k_00585,-0.4368205444999997
p1k_00511,-1.2607425645
p1k_00512,-0.7089974055000008
p1k_00513,0.8311547155000003
p1k_00514,0.6732513244999998
p1k_00515,0.7597550555000003
p1k_00516,0.6785915124999997
p1k_00517,0.2529291535000002
p1k_00600,-1.3072045765000002
p1k_00601,-0.08482201150000003
p1k_00602,-1.2193469105000003
p1k_00603,-0.4521920145000005
p1k_00604,-0.40723745050000026
p1k_00605,-0.016512761499999584
p1k_00606,-0.4446881224999997
p1k_00607,-0.25729694050000074
p1k_00608,-0.5952663344999998
p1k_00609,-0.7460471655000003
p1k_00610,-0.3763803235000003
p1k_00611,-0.6042226235000001
p1k_00552,0.7061120164999997
p1k_00553,0.8526934425000015
p1k_00554,1.4797819935000005
p1k_00555,1.2507516534999998
p1k_00556,0.4993705785000007
p1k_00557,0.5227667085000007
p1k_00594,-0.5541281655000008
p1k_00595,0.8052862254999997
p1k_00596,0.4194558894999991
p1k_00597,1.0848607215
p1k_00598,-0.4332620624999999
p1k_00599,0.8564615975000001
p1k_00518,-0.1617851805000008
p1k_00519,-0.11053509450000032
p1k_00520,-0.1993240864999999
p1k_00521,-0.1964732214999998
p1k_00522,-0.28430873850000005
p1k_00523,-0.2949805805000008
p1k_00524,-0.24074046649999925
p1k_00525,-1.0678021665000001
p1k_00526,1.4053002585000005
p1k_00527,2.0313353475
p1k_00528,1.4310257374999995
p1k_00529,2.0130749155000003
p1k_00530,-0.4751195824999997
p1k_00531,-0.048479494500000435
p1k_00532,-0.2552270635000005
p1k_00533,-0.1867705175000003
p1k_00534,-0.2891151564999994
p1k_00535,-0.06194101649999961
p1k_00536,-1.0579500145000005
p1k_00537,-0.7839592514999998
p1k_00538,-0.2938036244999997
p1k_00539,-0.4810399464999993
p1k_00616,-0.08413482250000026
p1k_00617,-0.10616382150000003
p1k_00618,0.4448288085000005
p1k_00619,0.4119810485000004
p1k_00620,-0.16689233449999996
p1k_00621,-0.2389200374999998
p1k_00622,0.6560526775
p1k_00623,0.9435093604999992
p1k_00624,0.4298821964999995
p1k_00625,0.4901087725000002
p1k_00626,0.06824138750000143
p1k_00627,0.22657694649999985
p1k_00628,0.12868619550000027
p1k_00629,0.10866863449999986
p1k_00630,0.8757378254999999
p1k_00631,0.6676171235000004
p1k_00632,-0.06676099649999934
p1k_00633,0.0437581585000002
p1k_00634,0.9779680885
p1k_00635,1.1393906365000002
p1k_00636,0.15889046750000002
p1k_00637,0.2601427835000001
p1k_00638,0.04240515649999832
p1k_00639,0.040196668500000136
p1k_00640,-0.07571805550000033
p1k_00641,0.5296790475000002
p1k_00642,-0.3031366455000004
p1k_00643,-0.3018848135000001
p1k_00644,-0.10754727750000016
p1k_00645,-0.1471987324999997
p1k_00646,1.4533262014999997
p1k_00647,1.1342236175
p1k_00648,0.12276695650000136
p1k_00649,0.23620227149999984
p1k_00650,-0.13777453249999996
p1k_00651,-0.1049224905000008
p1k_00652,-0.4996541105000008
p1k_00653,0.048593647499999726
p1k_00654,0.4773130054999983
p1k_00655,0.5687305404999998
p1k_00656,-0.3657670064999996
p1k_00657,-0.3351493224999986
p1k_00658,0.4914957504999995
p1k_00659,0.48971206549999996
p1k_00660,0.22373829749999974
p1k_00661,0.3458490044999998
p1k_00662,0.9799722154999992
p1k_00663,1.0178903544999995
p1k_00664,0.3649952415
p1k_00665,0.2961217394999993
p1k_00666,0.2243525894999996
p1k_00667,0.6025938814999998
p1k_00668,-0.2991073284999999
p1k_00669,-0.3593172305000003
p1k_00670,-0.2190396815
p1k_00671,-0.10412088450000034
p1k_00672,0.9707903335
p1k_00673,1.2222249094999995
p1k_00674,0.08208030350000063
p1k_00675,0.01960483249999978
p1k_00676,0.21086530449999952
p1k_00677,0.3097675825000001
p1k_00678,0.15475143649999978
p1k_00679,0.2765932435000007
p1k_00680,-0.8507630764999998
p1k_00681,-0.5382658285000002
p1k_00682,-0.7849796964999998
p1k_00683,-0.7729577355000004
p1k_00684,1.1973258085000005
p1k_00685,1.1518223855
p1k_00686,1.2527219085000008
p1k_00687,1.4132200075000014
p1k_00688,1.2471942574999997
p1k_00689,1.2356016414999995
p1k_00690,1.3676135565000005
p1k_00691,1.3386236294999998
p1k_00692,-0.2514416974999998
p1k_00693,-0.4441416895000003
p1k_00694,-0.2726834614999998
p1k_00695,-0.23373829649999944
p1k_00696,-0.030867898500000383
p1k_00697,0.39026406550000026
p1k_00698,-0.15441877349999975
p1k_00699,-0.25321419349999985
p1k_00700,-0.4147260314999999
p1k_00701,-0.4875097105000004
p1k_00702,-0.18178480350000026
p1k_00703,-0.1233742814999994
p1k_00704,0.17056500450000026
p1k_00705,0.4321609525000003
p1k_00706,0.05102741750000028
p1k_00707,0.22302090250000006
p1k_00708,1.2739558854999995
p1k_00709,1.1181096625000002
p1k_00710,-0.5062315505000008
p1k_00711,-0.6841775255000009
p1k_00712,-0.8962441754999997
p1k_00713,-0.7989966375000002
p1k_00714,-0.8619290755
p1k_00715,-0.6966036735000003
p1k_00716,0.3292134014999997
p1k_00717,0.2318365575000003
p1k_00718,-0.41081821750000014
p1k_00719,-0.2809037345000007
p1k_00721,0.471596729499999
p1k_00722,-0.5241274555000004
p1k_00723,-0.2708750434999985
p1k_00724,-0.4996691085
p1k_00725,-0.4686485245000007
p1k_00726,-0.5567851765
p1k_00727,-0.18784586649999999
p1k_00728,-0.26327512149999954
p1k_00729,-0.4033429314999992
p1k_00730,-0.26732728849999976
p1k_00731,-0.2713002185000004
p1k_00732,-0.2698943785000001
p1k_00733,-0.6787067075
p1k_00734,-0.7949483835000004
p1k_00735,3.1151829205
p1k_00736,2.7146439835000007
p1k_00737,0.4069208325
p1k_00738,0.2504210735000001
p1k_00739,-0.027780944499999904
p1k_00740,-0.05366099050000095
p1k_00741,-0.1764108714999999
p1k_00742,-0.15404813750000024
p1k_00743,0.4085818544999995
p1k_00744,0.26904694450000033
p1k_00745,-0.14300951950000051
p1k_00746,-0.15015327249999988
p1k_00747,-1.0178746165000003
p1k_00748,-1.1226466974999996
p1k_00749,-1.6785236785000004
p1k_00750,-1.1968239824999998
p1k_00751,-1.1286147665
p1k_00752,-0.9971637445000008
p1k_00753,1.9177813185000003
p1k_00754,1.8683409775
p1k_00755,-0.9362977355000002
p1k_00756,-0.9046224675000004
p1k_00757,-0.8730347734999997
p1k_00758,-1.0358967085000002
p1k_00759,-0.6251969974999998
p1k_00760,-0.6160397485000004
p1k_00761,0.817575356499999
p1k_00762,0.8562282505000001
p1k_00763,-0.20587386349999992
p1k_00764,-0.20107635849999994
p1k_00765,0.017122366499999764
p1k_00766,0.22199801049999834
p1k_00767,0.257540099499999
p1k_00768,0.3280334285000004
p1k_00769,0.001714914499999054
p1k_00770,-0.12568895149999992
p1k_00771,-1.3356951864999995
p1k_00772,-1.2412075465
p1k_00773,1.6346113754999996
p1k_00774,1.8993963625
p1k_00775,-1.0787429245000002
p1k_00776,-1.2609973915
p1k_00777,-0.4584153024999997
p1k_00778,0.4353992694999995
p1k_00779,-0.9996644955000002
p1k_00780,-1.0120953504999999
p1k_00781,0.15095222249999996
p1k_00782,0.12965830050000005
p1k_00783,-1.2589238195000003
p1k_00784,-1.1205252105000003
p1k_00785,0.29990436050000024
p1k_00786,1.2231920415000002
p1k_00787,-0.9558744475000004
p1k_00788,-0.9069047555000004
p1k_00789,0.17113176449999926
p1k_00790,0.04515055350000008
p1k_00791,0.9554311904999996
p1k_00792,0.7409278684999999
p1k_00793,0.8278784535000003
p1k_00794,1.0578884354999998
p1k_00795,0.007955673500000593
p1k_00796,0.0581078125000003
p1k_00797,0.6697646235000008
p1k_00798,0.7349038704999993
p1k_00799,0.24437674750000135
p1k_00800,0.3634147744999998
p1k_00801,0.2861957635000003
p1k_00802,0.27560018149999976
p1k_00803,0.015714847499999962
p1k_00804,-0.11101552550000092
p1k_00805,-0.34705710450000016
p1k_00806,-0.40133486750000014
p1k_00807,0.20362826350000066
p1k_00808,0.2418419854999998
p1k_00809,0.07342681450000033
p1k_00810,0.04769827149999984
p1k_00811,0.13498843949999986
p1k_00812,0.19521410549999985
p1k_00813,1.1320945575000003
p1k_00814,0.7653117864999999
p1k_00815,0.7234119585000007
p1k_00816,0.7157284355
p1k_00817,0.03665231549999959
p1k_00818,-0.08600673449999974
p1k_00819,0.005718539499999231
p1k_00820,0.05548754850000037
p1k_00826,0.536834163771041
p1k_00827,0.5739326933025923
p1k_00828,-0.9716317984169116
p1k_00829,-1.0392569588553773
p1k_00830,-0.6683838954770636
p1k_00831,-0.7118271152851845
p1k_00832,0.00016460378925309271
p1k_00833,0.11753162555979292
p1k_00834,-0.8583039360535176
p1k_00835,-0.992818394555144
p1k_00836,2.3995653401780968
p1k_00837,2.537332736018638
p1k_00838,0.02305036589550724
p1k_00839,-0.19786601602166165
p1k_00840,-2.0529047144059875
p1k_00841,-2.040070085638277
p1k_00842,0.16776387038513718
p1k_00843,0.3725310214937823
p1k_00844,-0.7849590050466729
p1k_00845,-0.6003589340806696
p1k_00846,0.5999158389693999
p1k_00847,0.7437440376736273
p1k_00848,0.8241050111124277
p1k_00849,1.9668030765806064
p1k_00850,-0.2954742605289837
p1k_00851,-0.2552751189459155
p1k_00852,0.32234306774213106
p1k_00853,0.16790206748536018
p1k_00854,-1.8277971767015524
p1k_00855,-1.4919022599101597
p1k_00858,-1.5679854355930498
p1k_00859,-1.9666157013254624
p1k_00860,-0.8380306801621016
p1k_00861,-0.7577457575215663
p1k_00862,0.35234000278837474
p1k_00863,-0.05271623321487162
p1k_00864,-1.2376827275098492
p1k_00865,-1.2666116884180312
p1k_00866,-0.8373190887475666
p1k_00867,-0.8618112462553364
p1k_00868,-1.0268613505553237
p1k_00869,-1.169071655442501
p1k_00870,-0.6893447259154453
p1k_00871,-0.5561910910031438
p1k_00872,-0.948523839070602
p1k_00873,-0.7766762399338267
p1k_00874,-1.750506362282933
p1k_00875,-1.5579306276349074
p1k_00876,0.13343451978710166
p1k_00877,0.2252363191860081
p1k_00878,-1.043322865740394
p1k_00879,-1.3485951804338798
p1k_00880,-1.227899128302128
p1k_00881,-1.2797811811592652
p1k_00882,0.05202335919301769
p1k_00883,-0.18001823877119796
p1k_00884,0.8865400298419512
p1k_00885,1.2658392906975822
p1k_00890,0.2603965540665856
p1k_00891,0.16382675302988314
p1k_00892,0.7141352387553326
p1k_00893,1.1930043204257943
p1k_00894,1.5843143704590499
p1k_00895,2.2963690676419217
p1k_00896,1.0520251185461929
p1k_00897,2.147280488782523
p1k_00898,-0.8660963565800186
p1k_00899,-0.4618753056639875
p1k_00900,0.6521265057975363
p1k_00901,0.8579386473789254
p1k_00902,1.9689681751005592
p1k_00903,1.5609089707023136
p1k_00904,1.9370120409245295
p1k_00905,1.9380952834071463
p1k_00906,2.165649323018872
p1k_00907,2.0472309044515304
p1k_00908,2.228282354834211
p1k_00909,2.002824653859673
p1k_00910,0.32474493297235263
p1k_00911,0.4817123542762092
p1k_00912,-0.1703852537953736
p1k_00913,0.3937916287741974
p1k_00914,1.9418436970105573
p1k_00915,2.205536121139372
p1k_00916,2.0815516367393885
p1k_00917,2.3537316853012116
p1k_00918,2.3800253328078482
p1k_00919,2.5328730134903177
p1k_00920,0.8385405516525077
p1k_00921,0.793706609438602
p1k_00922,1.8277036496229444
p1k_00923,1.6558683483221053
p1k_00924,2.29905689328836
p1k_00925,2.499604940350044
p1k_00926,2.5246244098731525
p1k_00927,2.660222097956898
p1k_00928,2.622237279801417
p1k_00929,2.5160193783389917
p1k_00930,0.5353760165072643
p1k_00931,0.8387362042015267
p1k_00932,0.9267004105335764
p1k_00933,0.9584457874847044
p1k_00934,0.1204083762889363
p1k_00935,0.1725217955129672
p1k_00936,0.2205881896535864
p1k_00937,0.028681592477531662
p1k_00938,0.4370642848876738
p1k_00939,0.4632631727681922
p1k_00940,0.8849157866300574
p1k_00941,0.8146399321516347
p1k_00942,0.6485672341786755
p1k_00943,0.028162253817167308
p1k_00944,0.22199029162119646
p1k_00945,0.5322052286864327
p1k_00946,0.626910898194037
p1k_00947,0.1992404529654825
p1k_00948,0.1422829646749335
p1k_00949,0.4348248916695008
p1k_00950,0.7167011198973672
p1k_00951,-0.06715082773746772
p1k_00952,0.00942759928672654
p1k_00953,0.2469847224139761
p1k_00954,0.3640869250744681
p1k_00955,0.5406389085435404
p1k_00956,0.8359319086307577
p1k_00957,0.06826262432773245
p1k_00958,0.4791414426280163
p1k_00959,0.26213335559235595
p1k_00960,0.40534756120377213
p1k_00961,0.14608289760442972
p1k_00962,-0.4788591068144941
p1k_00963,-0.0666172567242116
p1k_00964,0.4970941518707033
p1k_00965,0.5114394119525265
p1k_00966,0.6221418028866195
p1k_00967,0.7198839181953254
p1k_00968,0.15011599067731485
p1k_00969,0.2396960994798576
p1k_00970,0.4454155605344523
p1k_00971,0.016062845786348312
p1k_00972,0.4082118277007645
p1k_00973,0.9481414480827324
p1k_00974,1.081217610867525
p1k_00975,0.3721394120282424
p1k_00976,0.2274345904374924
p1k_00977,0.3799047159139963
p1k_00978,0.3867553547775193
p1k_00979,0.9312571957773486
p1k_00980,0.81013570012363
p1k_00981,0.13318144218719485
p1k_00982,0.12294277971087195
p1k_00983,0.21963996404980435
p1k_00984,0.4946155425685026
p1k_00985,0.19991572631930946
p1k_00986,0.2807768222281899
p1k_00987,0.5599964970723734
p1k_00988,0.7285185247022978
p1k_00989,0.7835118680374684
p1k_00990,0.5533648886878924
p1k_00991,0.8985850052080622
p1k_00992,0.3058266496866242
p1k_00993,0.4247006519324401
p1k_00994,0.42535225633972296
p1k_00995,0.4152535423895225
p1k_00996,0.4190459508990587
p1k_00997,0.3996060936100792
p1k_00998,0.22495058587711106
p1k_00999,0.5983101600776921
p1k_01000,0.5926400933133875
p1k_01001,0.05957816373010516
p1k_01002,0.2754879020961241
p1k_01003,-0.009502718110458552
p1k_01004,0.31156825349203743
p1k_01005,0.4966022047883349
p1k_01006,0.19909229872993528
p1k_01007,0.16847734352742538
p1k_01008,0.30545069827665383
p1k_01009,0.3126036296795558
p1k_01010,0.3376220149643041
p1k_01011,0.4933334725242284
p1k_01012,0.37345676305191056
p1k_01013,1.0788708834578236
p1k_01014,0.9025717690949522
p1k_01015,0.4301917175273529
p1k_01016,-0.20583535349145965
p1k_01017,0.07782369560650437
p1k_01018,0.3679508306172572
p1k_01019,0.2325092473135708
p1k_01020,0.35077078100823744
p1k_01021,0.3409049186250428
p1k_01022,0.7116049731479404
p1k_01023,0.32921241636439724
p1k_01024,0.3422226726490853
p1k_01025,0.15973274688842842
p1k_01026,0.4382185371789351
p1k_01027,0.9793593775937248
p1k_01028,0.5506033118873974
p1k_01029,-0.07091800770472734
p1k_01030,0.414981205462591
p1k_01031,0.10265988781996782
p1k_01032,-0.0196407013608777
p1k_01033,0.09853781140725017
p1k_01034,0.6286838528320873
p1k_01035,0.68840548173982
p1k_01036,0.4989870759973876
p1k_01037,0.08885415671041752
p1k_01038,0.2552241154962722
p1k_01039,0.06400909105733366
p1k_01040,-0.009151292835415605
p1k_01041,1.0385435999710897
p1k_01042,1.1277003983278275
p1k_01043,0.18081601608613607
p1k_01044,0.2256248192814123
p1k_01045,-0.24145658683399066
p1k_01046,-0.4857455543929197
p1k_01047,-0.21103662429963774
p1k_01048,-0.025299270261625928
p1k_01049,-0.2543245765420714
p1k_01050,-0.11020752220309672
p1k_01051,-0.5793521507743193
p1k_01052,0.3151898014255963
p1k_01053,0.5707302448264455
p1k_01054,0.18818654176248106
p1k_01055,0.4229742669834041
