,project,strain,OD600 growth-stage,sample-time,Temperature (degrees C),base-media,conditions,accession,repository,mean phred scores,percent aligned,total reads,mapped reads,Data Source (PMID),Biological Replicates,condition
USA300_LAC_U01-Set001_CAMHB_PreCulture_1,U01-Set001,USA300 LAC,0.4168,0hr,37,CA-MHB,PreCulture,SRR8195172,Sequence Read Archives (SRA),38.7,99.12,7210562,7147236,This Publication,1,USA300 LAC CA-MHB PreCulture
USA300_LAC_U01-Set001_CAMHB_Control_1,U01-Set001,USA300 LAC,0.5405,2.5hr,37,CA-MHB,Control,SRR8195174,Sequence Read Archives (SRA),38.5,98.56,6025146,5938234,This Publication,1,USA300 LAC CA-MHB Control
USA300_LAC_U01-Set001_CAMHB_0.15ug/mLNafcillin_1,U01-Set001,USA300 LAC,0.5789000000000001,2.5hr,37,CA-MHB,Nafcillin 0.15,SRR8195182,Sequence Read Archives (SRA),38.5,95.51,5503694,5256648,This Publication,1,USA300 LAC CA-MHB Nafcillin 0.15
USA300_LAC_U01-Set001_CAMHB_0.5ug/mLNafcillin_1,U01-Set001,USA300 LAC,0.49160000000000004,2.5hr,37,CA-MHB,Nafcillin 0.5 ,SRR8195177,Sequence Read Archives (SRA),38.6,99.14,7071584,7011074,This Publication,1,USA300 LAC CA-MHB Nafcillin 0.5 
USA300_LAC_U01-Set001_CAMHB_1ug/mLNafcillin_1,U01-Set001,USA300 LAC,0.4272,2.5hr,37,CA-MHB,Nafcillin 1,SRR8195194,Sequence Read Archives (SRA),38.5,98.95,6676750,6606497,This Publication,1,USA300 LAC CA-MHB Nafcillin 1
USA300_LAC_U01-Set001_CAMHB_PreCulture_2,U01-Set001,USA300 LAC,0.3917,0hr,37,CA-MHB,PreCulture,SRR7146299,Sequence Read Archives (SRA),39.7,99.49,11692898,11633246,This Publication,2,USA300 LAC CA-MHB PreCulture
USA300_LAC_U01-Set001_CAMHB_Control_2,U01-Set001,USA300 LAC,0.5747,2hr,37,CA-MHB,Control,SRR7146313,Sequence Read Archives (SRA),39.6,98.98,10140778,10036884,This Publication,2,USA300 LAC CA-MHB Control
USA300_LAC_U01-Set001_CAMHB_0.15ug/mLNafcillin_2,U01-Set001,USA300 LAC,0.5263,2hr,37,CA-MHB,Nafcillin 0.15,SRR7146318,Sequence Read Archives (SRA),39.6,96.85,10963088,10618013,This Publication,2,USA300 LAC CA-MHB Nafcillin 0.15
USA300_LAC_U01-Set001_CAMHB_0.5ug/mLNafcillin_2,U01-Set001,USA300 LAC,0.5036,2hr,37,CA-MHB,Nafcillin 0.5 ,SRR7146320,Sequence Read Archives (SRA),39.7,99.52,12706870,12646427,This Publication,2,USA300 LAC CA-MHB Nafcillin 0.5 
USA300_LAC_U01-Set001_CAMHB_1ug/mLNafcillin_2,U01-Set001,USA300 LAC,0.4302,2hr,37,CA-MHB,Nafcillin 1,SRR7146311,Sequence Read Archives (SRA),39.6,99.36,12118516,12040492,This Publication,2,USA300 LAC CA-MHB Nafcillin 1
USA300_TCH1516_U01-Set000_CAMHB_Control_1,U01-Set000,USA300 TCH1516,0.7946000000000001,2.5hr,37,CA-MHB,Control,SRR6391835,Sequence Read Archives (SRA),38.4,97.15,14833886,14410782,31028276,1,USA300 TCH1516 CA-MHB Control
USA300_TCH1516_U01-Set000_CAMHB_0.0625ug/mLNafcillin_1,U01-Set000,USA300 TCH1516,0.6237,2.5hr,37,CA-MHB,Nafcillin 0.0625,SRR6391842,Sequence Read Archives (SRA),38.5,98.62,16327102,16102147,31028276,1,USA300 TCH1516 CA-MHB Nafcillin 0.0625
USA300_TCH1516_U01-Set000_CAMHB_0.5ug/mLNafcillin_1,U01-Set000,USA300 TCH1516,0.6357,2.5hr,37,CA-MHB,Nafcillin 0.5,SRR6391833,Sequence Read Archives (SRA),38.6,97.39,18096282,17623426,31028276,1,USA300 TCH1516 CA-MHB Nafcillin 0.5
USA300_LAC_U01-Set001_R10LB_PreCulture_1,U01-Set001,USA300 LAC,0.3665,0hr,37,RPMI+10%LB,PreCulture,SRR8195163,Sequence Read Archives (SRA),39.0,99.57,14096020,14034961,This Publication,1,USA300 LAC RPMI+10%LB PreCulture
USA300_LAC_U01-Set001_R10LB_PreCulture_2,U01-Set001,USA300 LAC,0.373,0hr,37,RPMI+10%LB,PreCulture,SRR8195164,Sequence Read Archives (SRA),38.9,99.52,14535154,14465279,This Publication,2,USA300 LAC RPMI+10%LB PreCulture
USA300_LAC_U01-Set001_R10LB_Control_1,U01-Set001,USA300 LAC,0.3504,2hr,37,RPMI+10%LB,Control,SRR8195168,Sequence Read Archives (SRA),38.9,99.58,16643558,16573316,This Publication,1,USA300 LAC RPMI+10%LB Control
USA300_LAC_U01-Set001_R10LB_0.1ug/mLNafcillin_1,U01-Set001,USA300 LAC,0.3259,2hr,37,RPMI+10%LB,Nafcillin 0.1,SRR8195183,Sequence Read Archives (SRA),38.9,99.58,15518390,15453645,This Publication,1,USA300 LAC RPMI+10%LB Nafcillin 0.1
USA300_LAC_U01-Set001_R10LB_0.15ug/mLNafcillin_1,U01-Set001,USA300 LAC,0.28700000000000003,2hr,37,RPMI+10%LB,Nafcillin 0.15,SRR8195170,Sequence Read Archives (SRA),38.9,98.24,15940960,15659812,This Publication,1,USA300 LAC RPMI+10%LB Nafcillin 0.15
USA300_LAC_U01-Set001_R10LB_Control_2,U01-Set001,USA300 LAC,0.37010000000000004,2hr,37,RPMI+10%LB,Control,SRR8195187,Sequence Read Archives (SRA),38.7,99.63,13750778,13699574,This Publication,2,USA300 LAC RPMI+10%LB Control
USA300_LAC_U01-Set001_R10LB_0.1ug/mLNafcillin_2,U01-Set001,USA300 LAC,0.3367,2hr,37,RPMI+10%LB,Nafcillin 0.1,SRR8195189,Sequence Read Archives (SRA),38.8,93.27,14346280,13380855,This Publication,2,USA300 LAC RPMI+10%LB Nafcillin 0.1
USA300_LAC_U01-Set001_R10LB_0.15ug/mLNafcillin_2,U01-Set001,USA300 LAC,0.28800000000000003,2hr,37,RPMI+10%LB,Nafcillin 0.15,SRR8195181,Sequence Read Archives (SRA),38.9,87.84,15009826,13184121,This Publication,2,USA300 LAC RPMI+10%LB Nafcillin 0.15
USA300_TCH1516_U01-Set000_R10LB_Control_1,U01-Set000,USA300 TCH1516,0.43870000000000003,2.5hr,37,RPMI+10%LB,Control,SRR6802187,Sequence Read Archives (SRA),38.9,96.39,11022938,10624732,31028276,1,USA300 TCH1516 RPMI+10%LB Control
USA300_TCH1516_U01-Set000_R10LB_0.031ug/mLNafcillin_1,U01-Set000,USA300 TCH1516,0.33580000000000004,2.5hr,37,RPMI+10%LB,Nafcillin 0.031,SRR6802189,Sequence Read Archives (SRA),39.0,98.33,14142188,13906618,31028276,1,USA300 TCH1516 RPMI+10%LB Nafcillin 0.031
USA300_TCH1516_U01-Set000_R10LB_0.0625ug/mLNafcillin_1,U01-Set000,USA300 TCH1516,0.291,2.5hr,37,RPMI+10%LB,Nafcillin 0.0625,SRR6802183,Sequence Read Archives (SRA),38.8,97.15,12927894,12560000,31028276,1,USA300 TCH1516 RPMI+10%LB Nafcillin 0.0625
USA300_TCH1516_U01-Set000_R10LB_Control_2,U01-Set000,USA300 TCH1516,0.35750000000000004,2.5hr,37,RPMI+10%LB,Control,SRR6802182,Sequence Read Archives (SRA),38.9,98.13,14609358,14335589,31028276,2,USA300 TCH1516 RPMI+10%LB Control
USA300_TCH1516_U01-Set000_R10LB_0.031ug/mLNafcillin_2,U01-Set000,USA300 TCH1516,0.3627,2.5hr,37,RPMI+10%LB,Nafcillin 0.031,SRR6802190,Sequence Read Archives (SRA),38.8,97.06,11081704,10755565,31028276,2,USA300 TCH1516 RPMI+10%LB Nafcillin 0.031
USA300_TCH1516_U01-Set000_R10LB_0.0625ug/mLNafcillin_2,U01-Set000,USA300 TCH1516,0.33080000000000004,2.5hr,37,RPMI+10%LB,Nafcillin 0.0625,SRR6802184,Sequence Read Archives (SRA),38.9,96.84,11683416,11314433,31028276,2,USA300 TCH1516 RPMI+10%LB Nafcillin 0.0625
USA300_TCH1516_U01-Set000_CAMHB_PreCulture_1,U01-Set000,USA300 TCH1516,0.3634,0hr,37,CA-MHB,PreCulture,SRR7203895,Sequence Read Archives (SRA),39.0,99.47,22965040,22844397,This Publication,1,USA300 TCH1516 CA-MHB PreCulture
USA300_TCH1516_U01-Set000_CAMHB_PreCulture_2,U01-Set000,USA300 TCH1516,0.36860000000000004,0hr,37,CA-MHB,PreCulture,SRR7203896,Sequence Read Archives (SRA),39.0,99.65,21045900,20973175,This Publication,2,USA300 TCH1516 CA-MHB PreCulture
USA300_TCH1516_U01-Set000_CAMHB_Control_2,U01-Set000,USA300 TCH1516,0.8425,2.5hr,37,CA-MHB,Control,SRR7203886,Sequence Read Archives (SRA),39.0,97.28,20556530,19996496,31028276,2,USA300 TCH1516 CA-MHB Control
USA300_TCH1516_U01-Set000_CAMHB_0.0625ug/mLNafcillin_2,U01-Set000,USA300 TCH1516,0.7385,2.5hr,37,CA-MHB,Nafcillin 0.0625,SRR7203884,Sequence Read Archives (SRA),39.0,98.0,19148208,18764783,31028276,2,USA300 TCH1516 CA-MHB Nafcillin 0.0625
USA300_TCH1516_U01-Set000_CAMHB_0.5ug/mLNafcillin_2,U01-Set000,USA300 TCH1516,0.651,2.5hr,37,CA-MHB,Nafcillin 0.5,SRR7203890,Sequence Read Archives (SRA),38.8,97.84,21062460,20608349,31028276,2,USA300 TCH1516 CA-MHB Nafcillin 0.5
USA300_TCH1516_U01-Set000_CAMHB_1ug/mLNafcillin_1,U01-Set000,USA300 TCH1516,0.5626,2.5hr,37,CA-MHB,Nafcillin 1,SRR7203888,Sequence Read Archives (SRA),38.9,99.23,21167822,21003917,This Publication,1,USA300 TCH1516 CA-MHB Nafcillin 1
USA300_TCH1516_U01-Set000_CAMHB_1ug/mLNafcillin_2,U01-Set000,USA300 TCH1516,0.6047,2.5hr,37,CA-MHB,Nafcillin 1,SRR7203892,Sequence Read Archives (SRA),39.1,99.48,25203024,25072599,This Publication,2,USA300 TCH1516 CA-MHB Nafcillin 1
USA300_LAC_U01-Set004_CAMHB_Control_1,U01-Set004,USA300 LAC,0.6683,2hr,37,CA-MHB,Vancomycin 0,SRR8710737,Sequence Read Archives (SRA),38.8,99.54,10594548,10545486,This Publication,1,USA300 LAC CA-MHB Vancomycin 0
USA300_LAC_U01-Set004_CAMHB_0.65ug/mLVancomycin_1,U01-Set004,USA300 LAC,0.384,2hr,37,CA-MHB,Vancomycin 0.65,SRR8710736,Sequence Read Archives (SRA),39.0,99.37,10092832,10029313,This Publication,1,USA300 LAC CA-MHB Vancomycin 0.65
USA300_LAC_U01-Set004_CAMHB_0.7ug/mLVancomycin_1,U01-Set004,USA300 LAC,0.2929,2hr,37,CA-MHB,Vancomycin 0.7,SRR8710734,Sequence Read Archives (SRA),38.9,99.28,9895108,9823740,This Publication,1,USA300 LAC CA-MHB Vancomycin 0.7
USA300_LAC_U01-Set004_CAMHB_0.8ug/mLVancomycin_1,U01-Set004,USA300 LAC,0.0887,2hr,37,CA-MHB,Vancomycin 0.8,SRR8710733,Sequence Read Archives (SRA),39.2,99.21,9786612,9709640,This Publication,1,USA300 LAC CA-MHB Vancomycin 0.8
USA300_LAC_U01-Set004_CAMHB_Control_2,U01-Set004,USA300 LAC,0.5904,2hr,37,CA-MHB,Vancomycin 0,SRR8710732,Sequence Read Archives (SRA),39.0,99.38,8149382,8099196,This Publication,2,USA300 LAC CA-MHB Vancomycin 0
USA300_LAC_U01-Set004_CAMHB_0.65ug/mLVancomycin_2,U01-Set004,USA300 LAC,0.4449,2hr,37,CA-MHB,Vancomycin 0.65,SRR8710735,Sequence Read Archives (SRA),39.0,99.21,12387428,12289007,This Publication,2,USA300 LAC CA-MHB Vancomycin 0.65
USA300_LAC_U01-Set004_CAMHB_0.7ug/mLVancomycin_2,U01-Set004,USA300 LAC,0.2695,2hr,37,CA-MHB,Vancomycin 0.7,SRR8710731,Sequence Read Archives (SRA),39.0,99.38,8763888,8709635,This Publication,2,USA300 LAC CA-MHB Vancomycin 0.7
USA300_LAC_U01-Set004_CAMHB_0.8ug/mLVancomycin_2,U01-Set004,USA300 LAC,0.0829,2hr,37,CA-MHB,Vancomycin 0.8,SRR8710730,Sequence Read Archives (SRA),39.1,99.23,13343112,13240791,This Publication,2,USA300 LAC CA-MHB Vancomycin 0.8
USA300_LAC_U01-Set004_R10LB_Control_1,U01-Set004,USA300 LAC,0.3854,2hr,37,RPMI+10%LB,Vancomycin 0,SRR8710739,Sequence Read Archives (SRA),39.0,99.43,15375246,15287828,This Publication,1,USA300 LAC RPMI+10%LB Vancomycin 0
USA300_LAC_U01-Set004_R10LB_0.6ug/mLVancomycin_1,U01-Set004,USA300 LAC,0.24580000000000002,2hr,37,RPMI+10%LB,Vancomycin 0.6,SRR8710738,Sequence Read Archives (SRA),39.0,99.23,15118444,15002781,This Publication,1,USA300 LAC RPMI+10%LB Vancomycin 0.6
USA300_LAC_U01-Set004_R10LB_0.8ug/mLVancomycin_1,U01-Set004,USA300 LAC,0.1869,2hr,37,RPMI+10%LB,Vancomycin 0.8,SRR8710727,Sequence Read Archives (SRA),38.9,99.21,15348576,15227671,This Publication,1,USA300 LAC RPMI+10%LB Vancomycin 0.8
USA300_LAC_U01-Set004_R10LB_Control_2,U01-Set004,USA300 LAC,0.3456,2hr,37,RPMI+10%LB,Vancomycin 0,SRR8710726,Sequence Read Archives (SRA),38.9,99.27,15334236,15221872,This Publication,2,USA300 LAC RPMI+10%LB Vancomycin 0
USA300_LAC_U01-Set004_R10LB_0.6ug/mLVancomycin_2,U01-Set004,USA300 LAC,0.2745,2hr,37,RPMI+10%LB,Vancomycin 0.6,SRR8710729,Sequence Read Archives (SRA),39.0,99.32,14448962,14351075,This Publication,2,USA300 LAC RPMI+10%LB Vancomycin 0.6
USA300_LAC_U01-Set004_R10LB_0.8ug/mLVancomycin_2,U01-Set004,USA300 LAC,0.2025,2hr,37,RPMI+10%LB,Vancomycin 0.8,SRR8710728,Sequence Read Archives (SRA),38.7,99.4,11422132,11353400,This Publication,2,USA300 LAC RPMI+10%LB Vancomycin 0.8
USA300_TCH1516_U01-Set003_CAMHB_Control_2,U01-Set003,USA300 TCH1516,0.8167000000000001,2.5hr,37,CA-MHB,Control,SRR11870502,Sequence Read Archives (SRA),34.6,99.65,15128982,15076063,This Publication,2,USA300 TCH1516 CA-MHB Control
USA300_TCH1516_U01-Set003_CAMHB_0.45ug/mLVancomycin_2,U01-Set003,USA300 TCH1516,0.8300000000000001,2.5hr,37,CA-MHB,Vancomycin 0.45,SRR11870501,Sequence Read Archives (SRA),34.8,99.74,17344004,17298147,This Publication,2,USA300 TCH1516 CA-MHB Vancomycin 0.45
USA300_TCH1516_U01-Set003_CAMHB_0.65ug/mLVancomycin_2,U01-Set003,USA300 TCH1516,0.0446,2.5hr,37,CA-MHB,Vancomycin 0.65,SRR11870500,Sequence Read Archives (SRA),34.8,99.73,18910070,18859930,This Publication,2,USA300 TCH1516 CA-MHB Vancomycin 0.65
USA300_TCH1516_U01-Set003_CAMHB_0.7ug/mLVancomycin_2,U01-Set003,USA300 TCH1516,0.0366,2.5hr,37,CA-MHB,Vancomycin 0.7,SRR11870499,Sequence Read Archives (SRA),34.8,99.73,18483404,18433781,This Publication,2,USA300 TCH1516 CA-MHB Vancomycin 0.7
USA300_TCH1516_U01-Set003_CAMHB_Control_3,U01-Set003,USA300 TCH1516,0.8764000000000001,2.5hr,37,CA-MHB,Control,SRR11870498,Sequence Read Archives (SRA),34.8,99.77,17176522,17136872,This Publication,3,USA300 TCH1516 CA-MHB Control
USA300_TCH1516_U01-Set003_CAMHB_0.45ug/mLVancomycin_3,U01-Set003,USA300 TCH1516,0.9201,2.5hr,37,CA-MHB,Vancomycin 0.45,SRR11870497,Sequence Read Archives (SRA),34.8,99.75,17994352,17948497,This Publication,3,USA300 TCH1516 CA-MHB Vancomycin 0.45
USA300_TCH1516_U01-Set003_CAMHB_0.65ug/mLVancomycin_3,U01-Set003,USA300 TCH1516,0.8679,2.5hr,37,CA-MHB,Vancomycin 0.65,SRR11870496,Sequence Read Archives (SRA),34.8,99.72,19020160,18967321,This Publication,3,USA300 TCH1516 CA-MHB Vancomycin 0.65
USA300_TCH1516_U01-Set003_CAMHB_0.7ug/mLVancomycin_3,U01-Set003,USA300 TCH1516,0.7788,2.5hr,37,CA-MHB,Vancomycin 0.7,SRR11870495,Sequence Read Archives (SRA),34.8,99.7,16633212,16583769,This Publication,3,USA300 TCH1516 CA-MHB Vancomycin 0.7
USA300_LAC_ICA-Set001_R10LB_Control_1,ICA-Set001,USA300 LAC,0.46090000000000003,2hr,37,RPMI+10%LB,Control,SRR11837180,Sequence Read Archives (SRA),37.8,96.78,11263230,10900388,This Publication,1,USA300 LAC RPMI+10%LB Control
USA300_LAC_ICA-Set001_R10LB_Control_2,ICA-Set001,USA300 LAC,0.4661,2hr,37,RPMI+10%LB,Control,SRR11837179,Sequence Read Archives (SRA),38.3,96.56,12120396,11703316,This Publication,2,USA300 LAC RPMI+10%LB Control
USA300_LAC_ICA-Set001_R10LB_1.5mMIle_1,ICA-Set001,USA300 LAC,0.4661,2hr,37,RPMI+10%LB,1.5mMIle,SRR11837167,Sequence Read Archives (SRA),38.2,96.33,10633180,10242840,This Publication,1,USA300 LAC RPMI+10%LB 1.5mMIle
USA300_LAC_ICA-Set001_R10LB_1.5mMIle_2,ICA-Set001,USA300 LAC,0.48610000000000003,2hr,37,RPMI+10%LB,1.5mMIle,SRR11837160,Sequence Read Archives (SRA),38.2,96.6,13718704,13252177,This Publication,2,USA300 LAC RPMI+10%LB 1.5mMIle
USA300_LAC_ICA-Set001_R10LB_4percentNaCl_1,ICA-Set001,USA300 LAC,0.3773,2.25hr,37,RPMI+10%LB,4percentNaCl,SRR11837150,Sequence Read Archives (SRA),38.2,91.64,12727562,11663705,This Publication,1,USA300 LAC RPMI+10%LB 4percentNaCl
USA300_LAC_ICA-Set001_R10LB_4percentNaCl_2,ICA-Set001,USA300 LAC,0.43810000000000004,2.25hr,37,RPMI+10%LB,4percentNaCl,SRR11837149,Sequence Read Archives (SRA),38.2,97.23,10980474,10676138,This Publication,2,USA300 LAC RPMI+10%LB 4percentNaCl
USA300_LAC_ICA-Set001_R10LB_5.5pH_1,ICA-Set001,USA300 LAC,0.4188,2.25hr,37,RPMI+10%LB,5.5pH,SRR11837148,Sequence Read Archives (SRA),38.1,97.45,12346970,12032739,This Publication,1,USA300 LAC RPMI+10%LB 5.5pH
USA300_LAC_ICA-Set001_R10LB_5.5pH_2,ICA-Set001,USA300 LAC,0.39930000000000004,2.25hr,37,RPMI+10%LB,5.5pH,SRR11837147,Sequence Read Archives (SRA),38.2,97.58,13782132,13448158,This Publication,2,USA300 LAC RPMI+10%LB 5.5pH
USA300_TCH1516_BK-Set001_THB_Control_1,BK-Set001,USA300 TCH1516,0.8,UNKNOWN,37,THB,0ug-mL Antibiotic,ERX2284915,Sequence Read Archives (SRA),36.3,99.78,10524650,10501383,29396540,1,USA300 TCH1516 THB 0ug-mL Antibiotic
USA300_TCH1516_BK-Set001_THB_Control_2,BK-Set001,USA300 TCH1516,0.8,UNKNOWN,37,THB,0ug-mL Antibiotic,ERX2284916,Sequence Read Archives (SRA),36.4,99.8,12785530,12759561,29396540,2,USA300 TCH1516 THB 0ug-mL Antibiotic
USA300_TCH1516_BK-Set001_THB_0.25ug/mLLinezolid_1,BK-Set001,USA300 TCH1516,0.8,UNKNOWN,37,THB,0.25ug-mL Linezolid,ERX2284917,Sequence Read Archives (SRA),36.8,99.73,8368858,8346295,29396540,1,USA300 TCH1516 THB 0.25ug-mL Linezolid
USA300_TCH1516_BK-Set001_THB_0.25ug/mLLinezolid_2,BK-Set001,USA300 TCH1516,0.8,UNKNOWN,37,THB,0.25ug-mL Linezolid,ERX2284918,Sequence Read Archives (SRA),36.4,99.83,9733578,9716885,29396540,2,USA300 TCH1516 THB 0.25ug-mL Linezolid
USA300_TCH1516_BK-Set001_THB_2.5ug/mLNafcillin_1,BK-Set001,USA300 TCH1516,0.8,UNKNOWN,37,THB,2.5 ug-mL Nafcillin,ERX2284919,Sequence Read Archives (SRA),36.4,99.81,14096432,14069859,29396540,1,USA300 TCH1516 THB 2.5 ug-mL Nafcillin
USA300_TCH1516_BK-Set001_THB_2.5ug/mLNafcillin_2,BK-Set001,USA300 TCH1516,0.8,UNKNOWN,37,THB,2.5 ug-mL Nafcillin,ERX2284920,Sequence Read Archives (SRA),36.4,99.76,10890292,10863655,29396540,2,USA300 TCH1516 THB 2.5 ug-mL Nafcillin
USA300_TCH1516_BK-Set001_THB_0.5ug/mLVancomycin_1,BK-Set001,USA300 TCH1516,0.8,UNKNOWN,37,THB,0.5ug-mL Vancomycin,ERX228492,Sequence Read Archives (SRA),36.3,99.82,15410680,15382600,29396540,1,USA300 TCH1516 THB 0.5ug-mL Vancomycin
USA300_TCH1516_BK-Set001_THB_0.5ug/mLVancomycin_2,BK-Set001,USA300 TCH1516,0.8,UNKNOWN,37,THB,0.5ug-mL Vancomycin,ERX2284922,Sequence Read Archives (SRA),36.3,99.75,11838908,11809809,29396540,2,USA300 TCH1516 THB 0.5ug-mL Vancomycin
USA300_LAC_ICA-Set002_CAMHB_25mMNaCHO3_1,ICA-Set002,USA300 LAC,0.3471,2.75hr,37,CA-MHB,25mMNaCHO3,SRR11837146,Sequence Read Archives (SRA),34.4,99.66,22293438,22217026,This Publication,1,USA300 LAC CA-MHB 25mMNaCHO3
USA300_LAC_ICA-Set002_CAMHB_25mMNaCHO3_2,ICA-Set002,USA300 LAC,0.3561,2.75hr,37,CA-MHB,25mMNaCHO3,SRR11837145,Sequence Read Archives (SRA),34.5,99.65,15722366,15668108,This Publication,2,USA300 LAC CA-MHB 25mMNaCHO3
USA300_LAC_ICA-Set002_CAMHB_2gLglucose_1,ICA-Set002,USA300 LAC,0.5641,1.25hr,37,CA-MHB,2gLglucose,SRR11837178,Sequence Read Archives (SRA),33.8,99.51,18891478,18799259,This Publication,1,USA300 LAC CA-MHB 2gLglucose
USA300_LAC_ICA-Set002_CAMHB_2gLglucose_2,ICA-Set002,USA300 LAC,0.5592,1.25hr,37,CA-MHB,2gLglucose,SRR11837177,Sequence Read Archives (SRA),34.5,99.59,18866722,18789822,This Publication,2,USA300 LAC CA-MHB 2gLglucose
USA300_LAC_ICA-Set002_CAMHB_Control_1,ICA-Set002,USA300 LAC,0.3946,2.5hr,37,CA-MHB,Control,SRR11837175,Sequence Read Archives (SRA),34.5,99.6,17981390,17910051,This Publication,1,USA300 LAC CA-MHB Control
USA300_LAC_ICA-Set002_CAMHB_Control_2,ICA-Set002,USA300 LAC,0.36860000000000004,2.5hr,37,CA-MHB,Control,SRR11837174,Sequence Read Archives (SRA),34.5,99.65,18963148,18896608,This Publication,2,USA300 LAC CA-MHB Control
USA300_LAC_ICA-Set002_R10LB_25ugmLadenine_1,ICA-Set002,USA300 LAC,0.3517,1.33hr,37,RPMI+10%LB,25ugmLadenine,SRR11837173,Sequence Read Archives (SRA),34.5,99.61,18735714,18663515,This Publication,1,USA300 LAC RPMI+10%LB 25ugmLadenine
USA300_LAC_ICA-Set002_R10LB_25ugmLadenine_2,ICA-Set002,USA300 LAC,0.3587,1.33hr,37,RPMI+10%LB,25ugmLadenine,SRR11837176,Sequence Read Archives (SRA),34.5,99.68,19905674,19842514,This Publication,2,USA300 LAC RPMI+10%LB 25ugmLadenine
USA300_LAC_ICA-Set002_R10LB_25ugmLguanine_1,ICA-Set002,USA300 LAC,0.4693,1.25hr,37,RPMI+10%LB,25ugmLguanine,SRR11837172,Sequence Read Archives (SRA),34.5,99.58,22558968,22463134,This Publication,1,USA300 LAC RPMI+10%LB 25ugmLguanine
USA300_LAC_ICA-Set002_R10LB_25ugmLguanine_2,ICA-Set002,USA300 LAC,0.46030000000000004,1.25hr,37,RPMI+10%LB,25ugmLguanine,SRR11837171,Sequence Read Archives (SRA),34.5,99.57,21664576,21570723,This Publication,2,USA300 LAC RPMI+10%LB 25ugmLguanine
USA300_SNFM1_ICA-Set002_CAMHB_Control_1,ICA-Set002,USA300 SNFM1,0.45640000000000003,2hr,37,CA-MHB,Control,SRR11869070,Sequence Read Archives (SRA),34.5,99.54,17925406,17842482,This Publication,1,USA300 SNFM1 CA-MHB Control
USA300_SNFM1_ICA-Set002_CAMHB_Control_2,ICA-Set002,USA300 SNFM1,0.5116,2hr,37,CA-MHB,Control,SRR11869069,Sequence Read Archives (SRA),34.4,99.53,14208984,14141935,This Publication,2,USA300 SNFM1 CA-MHB Control
USA300_SNFM1_ICA-Set002_R10LB_Control_1,ICA-Set002,USA300 SNFM1,0.43260000000000004,2.25hr,37,RPMI+10%LB,Control,SRR11869068,Sequence Read Archives (SRA),33.5,99.56,15571224,15502800,This Publication,1,USA300 SNFM1 RPMI+10%LB Control
USA300_SNFM1_ICA-Set002_R10LB_Control_2,ICA-Set002,USA300 SNFM1,0.44,2.25hr,37,RPMI+10%LB,Control,SRR11869067,Sequence Read Archives (SRA),34.4,99.61,16412728,16348863,This Publication,2,USA300 SNFM1 RPMI+10%LB Control
USA300_SNFR19_ICA-Set002_CAMHB_Control_1,ICA-Set002,USA300 SNFR19,0.38,2.25hr,37,CA-MHB,Control,SRR11869065,Sequence Read Archives (SRA),34.5,99.64,19085460,19017617,This Publication,1,USA300 SNFR19 CA-MHB Control
USA300_SNFR19_ICA-Set002_CAMHB_Control_2,ICA-Set002,USA300 SNFR19,0.41440000000000005,2.25hr,37,CA-MHB,Control,SRR11869064,Sequence Read Archives (SRA),34.5,99.64,19479256,19409703,This Publication,2,USA300 SNFR19 CA-MHB Control
USA300_SNFR19_ICA-Set002_R10LB_Control_1,ICA-Set002,USA300 SNFR19,0.4169,2.25hr,37,RPMI+10%LB,Control,SRR11869063,Sequence Read Archives (SRA),34.5,99.64,21585584,21508064,This Publication,1,USA300 SNFR19 RPMI+10%LB Control
USA300_SNFR19_ICA-Set002_R10LB_Control_2,ICA-Set002,USA300 SNFR19,0.4484,2.25hr,37,RPMI+10%LB,Control,SRR11869066,Sequence Read Archives (SRA),34.5,99.59,21895434,21806069,This Publication,2,USA300 SNFR19 RPMI+10%LB Control
USA300_TCH1516_ICA-Set002_CAMHB_Control_1,ICA-Set002,USA300 TCH1516,0.42010000000000003,2hr,37,CA-MHB,Control,SRR11837170,Sequence Read Archives (SRA),34.5,99.63,16403066,16342529,This Publication,1,USA300 TCH1516 CA-MHB Control
USA300_TCH1516_ICA-Set002_CAMHB_Control_2,ICA-Set002,USA300 TCH1516,0.42250000000000004,2hr,37,CA-MHB,Control,SRR11837169,Sequence Read Archives (SRA),34.4,99.62,16940844,16876029,This Publication,2,USA300 TCH1516 CA-MHB Control
USA300_TCH1516_ICA-Set002_R10LB_Control_1,ICA-Set002,USA300 TCH1516,0.3899,2.42hr,37,RPMI+10%LB,Control,SRR11837166,Sequence Read Archives (SRA),34.3,99.46,14836008,14755506,This Publication,1,USA300 TCH1516 RPMI+10%LB Control
USA300_TCH1516_ICA-Set002_R10LB_Control_2,ICA-Set002,USA300 TCH1516,0.3962,2.42hr,37,RPMI+10%LB,Control,SRR11837165,Sequence Read Archives (SRA),34.6,99.49,15989772,15907702,This Publication,2,USA300 TCH1516 RPMI+10%LB Control
USA300_LAC_ICA-Set002_R10LBnoGlu_1gLmaltose_2,ICA-Set002,USA300 LAC,0.1532,3.33hr,37,R10LBnoGlu,1gLmaltose,SRR11837168,Sequence Read Archives (SRA),34.9,99.75,20673708,20622050,This Publication,2,USA300 LAC R10LBnoGlu 1gLmaltose
USA300_LAC_ICA-Set002_CAMHB_0.0195ug/mLMupirocin_1,ICA-Set002,USA300 LAC,0.0806,5.5hr,37,CAMHB,0.0195ug/mLMupirocin,SRR11837164,Sequence Read Archives (SRA),34.8,99.72,16059464,16013885,This Publication,1,USA300 LAC CAMHB 0.0195ug/mLMupirocin
USA300_LAC_ICA-Set002_R10LBnoGlu_1gLmaltose_1,ICA-Set002,USA300 LAC,0.3794,3.33hr,37,R10LBnoGlu,1gLmaltose,SRR11837163,Sequence Read Archives (SRA),34.6,99.74,18167686,18121200,This Publication,1,USA300 LAC R10LBnoGlu 1gLmaltose
USA300_LAC_ICA-Set002_CAMHB_0.0195ug/mLMupirocin_2,ICA-Set002,USA300 LAC,0.0489,5.5hr,37,CAMHB,0.0195ug/mLMupirocin,SRR11837162,Sequence Read Archives (SRA),34.6,99.68,15437318,15387627,This Publication,2,USA300 LAC CAMHB 0.0195ug/mLMupirocin
USA300_TCH1516_ICA-Set003_250nMParaquat_1,ICA-Set003,USA300 TCH1516,0.5298,3hr,37,CA-MHB,250nMParaquat,SRR11837161,Sequence Read Archives (SRA),34.8,99.45,18580724,18479226,This Publication,1,USA300 TCH1516 CA-MHB 250nMParaquat
USA300_TCH1516_ICA-Set003_250nMParaquat_2,ICA-Set003,USA300 TCH1516,0.5062,3hr,37,CA-MHB,250nMParaquat,SRR11837159,Sequence Read Archives (SRA),34.8,99.62,15882998,15822872,This Publication,2,USA300 TCH1516 CA-MHB 250nMParaquat
USA300_TCH1516_ICA-Set003_2gLGalactose_1,ICA-Set003,USA300 TCH1516,0.4912,3hr,37,CA-MHB,2gLGalactose,SRR11837158,Sequence Read Archives (SRA),34.7,99.5,11500364,11442568,This Publication,1,USA300 TCH1516 CA-MHB 2gLGalactose
USA300_TCH1516_ICA-Set003_2gLGalactose_2,ICA-Set003,USA300 TCH1516,0.5108,3hr,37,CA-MHB,2gLGalactose,SRR11837157,Sequence Read Archives (SRA),34.8,99.62,14269074,14214853,This Publication,2,USA300 TCH1516 CA-MHB 2gLGalactose
USA300_TCH1516_ICA-Set003_2gLPyruvate_1,ICA-Set003,USA300 TCH1516,0.47950000000000004,3hr,37,CA-MHB,2gLPyruvate,SRR11837156,Sequence Read Archives (SRA),34.8,99.57,15685940,15618303,This Publication,1,USA300 TCH1516 CA-MHB 2gLPyruvate
USA300_TCH1516_ICA-Set003_2gLPyruvate_2,ICA-Set003,USA300 TCH1516,0.4912,3hr,37,CA-MHB,2gLPyruvate,SRR11837155,Sequence Read Archives (SRA),34.8,99.55,19107200,19020608,This Publication,2,USA300 TCH1516 CA-MHB 2gLPyruvate
USA300_TCH1516_ICA-Set003_Control_1,ICA-Set003,USA300 TCH1516,0.5429,3hr,37,CA-MHB,Control,SRR11837154,Sequence Read Archives (SRA),34.8,99.51,16454532,16373398,This Publication,1,USA300 TCH1516 CA-MHB Control
USA300_TCH1516_ICA-Set003_Control_2,ICA-Set003,USA300 TCH1516,0.5265000000000001,3hr,37,CA-MHB,Control,SRR11837153,Sequence Read Archives (SRA),34.8,99.47,18137230,18040926,This Publication,2,USA300 TCH1516 CA-MHB Control
USA300_TCH1516_ICA-Set003_StationaryPhase_1,ICA-Set003,USA300 TCH1516,1.0539,4hr,37,CA-MHB,StationaryPhase,SRR11837152,Sequence Read Archives (SRA),34.8,99.67,15266876,15216296,This Publication,1,USA300 TCH1516 CA-MHB StationaryPhase
USA300_TCH1516_ICA-Set003_StationaryPhase_2,ICA-Set003,USA300 TCH1516,1.0433,4hr,37,CA-MHB,StationaryPhase,SRR11837151,Sequence Read Archives (SRA),34.8,99.63,13885596,13834682,This Publication,2,USA300 TCH1516 CA-MHB StationaryPhase
