,regulator_locus,gene_id,regulator_new,gene_id_new,source,regulator
0,PSPTO_1158,PSPTO_1157,PSPTO_RS06115,PSPTO_RS06110,RegPrecise; https://regprecise.lbl.gov/genome.jsp?genome_id=270,RutR
1,PSPTO_1158,PSPTO_1156,PSPTO_RS06115,PSPTO_RS06105,RegPrecise; https://regprecise.lbl.gov/genome.jsp?genome_id=270,RutR
2,PSPTO_1158,PSPTO_1155,PSPTO_RS06115,PSPTO_RS06100,RegPrecise; https://regprecise.lbl.gov/genome.jsp?genome_id=270,RutR
3,PSPTO_1158,PSPTO_1154,PSPTO_RS06115,PSPTO_RS06095,RegPrecise; https://regprecise.lbl.gov/genome.jsp?genome_id=270,RutR
4,PSPTO_1158,PSPTO_1153,PSPTO_RS06115,PSPTO_RS06090,RegPrecise; https://regprecise.lbl.gov/genome.jsp?genome_id=270,RutR
5,PSPTO_1158,PSPTO_1158,PSPTO_RS06115,PSPTO_RS06115,RegPrecise; https://regprecise.lbl.gov/genome.jsp?genome_id=270,RutR
6,PSPTO_1823,PSPTO_1823,PSPTO_RS09500,PSPTO_RS09500,RegPrecise; https://regprecise.lbl.gov/genome.jsp?genome_id=270,PhhR
7,PSPTO_1823,PSPTO_1822,PSPTO_RS09500,PSPTO_RS09495,RegPrecise; https://regprecise.lbl.gov/genome.jsp?genome_id=270,PhhR
8,PSPTO_1823,PSPTO_1821,PSPTO_RS09500,PSPTO_RS09490,RegPrecise; https://regprecise.lbl.gov/genome.jsp?genome_id=270,PhhR
9,PSPTO_1299,PSPTO_1299,PSPTO_RS06850,PSPTO_RS06850,RegPrecise; https://regprecise.lbl.gov/genome.jsp?genome_id=270,HexR
10,PSPTO_1299,PSPTO_1288,PSPTO_RS06850,PSPTO_RS06800,RegPrecise; https://regprecise.lbl.gov/genome.jsp?genome_id=270,HexR
11,PSPTO_1299,PSPTO_1289,PSPTO_RS06850,PSPTO_RS06805,RegPrecise; https://regprecise.lbl.gov/genome.jsp?genome_id=270,HexR
12,PSPTO_1299,PSPTO_1290,PSPTO_RS06850,PSPTO_RS06810,RegPrecise; https://regprecise.lbl.gov/genome.jsp?genome_id=270,HexR
13,PSPTO_1299,PSPTO_1291,PSPTO_RS06850,PSPTO_RS06815,RegPrecise; https://regprecise.lbl.gov/genome.jsp?genome_id=270,HexR
14,PSPTO_1299,PSPTO_1300,PSPTO_RS06850,PSPTO_RS06855,RegPrecise; https://regprecise.lbl.gov/genome.jsp?genome_id=270,HexR
15,PSPTO_1299,PSPTO_1301,PSPTO_RS06850,PSPTO_RS06860,RegPrecise; https://regprecise.lbl.gov/genome.jsp?genome_id=270,HexR
16,PSPTO_1299,PSPTO_1302,PSPTO_RS06850,PSPTO_RS06865,RegPrecise; https://regprecise.lbl.gov/genome.jsp?genome_id=270,HexR
17,PSPTO_1299,PSPTO_1287,PSPTO_RS06850,PSPTO_RS06795,RegPrecise; https://regprecise.lbl.gov/genome.jsp?genome_id=270,HexR
18,PSPTO_4908,PSPTO_2211,PSPTO_RS25370,PSPTO_RS11485,RegPrecise; https://regprecise.lbl.gov/genome.jsp?genome_id=270,PSPTO_4908
19,PSPTO_5515,PSPTO_5005,PSPTO_RS28570,PSPTO_RS25880,RegPrecise; https://regprecise.lbl.gov/genome.jsp?genome_id=270,HexR
20,PSPTO_5515,PSPTO_5006,PSPTO_RS28570,PSPTO_RS25885,RegPrecise; https://regprecise.lbl.gov/genome.jsp?genome_id=270,HexR
21,PSPTO_5515,PSPTO_5515,PSPTO_RS28570,PSPTO_RS28570,RegPrecise; https://regprecise.lbl.gov/genome.jsp?genome_id=270,HexR
22,PSPTO_0610,PSPTO_0494,PSPTO_RS03215,PSPTO_RS02575,RegPrecise; https://regprecise.lbl.gov/genome.jsp?genome_id=270,BirA
23,PSPTO_0610,PSPTO_0495,PSPTO_RS03215,PSPTO_RS02580,RegPrecise; https://regprecise.lbl.gov/genome.jsp?genome_id=270,BirA
24,PSPTO_0610,PSPTO_0496,PSPTO_RS03215,PSPTO_RS02585,RegPrecise; https://regprecise.lbl.gov/genome.jsp?genome_id=270,BirA
25,PSPTO_0610,PSPTO_0497,PSPTO_RS03215,PSPTO_RS02590,RegPrecise; https://regprecise.lbl.gov/genome.jsp?genome_id=270,BirA
26,PSPTO_0610,PSPTO_0498,PSPTO_RS03215,PSPTO_RS02595,RegPrecise; https://regprecise.lbl.gov/genome.jsp?genome_id=270,BirA
27,PSPTO_0610,PSPTO_0493,PSPTO_RS03215,PSPTO_RS02570,RegPrecise; https://regprecise.lbl.gov/genome.jsp?genome_id=270,BirA
28,PSPTO_0689,PSPTO_1661,PSPTO_RS03645,PSPTO_RS08695,RegPrecise; https://regprecise.lbl.gov/genome.jsp?genome_id=270,NrdR
29,PSPTO_0689,PSPTO_1671,PSPTO_RS03645,PSPTO_RS08735,RegPrecise; https://regprecise.lbl.gov/genome.jsp?genome_id=270,NrdR
30,PSPTO_0689,PSPTO_3514,PSPTO_RS03645,PSPTO_RS18170,RegPrecise; https://regprecise.lbl.gov/genome.jsp?genome_id=270,NrdR
31,PSPTO_0384,PSPTO_0384,PSPTO_RS02020,PSPTO_RS02020,RegPrecise; https://regprecise.lbl.gov/genome.jsp?genome_id=270,PSPTO_0384
32,PSPTO_0384,PSPTO_0383,PSPTO_RS02020,PSPTO_RS02015,RegPrecise; https://regprecise.lbl.gov/genome.jsp?genome_id=270,PSPTO_0384
33,PSPTO_5267,PSPTO_5526,PSPTO_RS27215,PSPTO_RS28625,RegPrecise; https://regprecise.lbl.gov/genome.jsp?genome_id=270,PSPTO_5267
34,PSPTO_5267,PSPTO_5525,PSPTO_RS27215,PSPTO_RS28620,RegPrecise; https://regprecise.lbl.gov/genome.jsp?genome_id=270,PSPTO_5267
35,PSPTO_5267,PSPTO_2578,PSPTO_RS27215,PSPTO_RS13340,RegPrecise; https://regprecise.lbl.gov/genome.jsp?genome_id=270,PSPTO_5267
36,PSPTO_5267,PSPTO_2579,PSPTO_RS27215,PSPTO_RS13345,RegPrecise; https://regprecise.lbl.gov/genome.jsp?genome_id=270,PSPTO_5267
37,PSPTO_5267,PSPTO_2580,PSPTO_RS27215,PSPTO_RS13350,RegPrecise; https://regprecise.lbl.gov/genome.jsp?genome_id=270,PSPTO_5267
38,PSPTO_5267,PSPTO_5527,PSPTO_RS27215,PSPTO_RS28630,RegPrecise; https://regprecise.lbl.gov/genome.jsp?genome_id=270,PSPTO_5267
39,PSPTO_5267,PSPTO_0683,PSPTO_RS27215,PSPTO_RS03615,RegPrecise; https://regprecise.lbl.gov/genome.jsp?genome_id=270,PSPTO_5267
40,PSPTO_5267,PSPTO_5267,PSPTO_RS27215,PSPTO_RS27215,RegPrecise; https://regprecise.lbl.gov/genome.jsp?genome_id=270,PSPTO_5267
41,PSPTO_5267,PSPTO_5266,PSPTO_RS27215,PSPTO_RS27210,RegPrecise; https://regprecise.lbl.gov/genome.jsp?genome_id=270,PSPTO_5267
42,PSPTO_5267,PSPTO_5265,PSPTO_RS27215,PSPTO_RS27205,RegPrecise; https://regprecise.lbl.gov/genome.jsp?genome_id=270,PSPTO_5267
43,PSPTO_5267,PSPTO_5268,PSPTO_RS27215,PSPTO_RS27220,RegPrecise; https://regprecise.lbl.gov/genome.jsp?genome_id=270,PSPTO_5267
44,PSPTO_2286,PSPTO_2286,PSPTO_RS11855,PSPTO_RS11855,RegPrecise; https://regprecise.lbl.gov/genome.jsp?genome_id=270,PSPTO_2286
45,PSPTO_2286,PSPTO_2287,PSPTO_RS11855,PSPTO_RS11860,RegPrecise; https://regprecise.lbl.gov/genome.jsp?genome_id=270,PSPTO_2286
46,PSPTO_5172,PSPTO_5172,PSPTO_RS26730,PSPTO_RS26730,RegPrecise; https://regprecise.lbl.gov/genome.jsp?genome_id=270,HutC
47,PSPTO_5172,PSPTO_5173,PSPTO_RS26730,PSPTO_RS26735,RegPrecise; https://regprecise.lbl.gov/genome.jsp?genome_id=270,HutC
48,PSPTO_5172,PSPTO_5171,PSPTO_RS26730,PSPTO_RS26725,RegPrecise; https://regprecise.lbl.gov/genome.jsp?genome_id=270,HutC
49,PSPTO_5172,PSPTO_5270,PSPTO_RS26730,PSPTO_RS27230,RegPrecise; https://regprecise.lbl.gov/genome.jsp?genome_id=270,HutC
50,PSPTO_5172,PSPTO_5271,PSPTO_RS26730,PSPTO_RS27235,RegPrecise; https://regprecise.lbl.gov/genome.jsp?genome_id=270,HutC
51,PSPTO_5172,PSPTO_5272,PSPTO_RS26730,PSPTO_RS27240,RegPrecise; https://regprecise.lbl.gov/genome.jsp?genome_id=270,HutC
52,PSPTO_5172,PSPTO_5273,PSPTO_RS26730,PSPTO_RS27245,RegPrecise; https://regprecise.lbl.gov/genome.jsp?genome_id=270,HutC
53,PSPTO_5172,PSPTO_5274,PSPTO_RS26730,PSPTO_RS27250,RegPrecise; https://regprecise.lbl.gov/genome.jsp?genome_id=270,HutC
54,PSPTO_5172,PSPTO_5275,PSPTO_RS26730,PSPTO_RS27255,RegPrecise; https://regprecise.lbl.gov/genome.jsp?genome_id=270,HutC
55,PSPTO_5172,PSPTO_5276,PSPTO_RS26730,PSPTO_RS27260,RegPrecise; https://regprecise.lbl.gov/genome.jsp?genome_id=270,HutC
56,PSPTO_5172,PSPTO_5277,PSPTO_RS26730,PSPTO_RS27265,RegPrecise; https://regprecise.lbl.gov/genome.jsp?genome_id=270,HutC
57,PSPTO_5172,PSPTO_5278,PSPTO_RS26730,PSPTO_RS27270,RegPrecise; https://regprecise.lbl.gov/genome.jsp?genome_id=270,HutC
58,PSPTO_1422,PSPTO_0605,PSPTO_RS07465,PSPTO_RS03170,RegPrecise; https://regprecise.lbl.gov/genome.jsp?genome_id=270,IscR
59,PSPTO_1422,PSPTO_1422,PSPTO_RS07465,PSPTO_RS07465,RegPrecise; https://regprecise.lbl.gov/genome.jsp?genome_id=270,IscR
60,PSPTO_1422,PSPTO_1423,PSPTO_RS07465,PSPTO_RS07470,RegPrecise; https://regprecise.lbl.gov/genome.jsp?genome_id=270,IscR
61,PSPTO_1422,PSPTO_1424,PSPTO_RS07465,PSPTO_RS07475,RegPrecise; https://regprecise.lbl.gov/genome.jsp?genome_id=270,IscR
62,PSPTO_1422,PSPTO_1425,PSPTO_RS07465,PSPTO_RS07480,RegPrecise; https://regprecise.lbl.gov/genome.jsp?genome_id=270,IscR
63,PSPTO_1422,PSPTO_1426,PSPTO_RS07465,PSPTO_RS07485,RegPrecise; https://regprecise.lbl.gov/genome.jsp?genome_id=270,IscR
64,PSPTO_1422,PSPTO_1427,PSPTO_RS07465,PSPTO_RS07490,RegPrecise; https://regprecise.lbl.gov/genome.jsp?genome_id=270,IscR
65,PSPTO_1422,PSPTO_1428,PSPTO_RS07465,PSPTO_RS07495,RegPrecise; https://regprecise.lbl.gov/genome.jsp?genome_id=270,IscR
66,PSPTO_1422,PSPTO_1429,PSPTO_RS07465,PSPTO_RS07500,RegPrecise; https://regprecise.lbl.gov/genome.jsp?genome_id=270,IscR
67,PSPTO_0352,PSPTO_0217,PSPTO_RS01865,PSPTO_RS01145,RegPrecise; https://regprecise.lbl.gov/genome.jsp?genome_id=270,NtrC
68,PSPTO_0352,PSPTO_0218,PSPTO_RS01865,PSPTO_RS01150,RegPrecise; https://regprecise.lbl.gov/genome.jsp?genome_id=270,NtrC
69,PSPTO_0352,PSPTO_5500,PSPTO_RS01865,PSPTO_RS28500,RegPrecise; https://regprecise.lbl.gov/genome.jsp?genome_id=270,NtrC
70,PSPTO_0352,PSPTO_5501,PSPTO_RS01865,PSPTO_RS28505,RegPrecise; https://regprecise.lbl.gov/genome.jsp?genome_id=270,NtrC
71,PSPTO_0352,PSPTO_2059,PSPTO_RS01865,PSPTO_RS10665,RegPrecise; https://regprecise.lbl.gov/genome.jsp?genome_id=270,NtrC
72,PSPTO_0352,PSPTO_2060,PSPTO_RS01865,PSPTO_RS10670,RegPrecise; https://regprecise.lbl.gov/genome.jsp?genome_id=270,NtrC
73,PSPTO_0352,PSPTO_2061,PSPTO_RS01865,PSPTO_RS10675,RegPrecise; https://regprecise.lbl.gov/genome.jsp?genome_id=270,NtrC
74,PSPTO_0352,PSPTO_0359,PSPTO_RS01865,PSPTO_RS01895,RegPrecise; https://regprecise.lbl.gov/genome.jsp?genome_id=270,NtrC
75,PSPTO_0352,PSPTO_0353,PSPTO_RS01865,PSPTO_RS01870,RegPrecise; https://regprecise.lbl.gov/genome.jsp?genome_id=270,NtrC
76,PSPTO_0352,PSPTO_0352,PSPTO_RS01865,PSPTO_RS01865,RegPrecise; https://regprecise.lbl.gov/genome.jsp?genome_id=270,NtrC
77,PSPTO_0953,PSPTO_0954,PSPTO_RS05030,PSPTO_RS05035,RegPrecise; https://regprecise.lbl.gov/genome.jsp?genome_id=270,Cra
78,PSPTO_0953,PSPTO_0955,PSPTO_RS05030,PSPTO_RS05040,RegPrecise; https://regprecise.lbl.gov/genome.jsp?genome_id=270,Cra
79,PSPTO_0953,PSPTO_0956,PSPTO_RS05030,PSPTO_RS05045,RegPrecise; https://regprecise.lbl.gov/genome.jsp?genome_id=270,Cra
80,PSPTO_0953,PSPTO_0953,PSPTO_RS05030,PSPTO_RS05030,RegPrecise; https://regprecise.lbl.gov/genome.jsp?genome_id=270,Cra
81,PSPTO_2370,PSPTO_2367,PSPTO_RS12305,PSPTO_RS12290,RegPrecise; https://regprecise.lbl.gov/genome.jsp?genome_id=270,RbsR
82,PSPTO_2370,PSPTO_2368,PSPTO_RS12305,PSPTO_RS12295,RegPrecise; https://regprecise.lbl.gov/genome.jsp?genome_id=270,RbsR
83,PSPTO_2370,PSPTO_2369,PSPTO_RS12305,PSPTO_RS12300,RegPrecise; https://regprecise.lbl.gov/genome.jsp?genome_id=270,RbsR
84,PSPTO_2370,PSPTO_2370,PSPTO_RS12305,PSPTO_RS12305,RegPrecise; https://regprecise.lbl.gov/genome.jsp?genome_id=270,RbsR
85,PSPTO_2370,PSPTO_2371,PSPTO_RS12305,PSPTO_RS12310,RegPrecise; https://regprecise.lbl.gov/genome.jsp?genome_id=270,RbsR
86,PSPTO_2370,PSPTO_2372,PSPTO_RS12305,PSPTO_RS12315,RegPrecise; https://regprecise.lbl.gov/genome.jsp?genome_id=270,RbsR
87,PSPTO_2370,PSPTO_2373,PSPTO_RS12305,PSPTO_RS12320,RegPrecise; https://regprecise.lbl.gov/genome.jsp?genome_id=270,RbsR
88,PSPTO_0492,PSPTO_2973,PSPTO_RS02565,PSPTO_RS15360,RegPrecise; https://regprecise.lbl.gov/genome.jsp?genome_id=270,PSPTO_0492
89,PSPTO_0492,PSPTO_2974,PSPTO_RS02565,PSPTO_RS15365,RegPrecise; https://regprecise.lbl.gov/genome.jsp?genome_id=270,PSPTO_0492
90,PSPTO_0492,PSPTO_2975,PSPTO_RS02565,PSPTO_RS15370,RegPrecise; https://regprecise.lbl.gov/genome.jsp?genome_id=270,PSPTO_0492
91,PSPTO_3510,PSPTO_4120,PSPTO_RS18150,PSPTO_RS21345,RegPrecise; https://regprecise.lbl.gov/genome.jsp?genome_id=270,LexA
92,PSPTO_3510,PSPTO_1197,PSPTO_RS18150,PSPTO_RS06330,RegPrecise; https://regprecise.lbl.gov/genome.jsp?genome_id=270,LexA
93,PSPTO_3510,PSPTO_4033,PSPTO_RS18150,PSPTO_RS20915,RegPrecise; https://regprecise.lbl.gov/genome.jsp?genome_id=270,LexA
94,PSPTO_3510,PSPTO_4032,PSPTO_RS18150,PSPTO_RS20910,RegPrecise; https://regprecise.lbl.gov/genome.jsp?genome_id=270,LexA
95,PSPTO_3510,PSPTO_2478,PSPTO_RS18150,PSPTO_RS12860,RegPrecise; https://regprecise.lbl.gov/genome.jsp?genome_id=270,LexA
96,PSPTO_3510,PSPTOA0002,PSPTO_RS18150,PSPTO_RS29460,RegPrecise; https://regprecise.lbl.gov/genome.jsp?genome_id=270,LexA
97,PSPTO_3510,PSPTO_2365,PSPTO_RS18150,PSPTO_RS12280,RegPrecise; https://regprecise.lbl.gov/genome.jsp?genome_id=270,LexA
98,PSPTO_3510,PSPTO_3510,PSPTO_RS18150,PSPTO_RS18150,RegPrecise; https://regprecise.lbl.gov/genome.jsp?genome_id=270,LexA
99,PSPTO_3510,PSPTO_3511,PSPTO_RS18150,PSPTO_RS18155,RegPrecise; https://regprecise.lbl.gov/genome.jsp?genome_id=270,LexA
100,PSPTO_3510,PSPTO_4507,PSPTO_RS18150,PSPTO_RS23345,RegPrecise; https://regprecise.lbl.gov/genome.jsp?genome_id=270,LexA
101,PSPTO_3510,PSPTO_5254,PSPTO_RS18150,PSPTO_RS27145,RegPrecise; https://regprecise.lbl.gov/genome.jsp?genome_id=270,LexA
102,PSPTO_3510,PSPTO_3272,PSPTO_RS18150,PSPTO_RS16935,RegPrecise; https://regprecise.lbl.gov/genome.jsp?genome_id=270,LexA
103,PSPTO_3510,PSPTO_1197,PSPTO_RS18150,PSPTO_RS06330,RegPrecise; https://regprecise.lbl.gov/genome.jsp?genome_id=270,LexA
104,PSPTO_2743,PSPTO_2739,PSPTO_RS14185,PSPTO_RS14160,RegPrecise; https://regprecise.lbl.gov/genome.jsp?genome_id=270,PSPTO_2743
105,PSPTO_2743,PSPTO_2738,PSPTO_RS14185,PSPTO_RS14155,RegPrecise; https://regprecise.lbl.gov/genome.jsp?genome_id=270,PSPTO_2743
106,PSPTO_2743,PSPTO_2737,PSPTO_RS14185,PSPTO_RS14150,RegPrecise; https://regprecise.lbl.gov/genome.jsp?genome_id=270,PSPTO_2743
107,PSPTO_2743,PSPTO_2736,PSPTO_RS14185,PSPTO_RS14145,RegPrecise; https://regprecise.lbl.gov/genome.jsp?genome_id=270,PSPTO_2743
108,PSPTO_2743,PSPTO_2743,PSPTO_RS14185,PSPTO_RS14185,RegPrecise; https://regprecise.lbl.gov/genome.jsp?genome_id=270,PSPTO_2743
109,PSPTO_2743,PSPTO_2742,PSPTO_RS14185,PSPTO_RS14180,RegPrecise; https://regprecise.lbl.gov/genome.jsp?genome_id=270,PSPTO_2743
110,PSPTO_3508,PSPTO_2192,PSPTO_RS18145,PSPTO_RS11390,RegPrecise; https://regprecise.lbl.gov/genome.jsp?genome_id=270,PsrA
111,PSPTO_3508,PSPTO_3517,PSPTO_RS18145,PSPTO_RS18185,RegPrecise; https://regprecise.lbl.gov/genome.jsp?genome_id=270,PsrA
112,PSPTO_3508,PSPTO_3516,PSPTO_RS18145,PSPTO_RS18180,RegPrecise; https://regprecise.lbl.gov/genome.jsp?genome_id=270,PsrA
113,PSPTO_3508,PSPTO_0500,PSPTO_RS18145,PSPTO_RS02605,RegPrecise; https://regprecise.lbl.gov/genome.jsp?genome_id=270,PsrA
114,PSPTO_3508,PSPTO_2185,PSPTO_RS18145,PSPTO_RS11355,RegPrecise; https://regprecise.lbl.gov/genome.jsp?genome_id=270,PsrA
115,PSPTO_3508,PSPTO_2186,PSPTO_RS18145,PSPTO_RS11360,RegPrecise; https://regprecise.lbl.gov/genome.jsp?genome_id=270,PsrA
116,PSPTO_3508,PSPTO_3508,PSPTO_RS18145,PSPTO_RS18145,RegPrecise; https://regprecise.lbl.gov/genome.jsp?genome_id=270,PsrA
117,PSPTO_3508,PSPTO_2726,PSPTO_RS18145,PSPTO_RS14095,RegPrecise; https://regprecise.lbl.gov/genome.jsp?genome_id=270,PsrA
118,PSPTO_3508,PSPTO_2725,PSPTO_RS18145,PSPTO_RS14090,RegPrecise; https://regprecise.lbl.gov/genome.jsp?genome_id=270,PsrA
119,PSPTO_3508,PSPTO_0134,PSPTO_RS18145,PSPTO_RS00710,RegPrecise; https://regprecise.lbl.gov/genome.jsp?genome_id=270,PsrA
120,PSPTO_3508,PSPTO_1565,PSPTO_RS18145,PSPTO_RS08200,RegPrecise; https://regprecise.lbl.gov/genome.jsp?genome_id=270,PsrA
121,PSPTO_0771,PSPTO_3671,PSPTO_RS04055,PSPTO_RS18990,RegPrecise; https://regprecise.lbl.gov/genome.jsp?genome_id=270,PSPTO_0771
122,PSPTO_0771,PSPTO_3666,PSPTO_RS04055,PSPTO_RS18965,RegPrecise; https://regprecise.lbl.gov/genome.jsp?genome_id=270,PSPTO_0771
123,PSPTO_0771,PSPTO_3667,PSPTO_RS04055,PSPTO_RS18970,RegPrecise; https://regprecise.lbl.gov/genome.jsp?genome_id=270,PSPTO_0771
124,PSPTO_0771,PSPTO_3668,PSPTO_RS04055,PSPTO_RS18975,RegPrecise; https://regprecise.lbl.gov/genome.jsp?genome_id=270,PSPTO_0771
125,PSPTO_0771,PSPTO_3669,PSPTO_RS04055,PSPTO_RS18980,RegPrecise; https://regprecise.lbl.gov/genome.jsp?genome_id=270,PSPTO_0771
126,PSPTO_0771,PSPTO_3670,PSPTO_RS04055,PSPTO_RS18985,RegPrecise; https://regprecise.lbl.gov/genome.jsp?genome_id=270,PSPTO_0771
127,PSPTO_0771,PSPTO_0769,PSPTO_RS04055,PSPTO_RS04045,RegPrecise; https://regprecise.lbl.gov/genome.jsp?genome_id=270,PSPTO_0771
128,PSPTO_0771,PSPTO_0768,PSPTO_RS04055,PSPTO_RS04040,RegPrecise; https://regprecise.lbl.gov/genome.jsp?genome_id=270,PSPTO_0771
129,PSPTO_0771,PSPTO_0767,PSPTO_RS04055,PSPTO_RS04035,RegPrecise; https://regprecise.lbl.gov/genome.jsp?genome_id=270,PSPTO_0771
130,PSPTO_0771,PSPTO_0772,PSPTO_RS04055,PSPTO_RS04060,RegPrecise; https://regprecise.lbl.gov/genome.jsp?genome_id=270,PSPTO_0771
131,PSPTO_0771,PSPTO_0771,PSPTO_RS04055,PSPTO_RS04055,RegPrecise; https://regprecise.lbl.gov/genome.jsp?genome_id=270,PSPTO_0771
132,PSPTO_0771,PSPTO_0770,PSPTO_RS04055,PSPTO_RS04050,RegPrecise; https://regprecise.lbl.gov/genome.jsp?genome_id=270,PSPTO_0771
133,PSPTO_2906,PSPTO_2904,PSPTO_RS15025,PSPTO_RS15015,RegPrecise; https://regprecise.lbl.gov/genome.jsp?genome_id=270,VanR
134,PSPTO_2906,PSPTO_2905,PSPTO_RS15025,PSPTO_RS15020,RegPrecise; https://regprecise.lbl.gov/genome.jsp?genome_id=270,VanR
135,PSPTO_2558,PSPTO_2558,PSPTO_RS13240,PSPTO_RS13240,RegPrecise; https://regprecise.lbl.gov/genome.jsp?genome_id=270,PhnF
136,PSPTO_2558,PSPTO_2559,PSPTO_RS13240,PSPTO_RS13245,RegPrecise; https://regprecise.lbl.gov/genome.jsp?genome_id=270,PhnF
137,PSPTO_2558,PSPTO_2560,PSPTO_RS13240,PSPTO_RS13250,RegPrecise; https://regprecise.lbl.gov/genome.jsp?genome_id=270,PhnF
138,PSPTO_2558,PSPTO_2561,PSPTO_RS13240,PSPTO_RS13255,RegPrecise; https://regprecise.lbl.gov/genome.jsp?genome_id=270,PhnF
139,PSPTO_2558,PSPTO_2562,PSPTO_RS13240,PSPTO_RS13260,RegPrecise; https://regprecise.lbl.gov/genome.jsp?genome_id=270,PhnF
140,PSPTO_2558,PSPTO_2563,PSPTO_RS13240,PSPTO_RS13265,RegPrecise; https://regprecise.lbl.gov/genome.jsp?genome_id=270,PhnF
141,PSPTO_2558,PSPTO_2564,PSPTO_RS13240,PSPTO_RS13270,RegPrecise; https://regprecise.lbl.gov/genome.jsp?genome_id=270,PhnF
142,PSPTO_2558,PSPTO_2565,PSPTO_RS13240,PSPTO_RS13275,RegPrecise; https://regprecise.lbl.gov/genome.jsp?genome_id=270,PhnF
143,PSPTO_2558,PSPTO_2566,PSPTO_RS13240,PSPTO_RS13280,RegPrecise; https://regprecise.lbl.gov/genome.jsp?genome_id=270,PhnF
144,PSPTO_2558,PSPTO_2567,PSPTO_RS13240,PSPTO_RS13285,RegPrecise; https://regprecise.lbl.gov/genome.jsp?genome_id=270,PhnF
145,PSPTO_3877,PSPTO_3877,PSPTO_RS20085,PSPTO_RS20085,RegPrecise; https://regprecise.lbl.gov/genome.jsp?genome_id=270,PSPTO_3877
146,PSPTO_3877,PSPTO_3878,PSPTO_RS20085,PSPTO_RS20090,RegPrecise; https://regprecise.lbl.gov/genome.jsp?genome_id=270,PSPTO_3877
147,PSPTO_3877,PSPTO_3879,PSPTO_RS20085,PSPTO_RS20095,RegPrecise; https://regprecise.lbl.gov/genome.jsp?genome_id=270,PSPTO_3877
148,PSPTO_3877,PSPTO_3880,PSPTO_RS20085,PSPTO_RS20100,RegPrecise; https://regprecise.lbl.gov/genome.jsp?genome_id=270,PSPTO_3877
149,PSPTO_3877,PSPTO_3881,PSPTO_RS20085,PSPTO_RS20105,RegPrecise; https://regprecise.lbl.gov/genome.jsp?genome_id=270,PSPTO_3877
150,PSPTO_3877,PSPTO_3882,PSPTO_RS20085,PSPTO_RS20110,RegPrecise; https://regprecise.lbl.gov/genome.jsp?genome_id=270,PSPTO_3877
151,PSPTO_3877,PSPTO_3883,PSPTO_RS20085,PSPTO_RS20115,RegPrecise; https://regprecise.lbl.gov/genome.jsp?genome_id=270,PSPTO_3877
152,PSPTO_3698,PSPTO_3660,PSPTO_RS19115,PSPTO_RS18925,RegPrecise; https://regprecise.lbl.gov/genome.jsp?genome_id=270,PSPTO_3698
153,PSPTO_3698,PSPTO_3661,PSPTO_RS19115,PSPTO_RS18930,RegPrecise; https://regprecise.lbl.gov/genome.jsp?genome_id=270,PSPTO_3698
154,PSPTO_3698,PSPTO_3662,PSPTO_RS19115,PSPTO_RS18935,RegPrecise; https://regprecise.lbl.gov/genome.jsp?genome_id=270,PSPTO_3698
155,PSPTO_3698,PSPTO_3663,PSPTO_RS19115,PSPTO_RS18940,RegPrecise; https://regprecise.lbl.gov/genome.jsp?genome_id=270,PSPTO_3698
156,yybP-ykoY,PSPTO_1145,yybP-ykoY,PSPTO_RS06050,RegPrecise; https://regprecise.lbl.gov/genome.jsp?genome_id=270,yybP-ykoY
157,yybP-ykoY,PSPTO_3755,yybP-ykoY,PSPTO_RS19420,RegPrecise; https://regprecise.lbl.gov/genome.jsp?genome_id=270,yybP-ykoY
158,TPP,PSPTO_4976,TPP,PSPTO_RS25735,RegPrecise; https://regprecise.lbl.gov/genome.jsp?genome_id=270,TPP
159,TPP,PSPTO_4975,TPP,PSPTO_RS25730,RegPrecise; https://regprecise.lbl.gov/genome.jsp?genome_id=270,TPP
160,SAH_riboswitch,PSPTO_5068,SAH_riboswitch,PSPTO_RS26215,RegPrecise; https://regprecise.lbl.gov/genome.jsp?genome_id=270,SAH_riboswitch
161,SAH_riboswitch,PSPTO_5069,SAH_riboswitch,PSPTO_RS26220,RegPrecise; https://regprecise.lbl.gov/genome.jsp?genome_id=270,SAH_riboswitch
162,mini-ykkC,PSPTO_4243,mini-ykkC,PSPTO_RS21980,RegPrecise; https://regprecise.lbl.gov/genome.jsp?genome_id=270,mini-ykkC
163,mini-ykkC,PSPTO_4244,mini-ykkC,PSPTO_RS21985,RegPrecise; https://regprecise.lbl.gov/genome.jsp?genome_id=270,mini-ykkC
164,ykkC-yxkD,PSPTO_4238,ykkC-yxkD,PSPTO_RS21955,RegPrecise; https://regprecise.lbl.gov/genome.jsp?genome_id=270,ykkC-yxkD
165,ykkC-yxkD,PSPTO_4239,ykkC-yxkD,PSPTO_RS21960,RegPrecise; https://regprecise.lbl.gov/genome.jsp?genome_id=270,ykkC-yxkD
166,ykkC-yxkD,PSPTO_4240,ykkC-yxkD,PSPTO_RS21965,RegPrecise; https://regprecise.lbl.gov/genome.jsp?genome_id=270,ykkC-yxkD
167,ykkC-yxkD,PSPTO_4241,ykkC-yxkD,PSPTO_RS21970,RegPrecise; https://regprecise.lbl.gov/genome.jsp?genome_id=270,ykkC-yxkD
168,ykkC-yxkD,PSPTO_4242,ykkC-yxkD,PSPTO_RS21975,RegPrecise; https://regprecise.lbl.gov/genome.jsp?genome_id=270,ykkC-yxkD
169,ykkC-yxkD,PSPTO_4243,ykkC-yxkD,PSPTO_RS21980,RegPrecise; https://regprecise.lbl.gov/genome.jsp?genome_id=270,ykkC-yxkD
170,ykkC-yxkD,PSPTO_4244,ykkC-yxkD,PSPTO_RS21985,RegPrecise; https://regprecise.lbl.gov/genome.jsp?genome_id=270,ykkC-yxkD
171,S15,PSPTO_4487,S15,PSPTO_RS23235,RegPrecise; https://regprecise.lbl.gov/genome.jsp?genome_id=270,S15
172,Cobalamin,PSPTO_3256,Cobalamin,PSPTO_RS16855,RegPrecise; https://regprecise.lbl.gov/genome.jsp?genome_id=270,Cobalamin
173,Cobalamin,PSPTO_3257,Cobalamin,PSPTO_RS16860,RegPrecise; https://regprecise.lbl.gov/genome.jsp?genome_id=270,Cobalamin
174,Cobalamin,PSPTO_3258,Cobalamin,PSPTO_RS16865,RegPrecise; https://regprecise.lbl.gov/genome.jsp?genome_id=270,Cobalamin
175,Cobalamin,PSPTO_1708,Cobalamin,PSPTO_RS08930,RegPrecise; https://regprecise.lbl.gov/genome.jsp?genome_id=270,Cobalamin
176,Cobalamin,PSPTO_1709,Cobalamin,PSPTO_RS08935,RegPrecise; https://regprecise.lbl.gov/genome.jsp?genome_id=270,Cobalamin
177,Cobalamin,PSPTO_1710,Cobalamin,PSPTO_RS08940,RegPrecise; https://regprecise.lbl.gov/genome.jsp?genome_id=270,Cobalamin
178,Cobalamin,PSPTO_1711,Cobalamin,PSPTO_RS08945,RegPrecise; https://regprecise.lbl.gov/genome.jsp?genome_id=270,Cobalamin
179,Cobalamin,PSPTO_1712,Cobalamin,PSPTO_RS08950,RegPrecise; https://regprecise.lbl.gov/genome.jsp?genome_id=270,Cobalamin
180,Cobalamin,PSPTO_1713,Cobalamin,PSPTO_RS08955,RegPrecise; https://regprecise.lbl.gov/genome.jsp?genome_id=270,Cobalamin
181,Cobalamin,PSPTO_1714,Cobalamin,PSPTO_RS08960,RegPrecise; https://regprecise.lbl.gov/genome.jsp?genome_id=270,Cobalamin
182,Cobalamin,PSPTO_1715,Cobalamin,PSPTO_RS08965,RegPrecise; https://regprecise.lbl.gov/genome.jsp?genome_id=270,Cobalamin
183,Cobalamin,PSPTO_1716,Cobalamin,PSPTO_RS08970,RegPrecise; https://regprecise.lbl.gov/genome.jsp?genome_id=270,Cobalamin
184,Cobalamin,PSPTO_1717,Cobalamin,PSPTO_RS08975,RegPrecise; https://regprecise.lbl.gov/genome.jsp?genome_id=270,Cobalamin
185,Cobalamin,PSPTO_3151,Cobalamin,PSPTO_RS16285,RegPrecise; https://regprecise.lbl.gov/genome.jsp?genome_id=270,Cobalamin
186,Cobalamin,PSPTO_3152,Cobalamin,PSPTO_RS16290,RegPrecise; https://regprecise.lbl.gov/genome.jsp?genome_id=270,Cobalamin
187,Cobalamin,PSPTO_3150,Cobalamin,PSPTO_RS16280,RegPrecise; https://regprecise.lbl.gov/genome.jsp?genome_id=270,Cobalamin
188,Cobalamin,PSPTO_3149,Cobalamin,PSPTO_RS16275,RegPrecise; https://regprecise.lbl.gov/genome.jsp?genome_id=270,Cobalamin
189,Cobalamin,PSPTO_3148,Cobalamin,PSPTO_RS16270,RegPrecise; https://regprecise.lbl.gov/genome.jsp?genome_id=270,Cobalamin
190,Cobalamin,PSPTO_3147,Cobalamin,PSPTO_RS16265,RegPrecise; https://regprecise.lbl.gov/genome.jsp?genome_id=270,Cobalamin
191,FMN,PSPTO_1839,FMN,PSPTO_RS09580,RegPrecise; https://regprecise.lbl.gov/genome.jsp?genome_id=270,FMN
192,PSPTO_3281,PSPTO_1906,PSPTO_RS16975,PSPTO_RS09920,RegPrecise; https://regprecise.lbl.gov/genome.jsp?genome_id=270,PSPTO_3281
193,PSPTO_3563,PSPTO_3565,PSPTO_RS18415,PSPTO_RS18425,RegPrecise; https://regprecise.lbl.gov/genome.jsp?genome_id=270,GntR
194,PSPTO_3563,PSPTO_3564,PSPTO_RS18415,PSPTO_RS18420,RegPrecise; https://regprecise.lbl.gov/genome.jsp?genome_id=270,GntR
195,PSPTO_3563,PSPTO_3563,PSPTO_RS18415,PSPTO_RS18415,RegPrecise; https://regprecise.lbl.gov/genome.jsp?genome_id=270,GntR
196,PSPTO_0749,PSPTO_0752,PSPTO_RS03940,PSPTO_RS03955,RegPrecise; https://regprecise.lbl.gov/genome.jsp?genome_id=270,CueR
197,PSPTO_0749,PSPTO_0750,PSPTO_RS03940,PSPTO_RS03945,RegPrecise; https://regprecise.lbl.gov/genome.jsp?genome_id=270,CueR
198,PSPTO_0749,PSPTO_0749,PSPTO_RS03940,PSPTO_RS03940,RegPrecise; https://regprecise.lbl.gov/genome.jsp?genome_id=270,CueR
199,PSPTO_5280,PSPTO_5279,PSPTO_RS27280,PSPTO_RS27275,RegPrecise; https://regprecise.lbl.gov/genome.jsp?genome_id=270,CadR
200,PSPTO_0347,PSPTO_0347,PSPTO_RS01840,PSPTO_RS01840,RegPrecise; https://regprecise.lbl.gov/genome.jsp?genome_id=270,PSPTO_0347
201,PSPTO_0485,PSPTO_0485,PSPTO_RS02530,PSPTO_RS02530,RegPrecise; https://regprecise.lbl.gov/genome.jsp?genome_id=270,PSPTO_0485
202,PSPTO_0485,PSPTO_0486,PSPTO_RS02530,PSPTO_RS02535,RegPrecise; https://regprecise.lbl.gov/genome.jsp?genome_id=270,PSPTO_0485
203,PSPTO_0485,PSPTO_0487,PSPTO_RS02530,PSPTO_RS02540,RegPrecise; https://regprecise.lbl.gov/genome.jsp?genome_id=270,PSPTO_0485
204,PSPTO_0485,PSPTO_0488,PSPTO_RS02530,PSPTO_RS02545,RegPrecise; https://regprecise.lbl.gov/genome.jsp?genome_id=270,PSPTO_0485
205,PSPTO_0485,PSPTO_0489,PSPTO_RS02530,PSPTO_RS02550,RegPrecise; https://regprecise.lbl.gov/genome.jsp?genome_id=270,PSPTO_0485
206,PSPTO_0485,PSPTO_0490,PSPTO_RS02530,PSPTO_RS02555,RegPrecise; https://regprecise.lbl.gov/genome.jsp?genome_id=270,PSPTO_0485
207,PSPTO_0884,PSPTO_0890,PSPTO_RS04685,PSPTO_RS04715,RegPrecise; https://regprecise.lbl.gov/genome.jsp?genome_id=270,PSPTO_0884
208,PSPTO_0884,PSPTO_0889,PSPTO_RS04685,PSPTO_RS04710,RegPrecise; https://regprecise.lbl.gov/genome.jsp?genome_id=270,PSPTO_0884
209,PSPTO_0884,PSPTO_0888,PSPTO_RS04685,PSPTO_RS04705,RegPrecise; https://regprecise.lbl.gov/genome.jsp?genome_id=270,PSPTO_0884
210,PSPTO_0884,PSPTO_0887,PSPTO_RS04685,PSPTO_RS04700,RegPrecise; https://regprecise.lbl.gov/genome.jsp?genome_id=270,PSPTO_0884
211,PSPTO_0884,PSPTO_0886,PSPTO_RS04685,PSPTO_RS04695,RegPrecise; https://regprecise.lbl.gov/genome.jsp?genome_id=270,PSPTO_0884
212,PSPTO_0884,PSPTO_0885,PSPTO_RS04685,PSPTO_RS04690,RegPrecise; https://regprecise.lbl.gov/genome.jsp?genome_id=270,PSPTO_0884
213,PSPTO_0884,PSPTO_0884,PSPTO_RS04685,PSPTO_RS04685,RegPrecise; https://regprecise.lbl.gov/genome.jsp?genome_id=270,PSPTO_0884
214,PSPTO_1873,PSPTO_1873,PSPTO_RS09765,PSPTO_RS09765,RegPrecise; https://regprecise.lbl.gov/genome.jsp?genome_id=270,PSPTO_1873
215,PSPTO_1873,PSPTO_1874,PSPTO_RS09765,PSPTO_RS09770,RegPrecise; https://regprecise.lbl.gov/genome.jsp?genome_id=270,PSPTO_1873
216,PSPTO_5244,PSPTO_5244,PSPTO_RS27090,PSPTO_RS27090,RegPrecise; https://regprecise.lbl.gov/genome.jsp?genome_id=270,PSPTO_5244
217,PSPTO_5244,PSPTO_5245,PSPTO_RS27090,PSPTO_RS27095,RegPrecise; https://regprecise.lbl.gov/genome.jsp?genome_id=270,PSPTO_5244
218,PSPTO_5244,PSPTO_5246,PSPTO_RS27090,PSPTO_RS27100,RegPrecise; https://regprecise.lbl.gov/genome.jsp?genome_id=270,PSPTO_5244
219,PSPTO_5244,PSPTO_5247,PSPTO_RS27090,PSPTO_RS27105,RegPrecise; https://regprecise.lbl.gov/genome.jsp?genome_id=270,PSPTO_5244
220,PSPTO_5244,PSPTO_5248,PSPTO_RS27090,PSPTO_RS27110,RegPrecise; https://regprecise.lbl.gov/genome.jsp?genome_id=270,PSPTO_5244
221,PSPTO_1352,PSPTO_1361,PSPTO_RS07110,PSPTO_RS07155,RegPrecise; https://regprecise.lbl.gov/genome.jsp?genome_id=270,PSPTO_1352
222,PSPTO_1352,PSPTO_1360,PSPTO_RS07110,PSPTO_RS07150,RegPrecise; https://regprecise.lbl.gov/genome.jsp?genome_id=270,PSPTO_1352
223,PSPTO_1352,PSPTO_1359,PSPTO_RS07110,PSPTO_RS07145,RegPrecise; https://regprecise.lbl.gov/genome.jsp?genome_id=270,PSPTO_1352
224,PSPTO_1352,PSPTO_1358,PSPTO_RS07110,PSPTO_RS07140,RegPrecise; https://regprecise.lbl.gov/genome.jsp?genome_id=270,PSPTO_1352
225,PSPTO_1352,PSPTO_1357,PSPTO_RS07110,PSPTO_RS07135,RegPrecise; https://regprecise.lbl.gov/genome.jsp?genome_id=270,PSPTO_1352
226,PSPTO_1352,PSPTO_1356,PSPTO_RS07110,PSPTO_RS07130,RegPrecise; https://regprecise.lbl.gov/genome.jsp?genome_id=270,PSPTO_1352
227,PSPTO_1352,PSPTO_1355,PSPTO_RS07110,PSPTO_RS07125,RegPrecise; https://regprecise.lbl.gov/genome.jsp?genome_id=270,PSPTO_1352
228,PSPTO_1352,PSPTO_1354,PSPTO_RS07110,PSPTO_RS07120,RegPrecise; https://regprecise.lbl.gov/genome.jsp?genome_id=270,PSPTO_1352
229,PSPTO_1352,PSPTO_1353,PSPTO_RS07110,PSPTO_RS07115,RegPrecise; https://regprecise.lbl.gov/genome.jsp?genome_id=270,PSPTO_1352
230,PSPTO_1352,PSPTO_1352,PSPTO_RS07110,PSPTO_RS07110,RegPrecise; https://regprecise.lbl.gov/genome.jsp?genome_id=270,PSPTO_1352
231,PSPTO_5027,PSPTO_5376,PSPTO_RS26000,PSPTO_RS27805,RegPrecise; https://regprecise.lbl.gov/genome.jsp?genome_id=270,PSPTO_5027
232,PSPTO_5027,PSPTO_5377,PSPTO_RS26000,PSPTO_RS27810,RegPrecise; https://regprecise.lbl.gov/genome.jsp?genome_id=270,PSPTO_5027
233,PSPTO_5027,PSPTO_5378,PSPTO_RS26000,PSPTO_RS27815,RegPrecise; https://regprecise.lbl.gov/genome.jsp?genome_id=270,PSPTO_5027
234,PSPTO_5027,PSPTO_5379,PSPTO_RS26000,PSPTO_RS27820,RegPrecise; https://regprecise.lbl.gov/genome.jsp?genome_id=270,PSPTO_5027
235,PSPTO_5027,PSPTO_5380,PSPTO_RS26000,PSPTO_RS27825,RegPrecise; https://regprecise.lbl.gov/genome.jsp?genome_id=270,PSPTO_5027
236,PSPTO_5027,PSPTO_5381,PSPTO_RS26000,PSPTO_RS27830,RegPrecise; https://regprecise.lbl.gov/genome.jsp?genome_id=270,PSPTO_5027
237,PSPTO_5027,PSPTO_5028,PSPTO_RS26000,PSPTO_RS26005,RegPrecise; https://regprecise.lbl.gov/genome.jsp?genome_id=270,PSPTO_5027
238,PSPTOA0035,PSPTOB0042,PSPTO_RS29635,PSPTO_RS29280,RegPrecise; https://regprecise.lbl.gov/genome.jsp?genome_id=270,PSPTOA0035
239,PSPTOA0035,PSPTOB0043,PSPTO_RS29635,PSPTO_RS29285,RegPrecise; https://regprecise.lbl.gov/genome.jsp?genome_id=270,PSPTOA0035
240,PSPTOA0035,PSPTOA0036,PSPTO_RS29635,PSPTO_RS29640,RegPrecise; https://regprecise.lbl.gov/genome.jsp?genome_id=270,PSPTOA0035
241,PSPTOA0035,PSPTOA0037,PSPTO_RS29635,PSPTO_RS29645,RegPrecise; https://regprecise.lbl.gov/genome.jsp?genome_id=270,PSPTOA0035
242,PSPTOA0035,PSPTOA0035,PSPTO_RS29635,PSPTO_RS29635,RegPrecise; https://regprecise.lbl.gov/genome.jsp?genome_id=270,PSPTOA0035
243,PSPTO_3664,PSPTO_3664,PSPTO_RS18955,PSPTO_RS18955,RegPrecise; https://regprecise.lbl.gov/genome.jsp?genome_id=270,PSPTO_3664
244,PSPTO_3664,PSPTO_3665,PSPTO_RS18955,PSPTO_RS18960,RegPrecise; https://regprecise.lbl.gov/genome.jsp?genome_id=270,PSPTO_3664
245,PSPTO_3664,PSPTO_3666,PSPTO_RS18955,PSPTO_RS18965,RegPrecise; https://regprecise.lbl.gov/genome.jsp?genome_id=270,PSPTO_3664
246,PSPTO_3664,PSPTO_3667,PSPTO_RS18955,PSPTO_RS18970,RegPrecise; https://regprecise.lbl.gov/genome.jsp?genome_id=270,PSPTO_3664
247,PSPTO_3664,PSPTO_3668,PSPTO_RS18955,PSPTO_RS18975,RegPrecise; https://regprecise.lbl.gov/genome.jsp?genome_id=270,PSPTO_3664
248,PSPTO_3664,PSPTO_3669,PSPTO_RS18955,PSPTO_RS18980,RegPrecise; https://regprecise.lbl.gov/genome.jsp?genome_id=270,PSPTO_3664
249,PSPTO_3664,PSPTO_3670,PSPTO_RS18955,PSPTO_RS18985,RegPrecise; https://regprecise.lbl.gov/genome.jsp?genome_id=270,PSPTO_3664
250,PSPTO_4180,PSPTO_2732,PSPTO_RS21670,PSPTO_RS14125,RegPrecise; https://regprecise.lbl.gov/genome.jsp?genome_id=270,MetR
251,PSPTO_4180,PSPTO_4180,PSPTO_RS21670,PSPTO_RS21670,RegPrecise; https://regprecise.lbl.gov/genome.jsp?genome_id=270,MetR
252,PSPTO_4180,PSPTO_4179,PSPTO_RS21670,PSPTO_RS21665,RegPrecise; https://regprecise.lbl.gov/genome.jsp?genome_id=270,MetR
253,PSPTO_1280,PSPTO_1277,PSPTO_RS06760,PSPTO_RS06740,RegPrecise; https://regprecise.lbl.gov/genome.jsp?genome_id=270,PSPTO_1280
254,PSPTO_1280,PSPTO_1276,PSPTO_RS06760,PSPTO_RS06735,RegPrecise; https://regprecise.lbl.gov/genome.jsp?genome_id=270,PSPTO_1280
255,PSPTO_1280,PSPTO_1275,PSPTO_RS06760,PSPTO_RS06730,RegPrecise; https://regprecise.lbl.gov/genome.jsp?genome_id=270,PSPTO_1280
256,PSPTO_3552,PSPTO_3552,PSPTO_RS18365,PSPTO_RS18365,RegPrecise; https://regprecise.lbl.gov/genome.jsp?genome_id=270,PSPTO_3552
257,PSPTO_3552,PSPTO_3554,PSPTO_RS18365,PSPTO_RS18375,RegPrecise; https://regprecise.lbl.gov/genome.jsp?genome_id=270,PSPTO_3552
258,PSPTO_3552,PSPTO_3553,PSPTO_RS18365,PSPTO_RS18370,RegPrecise; https://regprecise.lbl.gov/genome.jsp?genome_id=270,PSPTO_3552
259,PSPTO_3552,PSPTO_3551,PSPTO_RS18365,PSPTO_RS18360,RegPrecise; https://regprecise.lbl.gov/genome.jsp?genome_id=270,PSPTO_3552
260,PSPTO_3552,PSPTO_3550,PSPTO_RS18365,PSPTO_RS18355,RegPrecise; https://regprecise.lbl.gov/genome.jsp?genome_id=270,PSPTO_3552
261,PSPTO_0096,PSPTO_0097,PSPTO_RS00525,PSPTO_RS00530,RegPrecise; https://regprecise.lbl.gov/genome.jsp?genome_id=270,PSPTO_0096
262,PSPTO_3283,PSPTO_3323,PSPTO_RS16985,PSPTO_RS17185,RegPrecise; https://regprecise.lbl.gov/genome.jsp?genome_id=270,PSPTO_3283
263,PSPTO_3283,PSPTO_4549,PSPTO_RS16985,PSPTO_RS23550,RegPrecise; https://regprecise.lbl.gov/genome.jsp?genome_id=270,PSPTO_3283
264,PSPTO_3283,PSPTO_4548,PSPTO_RS16985,PSPTO_RS23545,RegPrecise; https://regprecise.lbl.gov/genome.jsp?genome_id=270,PSPTO_3283
265,PSPTO_3283,PSPTO_4547,PSPTO_RS16985,PSPTO_RS23540,RegPrecise; https://regprecise.lbl.gov/genome.jsp?genome_id=270,PSPTO_3283
266,PSPTO_3283,PSPTO_5219,PSPTO_RS16985,PSPTO_RS26970,RegPrecise; https://regprecise.lbl.gov/genome.jsp?genome_id=270,PSPTO_3283
267,PSPTO_3283,PSPTO_1053,PSPTO_RS16985,PSPTO_RS05550,RegPrecise; https://regprecise.lbl.gov/genome.jsp?genome_id=270,PSPTO_3283
268,PSPTO_3283,PSPTO_1052,PSPTO_RS16985,PSPTO_RS05545,RegPrecise; https://regprecise.lbl.gov/genome.jsp?genome_id=270,PSPTO_3283
269,PSPTO_3283,PSPTO_1051,PSPTO_RS16985,PSPTO_RS05540,RegPrecise; https://regprecise.lbl.gov/genome.jsp?genome_id=270,PSPTO_3283
270,PSPTO_3283,PSPTO_1050,PSPTO_RS16985,PSPTO_RS05535,RegPrecise; https://regprecise.lbl.gov/genome.jsp?genome_id=270,PSPTO_3283
271,PSPTO_3283,PSPTO_1049,PSPTO_RS16985,PSPTO_RS05530,RegPrecise; https://regprecise.lbl.gov/genome.jsp?genome_id=270,PSPTO_3283
272,PSPTO_3283,PSPTO_1048,PSPTO_RS16985,PSPTO_RS05525,RegPrecise; https://regprecise.lbl.gov/genome.jsp?genome_id=270,PSPTO_3283
273,PSPTO_3283,PSPTO_1047,PSPTO_RS16985,PSPTO_RS05520,RegPrecise; https://regprecise.lbl.gov/genome.jsp?genome_id=270,PSPTO_3283
274,PSPTO_1122,PSPTO_1126,PSPTO_RS05935,PSPTO_RS05950,RegPrecise; https://regprecise.lbl.gov/genome.jsp?genome_id=270,PSPTO_1122
275,PSPTO_1122,PSPTO_1125,PSPTO_RS05935,PSPTO_RS05945,RegPrecise; https://regprecise.lbl.gov/genome.jsp?genome_id=270,PSPTO_1122
276,PSPTO_1122,PSPTO_1127,PSPTO_RS05935,PSPTO_RS05955,RegPrecise; https://regprecise.lbl.gov/genome.jsp?genome_id=270,PSPTO_1122
277,PSPTO_1122,PSPTO_1128,PSPTO_RS05935,PSPTO_RS05960,RegPrecise; https://regprecise.lbl.gov/genome.jsp?genome_id=270,PSPTO_1122
278,PSPTO_1122,PSPTO_1183,PSPTO_RS05935,PSPTO_RS06255,RegPrecise; https://regprecise.lbl.gov/genome.jsp?genome_id=270,PSPTO_1122
279,PSPTO_1122,PSPTO_1182,PSPTO_RS05935,PSPTO_RS06250,RegPrecise; https://regprecise.lbl.gov/genome.jsp?genome_id=270,PSPTO_1122
280,PSPTO_1122,PSPTO_1181,PSPTO_RS05935,PSPTO_RS06245,RegPrecise; https://regprecise.lbl.gov/genome.jsp?genome_id=270,PSPTO_1122
281,PSPTO_1122,PSPTO_1180,PSPTO_RS05935,PSPTO_RS06240,RegPrecise; https://regprecise.lbl.gov/genome.jsp?genome_id=270,PSPTO_1122
282,PSPTO_1122,PSPTO_1179,PSPTO_RS05935,PSPTO_RS06235,RegPrecise; https://regprecise.lbl.gov/genome.jsp?genome_id=270,PSPTO_1122
283,PSPTO_1122,PSPTO_3689,PSPTO_RS05935,PSPTO_RS19075,RegPrecise; https://regprecise.lbl.gov/genome.jsp?genome_id=270,PSPTO_1122
284,PSPTO_1122,PSPTO_1123,PSPTO_RS05935,PSPTO_RS05940,RegPrecise; https://regprecise.lbl.gov/genome.jsp?genome_id=270,PSPTO_1122
285,PSPTO_1122,PSPTO_1122,PSPTO_RS05935,PSPTO_RS05935,RegPrecise; https://regprecise.lbl.gov/genome.jsp?genome_id=270,PSPTO_1122
286,PSPTO_1122,PSPTO_1121,PSPTO_RS05935,PSPTO_RS05930,RegPrecise; https://regprecise.lbl.gov/genome.jsp?genome_id=270,PSPTO_1122
287,PSPTO_1122,PSPTO_1120,PSPTO_RS05935,PSPTO_RS05925,RegPrecise; https://regprecise.lbl.gov/genome.jsp?genome_id=270,PSPTO_1122
288,PSPTO_1122,PSPTO_1119,PSPTO_RS05935,PSPTO_RS05920,RegPrecise; https://regprecise.lbl.gov/genome.jsp?genome_id=270,PSPTO_1122
289,PSPTO_1122,PSPTO_1118,PSPTO_RS05935,PSPTO_RS05915,RegPrecise; https://regprecise.lbl.gov/genome.jsp?genome_id=270,PSPTO_1122
290,PSPTO_1122,PSPTO_1117,PSPTO_RS05935,PSPTO_RS05910,RegPrecise; https://regprecise.lbl.gov/genome.jsp?genome_id=270,PSPTO_1122
291,PSPTO_1122,PSPTO_1116,PSPTO_RS05935,PSPTO_RS05905,RegPrecise; https://regprecise.lbl.gov/genome.jsp?genome_id=270,PSPTO_1122
292,PSPTO_1122,PSPTO_1115,PSPTO_RS05935,PSPTO_RS05900,RegPrecise; https://regprecise.lbl.gov/genome.jsp?genome_id=270,PSPTO_1122
293,PSPTO_5504,PSPTO_5505,PSPTO_RS28520,PSPTO_RS28525,RegPrecise; https://regprecise.lbl.gov/genome.jsp?genome_id=270,PSPTO_5504
294,PSPTO_5504,PSPTO_5506,PSPTO_RS28520,PSPTO_RS28530,RegPrecise; https://regprecise.lbl.gov/genome.jsp?genome_id=270,PSPTO_5504
295,PSPTO_5504,PSPTO_5507,PSPTO_RS28520,PSPTO_RS28535,RegPrecise; https://regprecise.lbl.gov/genome.jsp?genome_id=270,PSPTO_5504
296,PSPTO_2792,PSPTO_2792,PSPTO_RS14420,PSPTO_RS14420,RegPrecise; https://regprecise.lbl.gov/genome.jsp?genome_id=270,LexA
297,PSPTO_2792,PSPTO_2793,PSPTO_RS14420,PSPTO_RS14425,RegPrecise; https://regprecise.lbl.gov/genome.jsp?genome_id=270,LexA
298,PSPTO_2792,PSPTO_2794,PSPTO_RS14420,PSPTO_RS14430,RegPrecise; https://regprecise.lbl.gov/genome.jsp?genome_id=270,LexA
299,PSPTO_2792,PSPTO_2795,PSPTO_RS14420,PSPTO_RS14435,RegPrecise; https://regprecise.lbl.gov/genome.jsp?genome_id=270,LexA
300,PSPTO_2133,PSPTO_0753,,,PMID:18363796,PvdS
301,PSPTO_2133,PSPTO_3290,,,PMID:18363796,PvdS
302,PSPTO_2133,PSPTO_2982,,,PMID:18363796,PvdS
303,PSPTO_2133,PSPTO_4923,,,PMID:18363796,PvdS
304,PSPTO_2133,PSPTO_2136,,,PMID:18363796,PvdS
305,PSPTO_2133,PSPTO_2151,,,PMID:18363796,PvdS
306,PSPTO_2133,PSPTO_2134,,,PMID:18363796,PvdS
307,PSPTO_2133,PSPTO_2137,,,PMID:18363796,PvdS
308,PSPTO_2133,PSPTO_2161,,,PMID:18363796,PvdS
309,PSPTO_2133,PSPTO_5624,,,PMID:18363796,PvdS
310,PSPTO_2133,PSPTO_2146,,,PMID:18363796,PvdS
311,PSPTO_2133,PSPTO_2147,,,PMID:18363796,PvdS
312,PSPTO_2133,PSPTO_2156,,,PMID:18363796,PvdS
313,PSPTO_2133,PSPTO_2160,,,PMID:18363796,PvdS
314,PSPTO_2133,PSPTO_2145,,,PMID:18363796,PvdS
315,PSPTO_2133,PSPTO_2152,,,PMID:18363796,PvdS
316,PSPTO_2133,PSPTO_2149,,,PMID:18363796,PvdS
317,PSPTO_4224,PSPTO_1417,,,PMID:27325679,AlgU
318,PSPTO_4224,PSPTO_2207,,,PMID:27325679,AlgU
319,PSPTO_4224,PSPTO_0156,,,PMID:27325679,AlgU
320,PSPTO_4224,PSPTO_4586,,,PMID:27325679,AlgU
321,PSPTO_4224,PSPTO_4143,,,PMID:27325679,AlgU
322,PSPTO_4224,PSPTO_0374,,,PMID:27325679,AlgU
323,PSPTO_4224,PSPTO_0676,,,PMID:27325679,AlgU
324,PSPTO_4224,PSPTO_1910,,,PMID:27325679,AlgU
325,PSPTO_4224,PSPTO_0152,,,PMID:27325679,AlgU
326,PSPTO_4224,PSPTO_0333,,,PMID:27325679,AlgU
327,PSPTO_4224,PSPTO_1485,,,PMID:27325679,AlgU
328,PSPTO_4224,PSPTO_0304,,,PMID:27325679,AlgU
329,PSPTO_4224,PSPTO_4237,,,PMID:27325679,AlgU
330,PSPTO_4224,PSPTO_0318,,,PMID:27325679,AlgU
331,PSPTO_4224,PSPTO_1491,,,PMID:27325679,AlgU
332,PSPTO_4224,PSPTO_5408,,,PMID:27325679,AlgU
333,PSPTO_4224,PSPTO_5169,,,PMID:27325679,AlgU
334,PSPTO_4224,PSPTO_4772,,,PMID:27325679,AlgU
335,PSPTO_4224,PSPTO_1739,,,PMID:27325679,AlgU
336,PSPTO_4224,PSPTO_4843,,,PMID:27325679,AlgU
337,PSPTO_4224,PSPTO_5502,,,PMID:27325679,AlgU
338,PSPTO_4224,PSPTO_0451,,,PMID:27325679,AlgU
339,PSPTO_4224,PSPTO_3700,,,PMID:27325679,AlgU
340,PSPTO_4224,PSPTO_0219,,,PMID:27325679,AlgU
341,PSPTO_4224,PSPTO_0675,,,PMID:27325679,AlgU
342,PSPTO_4224,PSPTO_3230,,,PMID:27325679,AlgU
343,PSPTO_4224,PSPTO_1196,,,PMID:27325679,AlgU
344,PSPTO_4224,PSPTO_2684,,,PMID:27325679,AlgU
345,PSPTO_4224,PSPTO_2350,,,PMID:27325679,AlgU
346,PSPTO_4224,PSPTO_3504,,,PMID:27325679,AlgU
347,PSPTO_4224,PSPTO_4546,,,PMID:27325679,AlgU
348,PSPTO_4224,PSPTO_2247,,,PMID:27325679,AlgU
349,PSPTO_4224,PSPTO_1164,,,PMID:27325679,AlgU
350,PSPTO_4224,PSPTO_1363,,,PMID:27325679,AlgU
351,PSPTO_4224,PSPTO_2659,,,PMID:27325679,AlgU
352,PSPTO_4224,PSPTO_3708,,,PMID:27325679,AlgU
353,PSPTO_4224,PSPTO_5165,,,PMID:27325679,AlgU
354,PSPTO_4224,PSPTO_1511,,,PMID:27325679,AlgU
355,PSPTO_4224,PSPTO_0127,,,PMID:27325679,AlgU
356,PSPTO_4224,PSPTO_1607,,,PMID:27325679,AlgU
357,PSPTO_4224,PSPTO_RS00465,,,PMID:27325679,AlgU
358,PSPTO_4224,PSPTO_4103,,,PMID:27325679,AlgU
359,PSPTO_4224,PSPTO_0155,,,PMID:27325679,AlgU
360,PSPTO_4224,PSPTO_1847,,,PMID:27325679,AlgU
361,PSPTO_4224,PSPTO_2790,,,PMID:27325679,AlgU
362,PSPTO_4224,PSPTO_RS18015,,,PMID:27325679,AlgU
363,PSPTO_4224,PSPTO_4293,,,PMID:27325679,AlgU
364,PSPTO_4224,PSPTO_1281,,,PMID:27325679,AlgU
365,PSPTO_4224,PSPTO_2124,,,PMID:27325679,AlgU
366,PSPTO_4224,PSPTO_4974,,,PMID:27325679,AlgU
367,PSPTO_4224,PSPTO_5226,,,PMID:27325679,AlgU
368,PSPTO_4224,PSPTO_3123,,,PMID:27325679,AlgU
369,PSPTO_4224,PSPTO_1379,,,PMID:27325679,AlgU
370,PSPTO_4224,PSPTO_1626,,,PMID:27325679,AlgU
371,PSPTO_4224,PSPTO_0556,,,PMID:27325679,AlgU
372,PSPTO_4224,PSPTO_5636,,,PMID:27325679,AlgU
373,PSPTO_4224,PSPTO_4381,,,PMID:27325679,AlgU
374,PSPTO_4224,PSPTO_2025,,,PMID:27325679,AlgU
375,PSPTO_4224,PSPTO_0472,,,PMID:27325679,AlgU
376,PSPTO_4224,PSPTO_0101,,,PMID:27325679,AlgU
377,PSPTO_4224,PSPTO_3890,,,PMID:27325679,AlgU
378,PSPTO_4224,PSPTO_1597,,,PMID:27325679,AlgU
379,PSPTO_4224,PSPTO_4379,,,PMID:27325679,AlgU
380,PSPTO_4224,PSPTO_1206,,,PMID:27325679,AlgU
381,PSPTO_4224,PSPTO_5530,,,PMID:27325679,AlgU
382,PSPTO_4224,PSPTO_5518,,,PMID:27325679,AlgU
383,PSPTO_4224,PSPTO_3505,,,PMID:27325679,AlgU
384,PSPTO_4224,PSPTO_3114,,,PMID:27325679,AlgU
385,PSPTO_4224,PSPTO_5005,,,PMID:27325679,AlgU
386,PSPTO_4224,PSPTO_0970,,,PMID:27325679,AlgU
387,PSPTO_4224,PSPTO_1722,,,PMID:27325679,AlgU
388,PSPTO_4224,PSPTO_0465,,,PMID:27325679,AlgU
389,PSPTO_4224,PSPTO_4030,,,PMID:27325679,AlgU
390,PSPTO_4224,PSPTO_0233,,,PMID:27325679,AlgU
391,PSPTO_4224,PSPTO_1625,,,PMID:27325679,AlgU
392,PSPTO_4224,PSPTO_0336,,,PMID:27325679,AlgU
