,TF,TF_id,trn_type,gene_name,N315_gene_id,gene_id
0,Zur,SA1383,TF,SA2203,SA2203,USA300HOU_RS13055
1,Zur,SA1383,TF,SA0806,SA0806,USA300HOU_RS04685
2,Zur,SA1383,TF,rpsN2,SA1171,USA300HOU_RS06795
3,Zur,SA1383,TF,rpmG2,SAS042,USA300HOU_RS06790
4,Zur,SA1383,TF,znuC,SA1385,USA300HOU_RS08305
5,Zur,SA1383,TF,znuB,SA1384,USA300HOU_RS08300
6,Zur,SA1383,TF,zur,SA1383,USA300HOU_RS08295
7,Zur,SA1383,TF,zinT,SA2194,USA300HOU_RS13005
8,Zur,SA1383,TF,yciC,SA0410,USA300HOU_RS02265
9,Zur,SA1383,TF,SA2370,SA2370,USA300HOU_RS14015
10,Zur,SA1383,TF,SA2369,SA2369,USA300HOU_RS14010
11,Zur,SA1383,TF,SA2368,SA2368,USA300HOU_RS14005
12,YtrA,SA1748,TF,ytrA,SA1748,USA300HOU_RS10500
13,YtrA,SA1748,TF,ytrB,SA1747,USA300HOU_RS10495
14,YtrA,SA1748,TF,SA1746,SA1746,USA300HOU_RS10490
15,YtrA,SA1748,TF,SA1745,SA1745,USA300HOU_RS10485
16,YtrA,SA1748,TF,SA1744,SA1744,USA300HOU_RS10480
17,BglR,SA0254,TF,yydK,SA0254,USA300HOU_RS01370
18,BglR,SA0254,TF,SA0255,SA0255,USA300HOU_RS01375
19,BglR,SA0254,TF,bglA,SA0256,USA300HOU_RS01380
20,HisR,SA1723,TF,yuiF,SA0804,USA300HOU_RS04675
21,HisR,SA1723,TF,SA0805,SA0805,USA300HOU_RS04680
22,HisR,SA1723,TF,SA0417,SA0417,USA300HOU_RS02310
23,HisR,SA1723,TF,hisZ,SA2472,USA300HOU_RS14550
24,HisR,SA1723,TF,hisG,SA2471,USA300HOU_RS14545
25,HisR,SA1723,TF,hisD,SA2470,USA300HOU_RS14540
26,HisR,SA1723,TF,hisC,SA2469,USA300HOU_RS14535
27,HisR,SA1723,TF,hisB,SA2468,USA300HOU_RS14530
28,HisR,SA1723,TF,hisH,SA2467,USA300HOU_RS14525
29,HisR,SA1723,TF,hisA,SA2466,USA300HOU_RS14520
30,HisR,SA1723,TF,hisF,SA2465,USA300HOU_RS14515
31,HisR,SA1723,TF,hisIE,SA2464,USA300HOU_RS14510
32,HisR,SA1723,TF,hisR,SA1723,USA300HOU_RS10355
33,TreR,SA0434,TF,treP,SA0432,USA300HOU_RS02390
34,TreR,SA0434,TF,treA,SA0433,USA300HOU_RS02395
35,TreR,SA0434,TF,treR,SA0434,USA300HOU_RS02400
36,ScrR,SA1847,TF,scrB,SA1846,USA300HOU_RS10990
37,ScrR,SA1847,TF,scrK,SA1845,USA300HOU_RS10985
38,ScrR,SA1847,TF,scrA,SA2167,USA300HOU_RS12870
39,SaeR,SA0661,TF,coa,SA0222,USA300HOU_RS01175
40,SaeR,SA0661,TF,tst,SA1819,USA300HOU_RS02145
41,SaeR,SA0661,TF,splA,SA1631,USA300HOU_RS09655
42,SaeR,SA0661,TF,set15,SA0393,USA300HOU_RS02180
43,SaeR,SA0661,TF,SA0394,SA0394,USA300HOU_RS02185
44,SaeR,SA0661,TF,set13,SA0389,USA300HOU_RS02155
45,SaeR,SA0661,TF,set11,SA0387,USA300HOU_RS02145
46,SaeR,SA0661,TF,sbi,SA2206,USA300HOU_RS13085
47,SaeR,SA0661,TF,sak,SA1758,USA300HOU_RS10565
48,SaeR,SA0661,TF,saeP,SA0663,USA300HOU_RS03825
49,SaeR,SA0661,TF,saeQ,SA0662,
50,SaeR,SA0661,TF,saeR,SA0661,USA300HOU_RS03815
51,SaeR,SA0661,TF,saeS,SA0660,USA300HOU_RS03810
52,SaeR,SA0661,TF,SA1818,SA1818,USA300HOU_RS04500
53,SaeR,SA0661,TF,SA1754,SA1754,USA300HOU_RS10550
54,SaeR,SA0661,TF,SA1633,SA1633,USA300HOU_RS09665
55,SaeR,SA0661,TF,SA1000,SA1000,USA300HOU_RS05775
56,SaeR,SA0661,TF,SA0357,SA0357,USA300HOU_RS01965
57,SaeR,SA0661,TF,SA0213,SA0213,USA300HOU_RS01125
58,SaeR,SA0661,TF,map,SA1751,USA300HOU_RS10525
59,SaeR,SA0661,TF,map,SA1750,
60,SaeR,SA0661,TF,lukS,SA1813,USA300HOU_RS10875
61,SaeR,SA0661,TF,lukF,SA1812,USA300HOU_RS10870
62,SaeR,SA0661,TF,lukE,SA1638,USA300HOU_RS09720
63,SaeR,SA0661,TF,lukD,SA1637,USA300HOU_RS09715
64,SaeR,SA0661,TF,lpl1,SA0396,USA300HOU_RS02195
65,SaeR,SA0661,TF,lpl2,SA0397,USA300HOU_RS02240
66,SaeR,SA0661,TF,lpl3,SA0398,USA300HOU_RS02235
67,SaeR,SA0661,TF,hlgC,SA2208,USA300HOU_RS13100
68,SaeR,SA0661,TF,hlgB,SA2209,USA300HOU_RS13105
69,SaeR,SA0661,TF,hla,SA1007,USA300HOU_RS05825
70,SaeR,SA0661,TF,SA1003,efb,
71,Rex,SA1851,TF,vicR,SA0017,USA300HOU_RS00100
72,Rex,SA1851,TF,vicK,SA0018,USA300HOU_RS00105
73,Rex,SA1851,TF,srrA,SA1323,USA300HOU_RS07980
74,Rex,SA1851,TF,srrB,SA1322,USA300HOU_RS07975
75,Rex,SA1851,TF,null,SA2268,USA300HOU_RS13450
76,Rex,SA1851,TF,pflB,SA0218,USA300HOU_RS01150
77,Rex,SA1851,TF,pflA,SA0219,USA300HOU_RS01155
78,Rex,SA1851,TF,nirR,SA2189,USA300HOU_RS12980
79,Rex,SA1851,TF,nasD,SA2188,USA300HOU_RS12975
80,Rex,SA1851,TF,nasE,SA2187,USA300HOU_RS12970
81,Rex,SA1851,TF,nasF,SA2186,USA300HOU_RS12965
82,Rex,SA1851,TF,nirC,SA0293,USA300HOU_RS01620
83,Rex,SA1851,TF,narK,SA2176,USA300HOU_RS12915
84,Rex,SA1851,TF,narG,SA2185,USA300HOU_RS12960
85,Rex,SA1851,TF,narH,SA2184,USA300HOU_RS12955
86,Rex,SA1851,TF,narJ,SA2183,USA300HOU_RS12950
87,Rex,SA1851,TF,narI,SA2182,USA300HOU_RS12945
88,Rex,SA1851,TF,nreA,SA2181,USA300HOU_RS12940
89,Rex,SA1851,TF,nreB,SA2180,USA300HOU_RS12935
90,Rex,SA1851,TF,nreC,SA2179,USA300HOU_RS12930
91,Rex,SA1851,TF,lctP,SA2156,USA300HOU_RS12805
92,Rex,SA1851,TF,ldh,SA0232,USA300HOU_RS01245
93,Rex,SA1851,TF,hmp,SA0231,USA300HOU_RS01235
94,Rex,SA1851,TF,frp,SA2311,USA300HOU_RS13680
95,Rex,SA1851,TF,ddh,SA2312,USA300HOU_RS13685
96,Rex,SA1851,TF,arcA,SA2428,USA300HOU_RS14320
97,Rex,SA1851,TF,arcB,SA2427,USA300HOU_RS14315
98,Rex,SA1851,TF,arcD,SA2426,USA300HOU_RS14310
99,Rex,SA1851,TF,arcC,SA2425,USA300HOU_RS14305
100,Rex,SA1851,TF,arcR,SA2424,USA300HOU_RS14300
101,Rex,SA1851,TF,ald1,SA1272,USA300HOU_RS07360
102,Rex,SA1851,TF,adhE,SA0143,USA300HOU_RS00795
103,Rex,SA1851,TF,adh1/adhB,SA0562,USA300HOU_RS03215
104,RbsR,SA0261,TF,rbsU,SA0260,USA300HOU_RS01410
105,RbsR,SA0261,TF,rbsD,SA0259,USA300HOU_RS01405
106,RbsR,SA0261,TF,rbsK,SA0258,USA300HOU_RS01400
107,RbsR2,,TF,rbsU,SA0260,USA300HOU_RS01410
108,RbsR2,,TF,rbsD,SA0259,USA300HOU_RS01405
109,RbsR2,,TF,rbsK,SA0258,USA300HOU_RS01400
110,PerR,SA1678,TF,sufB,SA0778,USA300HOU_RS04535
111,PerR,SA1678,TF,ahpC,SA0366,USA300HOU_RS02020
112,PerR,SA1678,TF,ahpF,SA0365,USA300HOU_RS02015
113,PerR,SA1678,TF,bcp,SA1680,USA300HOU_RS10105
114,PerR,SA1678,TF,SA1679,SA1679,USA300HOU_RS10100
115,PerR,SA1678,TF,dps,SA1941,USA300HOU_RS11550
116,PerR,SA1678,TF,ftnA,SA1709,USA300HOU_RS10275
117,PerR,SA1678,TF,fur,SA1329,USA300HOU_RS08010
118,PerR,SA1678,TF,hemE,SA1652,USA300HOU_RS09795
119,PerR,SA1678,TF,hemH,SA1651,USA300HOU_RS09790
120,PerR,SA1678,TF,hemY,SA1650,USA300HOU_RS09785
121,PerR,SA1678,TF,katA,SA1170,USA300HOU_RS06785
122,PerR,SA1678,TF,perR,SA1678,USA300HOU_RS10095
123,PerR,SA1678,TF,sufC,SA0774,USA300HOU_RS04515
124,PerR,SA1678,TF,sufD,SA0775,USA300HOU_RS04520
125,PerR,SA1678,TF,sufS,SA0776,USA300HOU_RS04525
126,PerR,SA1678,TF,nifU,SA0777,USA300HOU_RS04530
127,PurR,SA0454,TF,purE,SA0916,USA300HOU_RS05300
128,PurR,SA0454,TF,purK,SA0917,USA300HOU_RS05305
129,PurR,SA0454,TF,purC,SA0918,USA300HOU_RS05310
130,PurR,SA0454,TF,purS,SA0919,USA300HOU_RS05315
131,PurR,SA0454,TF,purQ,SA0920,USA300HOU_RS05320
132,PurR,SA0454,TF,purL,SA0921,USA300HOU_RS05325
133,PurR,SA0454,TF,purF,SA0922,USA300HOU_RS05330
134,PurR,SA0454,TF,purM,SA0923,USA300HOU_RS05335
135,PurR,SA0454,TF,purN,SA0924,USA300HOU_RS05340
136,PurR,SA0454,TF,purH,SA0925,USA300HOU_RS05345
137,PurR,SA0454,TF,purD,SA0926,USA300HOU_RS05350
138,PurR,SA0454,TF,purB,SA1724,USA300HOU_RS10360
139,PurR,SA0454,TF,purA,SA0016,USA300HOU_RS00085
140,PurR,SA0454,TF,folD,SA0915,USA300HOU_RS05295
141,NreC,SA2179,TF,nirR,SA2189,USA300HOU_RS12980
142,NreC,SA2179,TF,nasD,SA2188,USA300HOU_RS12975
143,NreC,SA2179,TF,nasE,SA2187,USA300HOU_RS12970
144,NreC,SA2179,TF,nasF,SA2186,USA300HOU_RS12965
145,NreC,SA2179,TF,narK,SA2176,USA300HOU_RS12915
146,NreC,SA2179,TF,narG,SA2185,USA300HOU_RS12960
147,NreC,SA2179,TF,narH,SA2184,USA300HOU_RS12955
148,NreC,SA2179,TF,narJ,SA2183,USA300HOU_RS12950
149,NreC,SA2179,TF,narI,SA2182,USA300HOU_RS12945
150,NreC,SA2179,TF,nreA,SA2181,USA300HOU_RS12940
151,NreC,SA2179,TF,nreB,SA2180,USA300HOU_RS12935
152,NreC,SA2179,TF,nreC,SA2179,USA300HOU_RS12930
153,MurR,SA0187,TF,SA0184,SA0184,USA300HOU_RS01005
154,MurR,SA0187,TF,murQ,SA0185,USA300HOU_RS01010
155,MurR,SA0187,TF,murT,SA0186,USA300HOU_RS01015
156,MurR,SA0187,TF,murR,SA0187,USA300HOU_RS01020
157,NrdR,SA1509,TF,nrdD,SA2410,USA300HOU_RS14200
158,NrdR,SA1509,TF,nrdG,SA2409,USA300HOU_RS14195
159,NrdR,SA1509,TF,nrdI,SA0685,USA300HOU_RS03945
160,NrdR,SA1509,TF,nrdE,SA0686,USA300HOU_RS03950
161,NrdR,SA1509,TF,nrdF,SA0687,USA300HOU_RS03955
162,MtlR,SA1961,TF,mtlF,SA1960,USA300HOU_RS11630
163,MtlR,SA1961,TF,mtlR,SA1961,USA300HOU_RS11635
164,MtlR,SA1961,TF,mtlA,SA1962,USA300HOU_RS11640
165,MtlR,SA1961,TF,mtlD,SA1963,USA300HOU_RS11645
166,MntR,SA0590,TF,mntH,SA0956,USA300HOU_RS05515
167,MntR,SA0590,TF,mntA,SA0589,USA300HOU_RS03430
168,MntR,SA0590,TF,mntB,SA0588,USA300HOU_RS03425
169,MntR,SA0590,TF,mntC,SA0587,USA300HOU_RS03420
170,MepR,SA0322,TF,mepR,SA0322,USA300HOU_RS01770
171,MepR,SA0322,TF,mepA,SA0323,USA300HOU_RS01775
172,MecI,SA0040,TF,mecR1,SA0039,
173,MecI,SA0040,TF,mecI,SA0040,
174,MecI,SA0040,TF,mecA,SA0038,USA300HOU_RS00160
175,ManR,SA2433,TF,manP,SA2434,USA300HOU_RS14355
176,ManR,SA2433,TF,manA,SA2435,USA300HOU_RS14360
177,LexA,SA1174,TF,parE,SA1188,USA300HOU_RS06890
178,LexA,SA1174,TF,parC,SA1189,USA300HOU_RS06895
179,LexA,SA1174,TF,lexA,SA1174,USA300HOU_RS06815
180,LexA,SA1174,TF,uvrB,SA0713,USA300HOU_RS04105
181,LexA,SA1174,TF,uvrA,SA0714,USA300HOU_RS04110
182,LexA,SA1174,TF,sbcD,SA1180,USA300HOU_RS06850
183,LexA,SA1174,TF,sbcC,SA1181,USA300HOU_RS06855
184,LexA,SA1174,TF,SA1975,SA1975,USA300HOU_RS11760
185,LexA,SA1174,TF,SA1974,SA1974,USA300HOU_RS11755
186,LexA,SA1174,TF,SA1973,SA1973,USA300HOU_RS11750
187,LexA,SA1174,TF,SA1749,SA1749,USA300HOU_RS10515
188,LexA,SA1174,TF,SA0684,SA0684,USA300HOU_RS03940
189,LexA,SA1174,TF,SA0683,SA0683,USA300HOU_RS03935
190,LexA,SA1174,TF,recA,SA1128,USA300HOU_RS06475
191,LexA,SA1174,TF,null,SA1738,USA300HOU_RS10445
192,LexA,SA1174,TF,uvrX,SA1196,USA300HOU_RS06945
193,MalR,SA1339,TF,malR,SA1339,USA300HOU_RS08060
194,MalR,SA1339,TF,malA,SA1338,USA300HOU_RS08055
195,MalR,SA1339,TF,mdxK,SA0206,USA300HOU_RS01090
196,MalR,SA1339,TF,mdxE,SA0207,USA300HOU_RS01095
197,MalR,SA1339,TF,mdxF,SA0208,USA300HOU_RS01100
198,MalR,SA1339,TF,mdxG,SA0209,USA300HOU_RS01105
199,MalR,SA1339,TF,gfoA,SA0210,USA300HOU_RS01110
200,MalR,SA1339,TF,gfoB,SA0211,USA300HOU_RS01115
201,MalR,SA1339,TF,gfoI,SA0212,USA300HOU_RS01120
202,IcaR,SA2458,TF,icaR,SA2458,USA300HOU_RS14475
203,IcaR,SA2458,TF,icaA,SA2459,USA300HOU_RS14480
204,IcaR,SA2458,TF,icaD,SA2460,USA300HOU_RS14485
205,IcaR,SA2458,TF,icaB,SA2461,USA300HOU_RS14490
206,IcaR,SA2458,TF,icaC,SA2462,USA300HOU_RS14495
207,LacR,SA1998,TF,lacA,SA1997,
208,LacR,SA1998,TF,lacB,SA1996,
209,LacR,SA1998,TF,lacC,SA1995,USA300HOU_RS11885
210,LacR,SA1998,TF,lacD,SA1994,USA300HOU_RS11880
211,LacR,SA1998,TF,lacF,SA1993,USA300HOU_RS11875
212,LacR,SA1998,TF,lacE,SA1992,USA300HOU_RS11870
213,LacR,SA1998,TF,lacG,SA1991,USA300HOU_RS11865
214,HssR,SA2151,TF,hrtB,SA2150,USA300HOU_RS12775
215,HssR,SA2151,TF,hrtA,SA2149,USA300HOU_RS12770
216,HutR,SA2123,TF,hutP,SA0308,USA300HOU_RS01695
217,HutR,SA2123,TF,hutU,SA2122,USA300HOU_RS12615
218,HutR,SA2123,TF,hutI,SA2121,USA300HOU_RS12610
219,HutR,SA2123,TF,hutR,SA2123,USA300HOU_RS12620
220,GntR,SA2295,TF,gntR,SA2295,USA300HOU_RS13580
221,GntR,SA2295,TF,gntK,SA2294,USA300HOU_RS13575
222,GntR,SA2295,TF,gntP,SA2293,USA300HOU_RS13570
223,HrcA,SA1411,TF,groES,SA1837,USA300HOU_RS10930
224,HrcA,SA1411,TF,groEL,SA1836,USA300HOU_RS10925
225,HrcA,SA1411,TF,hrcA,SA1411,USA300HOU_RS08435
226,HrcA,SA1411,TF,grpE,SA1410,USA300HOU_RS08430
227,HrcA,SA1411,TF,dnaK,SA1409,USA300HOU_RS08425
228,HrcA,SA1411,TF,dnaJ,SA1408,USA300HOU_RS08420
229,GlvR,SA2115,TF,glvC,SA2114,USA300HOU_RS12575
230,GltC,SA0429,TF,gltB,SA0430,USA300HOU_RS02375
231,GltC,SA0429,TF,gltD,SA0431,USA300HOU_RS02380
232,GltC,SA0429,TF,gltC,SA0429,USA300HOU_RS02370
233,GlnR,SA1149,TF,nrgA,SA1848,USA300HOU_RS11000
234,GlnR,SA1149,TF,glnR,SA1149,USA300HOU_RS06585
235,GlnR,SA1149,TF,glnA,SA1150,USA300HOU_RS06590
236,Fur,SA1329,TF,iucB,SA1983,USA300HOU_RS11810
237,Fur,SA1329,TF,isdH,SA1552,USA300HOU_RS09190
238,Fur,SA1329,TF,isdB,SA0976,USA300HOU_RS05640
239,Fur,SA1329,TF,isdC,SA0978,USA300HOU_RS05650
240,Fur,SA1329,TF,isdD,SA0979,USA300HOU_RS05655
241,Fur,SA1329,TF,isdE,SA0980,USA300HOU_RS05660
242,Fur,SA1329,TF,isdF,SA0981,USA300HOU_RS05665
243,Fur,SA1329,TF,srtB,SA0982,USA300HOU_RS05670
244,Fur,SA1329,TF,isdG,SA0983,USA300HOU_RS05675
245,Fur,SA1329,TF,isdA,SA0977,USA300HOU_RS05645
246,Fur,SA1329,TF,ftnA,SA1709,USA300HOU_RS10275
247,Fur,SA1329,TF,fhuD2,SA2079,USA300HOU_RS12365
248,Fur,SA1329,TF,fhuA,SA0602,USA300HOU_RS03500
249,Fur,SA1329,TF,fhuB,SA0603,USA300HOU_RS03505
250,Fur,SA1329,TF,fhuG,SA0604,USA300HOU_RS03510
251,Fur,SA1329,TF,feoA,SA2338,USA300HOU_RS13845
252,Fur,SA1329,TF,feoB,SA2337,USA300HOU_RS13840
253,Fur,SA1329,TF,efeO,SA0331,USA300HOU_RS01820
254,Fur,SA1329,TF,efeB,SA0332,USA300HOU_RS01825
255,Fur,SA1329,TF,efeU,SA0333,USA300HOU_RS01830
256,Fur,SA1329,TF,citB,SA1184,USA300HOU_RS06870
257,Fur,SA1329,TF,arlR,SA1248,
258,Fur,SA1329,TF,arlR,SA1247,
259,Fur,SA1329,TF,arlS,SA1246,USA300HOU_RS07215
260,Fur,SA1329,TF,yfmC,SA1979,USA300HOU_RS11785
261,Fur,SA1329,TF,yfmD,SA1978,USA300HOU_RS11780
262,Fur,SA1329,TF,yfmE,SA1977,USA300HOU_RS11775
263,Fur,SA1329,TF,trxB,SA2162,
264,Fur,SA1329,TF,tatA,SA0335,USA300HOU_RS01840
265,Fur,SA1329,TF,tatC,SA0334,USA300HOU_RS01835
266,Fur,SA1329,TF,sstA,SA0688,USA300HOU_RS03970
267,Fur,SA1329,TF,sstB,SA0689,USA300HOU_RS03975
268,Fur,SA1329,TF,sstC,SA0690,USA300HOU_RS03980
269,Fur,SA1329,TF,sstD,SA0691,USA300HOU_RS03985
270,Fur,SA1329,TF,sirA,SA0111,USA300HOU_RS00600
271,Fur,SA1329,TF,sirB,SA0110,USA300HOU_RS00595
272,Fur,SA1329,TF,sirC,SA0109,USA300HOU_RS00590
273,Fur,SA1329,TF,sbnA,SA0112,USA300HOU_RS00605
274,Fur,SA1329,TF,sbnB,SA0113,USA300HOU_RS00610
275,Fur,SA1329,TF,sbnC,SA0114,USA300HOU_RS00615
276,Fur,SA1329,TF,sbnD,SA0115,USA300HOU_RS00620
277,Fur,SA1329,TF,sbnE,SA0116,USA300HOU_RS00625
278,Fur,SA1329,TF,sbnF,SA0117,USA300HOU_RS00630
279,Fur,SA1329,TF,sbnG,SA0118,USA300HOU_RS00635
280,Fur,SA1329,TF,sbnH,SA0119,USA300HOU_RS00640
281,Fur,SA1329,TF,sbnI,SA0120,USA300HOU_RS00645
282,Fur,SA1329,TF,SA1982,SA1982,USA300HOU_RS11805
283,Fur,SA1329,TF,iucC,SA1981,USA300HOU_RS11800
284,Fur,SA1329,TF,SA1980,SA1980,USA300HOU_RS11795
285,Fur,SA1329,TF,SA0757,SA0757,USA300HOU_RS04360
286,FruR,SA0653,TF,fruR,SA0653,USA300HOU_RS03770
287,FruR,SA0653,TF,fruB,SA0654,USA300HOU_RS03775
288,FruR,SA0653,TF,fruA,SA0655,USA300HOU_RS03780
289,CzrA,SA1947,TF,czrA,SA1947,USA300HOU_RS11580
290,CzrA,SA1947,TF,czrB,SA1948,USA300HOU_RS11585
291,FapR,SA1071,TF,fabI,SA0869,USA300HOU_RS05010
292,FapR,SA1071,TF,fabH,SA0842,USA300HOU_RS04875
293,FapR,SA1071,TF,fabF,SA0843,USA300HOU_RS04880
294,FapR,SA1071,TF,perR,SA1678,USA300HOU_RS10095
295,FapR,SA1071,TF,fapR,SA1071,USA300HOU_RS06170
296,FapR,SA1071,TF,plsX,SA1072,USA300HOU_RS06175
297,FapR,SA1071,TF,fabD,SA1073,USA300HOU_RS06180
298,FapR,SA1071,TF,fabG,SA1074,USA300HOU_RS06185
299,CtsR,SA0480,TF,SA1838,SA1838,USA300HOU_RS10935
300,CtsR,SA0480,TF,hrcA,SA1411,USA300HOU_RS08435
301,CtsR,SA0480,TF,grpE,SA1410,USA300HOU_RS08430
302,CtsR,SA0480,TF,dnaK,SA1409,USA300HOU_RS08425
303,CtsR,SA0480,TF,dnaJ,SA1408,USA300HOU_RS08420
304,CtsR,SA0480,TF,groES,SA1837,USA300HOU_RS10930
305,CtsR,SA0480,TF,groEL,SA1836,USA300HOU_RS10925
306,CtsR,SA0480,TF,ctsR,SA0480,USA300HOU_RS02745
307,CtsR,SA0480,TF,SA0481,SA0481,USA300HOU_RS02750
308,CtsR,SA0480,TF,SA0482,SA0482,USA300HOU_RS02755
309,CtsR,SA0480,TF,clpC,SA0483,USA300HOU_RS02760
310,CtsR,SA0480,TF,clpP,SA0723,USA300HOU_RS04165
311,CtsR,SA0480,TF,clpB,SA0835,USA300HOU_RS04835
312,CymR,SA1453,TF,tcyP,SA0368,USA300HOU_RS02030
313,CymR,SA1453,TF,tcyA,SA2202,USA300HOU_RS13050
314,CymR,SA1453,TF,tcyB,SA2201,
315,CymR,SA1453,TF,tcyC,SA2200,USA300HOU_RS13040
316,CymR,SA1453,TF,ssuB,SA0166,USA300HOU_RS00910
317,CymR,SA1453,TF,ssuA,SA0167,USA300HOU_RS00915
318,CymR,SA1453,TF,ssuC,SA0168,USA300HOU_RS00920
319,CymR,SA1453,TF,SA0169,SA0169,
320,CymR,SA1453,TF,SA2080,SA2080,USA300HOU_RS12370
321,CymR,SA1453,TF,SA1850,SA1850,USA300HOU_RS11010
322,CymR,SA1453,TF,SA0198,SA0198,USA300HOU_RS01050
323,CymR,SA1453,TF,SA0165,SA0165,USA300HOU_RS00905
324,CymR,SA1453,TF,metN2,SA0420,USA300HOU_RS02325
325,CymR,SA1453,TF,metP2,SA0421,USA300HOU_RS02330
326,CymR,SA1453,TF,metQ2,SA0422,USA300HOU_RS02335
327,CymR,SA1453,TF,luxS,SA1936,USA300HOU_RS11520
328,CymR,SA1453,TF,mccA,SA0418,USA300HOU_RS02315
329,CymR,SA1453,TF,mccB,SA0419,USA300HOU_RS02320
330,CymR,SA1453,TF,cysK,SA0471,USA300HOU_RS02630
331,CymR,SA1453,TF,cysJ,SA2413,USA300HOU_RS14220
332,CymR,SA1453,TF,sirC,SA2412,USA300HOU_RS14215
333,CggR,SA0726,TF,cggR,SA0726,USA300HOU_RS04180
334,CggR,SA0726,TF,gap,SA0727,USA300HOU_RS04185
335,CggR,SA0726,TF,pgk,SA0728,USA300HOU_RS04190
336,CggR,SA0726,TF,tpiA,SA0729,USA300HOU_RS04195
337,CggR,SA0726,TF,pgm,SA0730,USA300HOU_RS04200
338,CggR,SA0726,TF,eno,SA0731,USA300HOU_RS04205
339,CodY,SA1098,TF,SA2357,SA2357,USA300HOU_RS13945
340,CodY,SA1098,TF,SA2261,SA2261,USA300HOU_RS13405
341,CodY,SA1098,TF,SA2260,SA2260,USA300HOU_RS13400
342,CodY,SA1098,TF,SA2233,SA2233,USA300HOU_RS13250
343,CodY,SA1098,TF,SA2109,SA2109,USA300HOU_RS12540
344,CodY,SA1098,TF,SA2002,SA2002,USA300HOU_RS11930
345,CodY,SA1098,TF,SA1544,SA1544,USA300HOU_RS09140
346,CodY,SA1098,TF,serA,SA1545,USA300HOU_RS09145
347,CodY,SA1098,TF,SA1364,SA1364,USA300HOU_RS08190
348,CodY,SA1098,TF,SA1363,SA1363,USA300HOU_RS08185
349,CodY,SA1098,TF,SA0883,SA0883,USA300HOU_RS05095
350,CodY,SA1098,TF,SA0871,SA0871,USA300HOU_RS05020
351,CodY,SA1098,TF,SA0626,SA0626,USA300HOU_RS03630
352,CodY,SA1098,TF,SA0601,SA0601,
353,CodY,SA1098,TF,SA0367,SA0367,USA300HOU_RS02025
354,CodY,SA1098,TF,SA0348,SA0348,USA300HOU_RS01910
355,CodY,SA1098,TF,SA0165,SA0165,USA300HOU_RS00905
356,CodY,SA1098,TF,rocC,SA1169,USA300HOU_RS06780
357,CodY,SA1098,TF,pycA,SA0963,USA300HOU_RS05560
358,CodY,SA1098,TF,patA,SA0902,USA300HOU_RS05220
359,CodY,SA1098,TF,opuCA,SA2237,USA300HOU_RS13270
360,CodY,SA1098,TF,opuCB,SA2236,USA300HOU_RS13265
361,CodY,SA1098,TF,opuCC,SA2235,USA300HOU_RS13260
362,CodY,SA1098,TF,opuCD,SA2234,USA300HOU_RS13255
363,CodY,SA1098,TF,oppB,SA0845,USA300HOU_RS04890
364,CodY,SA1098,TF,oppC,SA0846,USA300HOU_RS04895
365,CodY,SA1098,TF,oppD,SA0847,USA300HOU_RS04900
366,CodY,SA1098,TF,oppF,SA0848,USA300HOU_RS04905
367,CodY,SA1098,TF,oppA,SA0849,USA300HOU_RS04910
368,CodY,SA1098,TF,nrgA,SA1848,USA300HOU_RS11000
369,CodY,SA1098,TF,mtnE,SA2347,USA300HOU_RS13895
370,CodY,SA1098,TF,ddh2,SA2346,USA300HOU_RS13890
371,CodY,SA1098,TF,metX,SA0011,USA300HOU_RS00060
372,CodY,SA1098,TF,metN,SA0769,USA300HOU_RS04405
373,CodY,SA1098,TF,metP,SA0770,USA300HOU_RS04410
374,CodY,SA1098,TF,metQ,SA0771,USA300HOU_RS04415
375,CodY,SA1098,TF,metI,SA0347,USA300HOU_RS01905
376,CodY,SA1098,TF,metC,SA0346,USA300HOU_RS01900
377,CodY,SA1098,TF,metF,SA0345,USA300HOU_RS01895
378,CodY,SA1098,TF,metE,SA0344,USA300HOU_RS01890
379,CodY,SA1098,TF,mdh,SA0343,USA300HOU_RS01885
380,CodY,SA1098,TF,lysE,SA0753,USA300HOU_RS04340
381,CodY,SA1098,TF,asd,SA1226,USA300HOU_RS07100
382,CodY,SA1098,TF,dapA,SA1227,USA300HOU_RS07105
383,CodY,SA1098,TF,dapB,SA1228,USA300HOU_RS07110
384,CodY,SA1098,TF,dapD,SA1229,USA300HOU_RS07115
385,CodY,SA1098,TF,ykuR,SA1230,USA300HOU_RS07120
386,CodY,SA1098,TF,dapX,SA1231,USA300HOU_RS07125
387,CodY,SA1098,TF,lysA,SA1232,USA300HOU_RS07130
388,CodY,SA1098,TF,katA,SA1170,USA300HOU_RS06785
389,CodY,SA1098,TF,ilvE,SA0512,USA300HOU_RS02910
390,CodY,SA1098,TF,ilvD,SA1858,USA300HOU_RS11060
391,CodY,SA1098,TF,ilvB,SA1859,USA300HOU_RS11065
392,CodY,SA1098,TF,ilvH,SA1860,USA300HOU_RS11070
393,CodY,SA1098,TF,ilvC,SA1861,USA300HOU_RS11075
394,CodY,SA1098,TF,leuA,SA1862,USA300HOU_RS11080
395,CodY,SA1098,TF,leuB,SA1863,USA300HOU_RS11085
396,CodY,SA1098,TF,leuC,SA1864,USA300HOU_RS11090
397,CodY,SA1098,TF,leuD,SA1865,USA300HOU_RS11095
398,CodY,SA1098,TF,ilvA,SA1866,USA300HOU_RS11100
399,CodY,SA1098,TF,icaA,SA2459,USA300HOU_RS14480
400,CodY,SA1098,TF,icaD,SA2460,USA300HOU_RS14485
401,CodY,SA1098,TF,icaB,SA2461,USA300HOU_RS14490
402,CodY,SA1098,TF,icaC,SA2462,USA300HOU_RS14495
403,CodY,SA1098,TF,hom,SA1164,USA300HOU_RS06750
404,CodY,SA1098,TF,thrC,SA1165,USA300HOU_RS06755
405,CodY,SA1098,TF,thrB,SA1166,USA300HOU_RS06760
406,CodY,SA1098,TF,SA1167,SA1167,USA300HOU_RS06765
407,CodY,SA1098,TF,hmrA,SA1935,USA300HOU_RS11515
408,CodY,SA1098,TF,SA1934,SA1934,USA300HOU_RS11510
409,CodY,SA1098,TF,hlb,SA1752,USA300HOU_RS10530
410,CodY,SA1098,TF,hisZ,SA2472,USA300HOU_RS14550
411,CodY,SA1098,TF,hisG,SA2471,USA300HOU_RS14545
412,CodY,SA1098,TF,hisD,SA2470,USA300HOU_RS14540
413,CodY,SA1098,TF,hisC,SA2469,USA300HOU_RS14535
414,CodY,SA1098,TF,hisB,SA2468,USA300HOU_RS14530
415,CodY,SA1098,TF,hisH,SA2467,USA300HOU_RS14525
416,CodY,SA1098,TF,hisA,SA2466,USA300HOU_RS14520
417,CodY,SA1098,TF,hisF,SA2465,USA300HOU_RS14515
418,CodY,SA1098,TF,hisI,SA2464,USA300HOU_RS14510
419,CodY,SA1098,TF,gltC,SA0429,USA300HOU_RS02370
420,CodY,SA1098,TF,gltB,SA0430,USA300HOU_RS02375
421,CodY,SA1098,TF,gltD,SA0431,USA300HOU_RS02380
422,CodY,SA1098,TF,glnR,SA1149,USA300HOU_RS06585
423,CodY,SA1098,TF,glnA,SA1150,USA300HOU_RS06590
424,CodY,SA1098,TF,gabT,SA2397,USA300HOU_RS14115
425,CodY,SA1098,TF,comK,SA0882,USA300HOU_RS05090
426,CodY,SA1098,TF,capA,SA0144,USA300HOU_RS00800
427,CodY,SA1098,TF,capB,SA0145,USA300HOU_RS00805
428,CodY,SA1098,TF,capC,SA0146,USA300HOU_RS00810
429,CodY,SA1098,TF,capD,SA0147,
430,CodY,SA1098,TF,capE,SA0148,USA300HOU_RS00820
431,CodY,SA1098,TF,capF,SA0149,USA300HOU_RS00825
432,CodY,SA1098,TF,capG,SA0150,USA300HOU_RS00830
433,CodY,SA1098,TF,capH,SA0151,USA300HOU_RS00835
434,CodY,SA1098,TF,capI,SA0152,USA300HOU_RS00840
435,CodY,SA1098,TF,capJ,SA0153,USA300HOU_RS00845
436,CodY,SA1098,TF,capK,SA0154,USA300HOU_RS00850
437,CodY,SA1098,TF,capL,SA0155,USA300HOU_RS00855
438,CodY,SA1098,TF,capM,SA0156,USA300HOU_RS00860
439,CodY,SA1098,TF,capN,SA0157,USA300HOU_RS00865
440,CodY,SA1098,TF,capO,SA0158,USA300HOU_RS00870
441,CodY,SA1098,TF,capP,SA0159,USA300HOU_RS00875
442,CodY,SA1098,TF,butA,SA0122,USA300HOU_RS00665
443,CodY,SA1098,TF,brnQ2,SA0294,USA300HOU_RS01625
444,CodY,SA1098,TF,brnQ1,SA0180,USA300HOU_RS00980
445,CodY,SA1098,TF,aur,SA2430,USA300HOU_RS14335
446,CodY,SA1098,TF,artQ,SA1675,USA300HOU_RS09930
447,CodY,SA1098,TF,artM,SA1674,USA300HOU_RS09925
448,CodY,SA1098,TF,aroC,SA1299,USA300HOU_RS07500
449,CodY,SA1098,TF,aroB,SA1298,USA300HOU_RS07495
450,CodY,SA1098,TF,aroA,SA1297,USA300HOU_RS07490
451,CodY,SA1098,TF,SA1296,SA1296,USA300HOU_RS07485
452,CodY,SA1098,TF,SA1295,SA1295,USA300HOU_RS07480
453,CodY,SA1098,TF,SA1294,SA1294,USA300HOU_RS07475
454,CodY,SA1098,TF,SA1293,SA1293,USA300HOU_RS07470
455,CodY,SA1098,TF,argG,SA0822,USA300HOU_RS04770
456,CodY,SA1098,TF,argH,SA0821,USA300HOU_RS04765
457,CodY,SA1098,TF,appA,SA0850,USA300HOU_RS04915
458,CodY,SA1098,TF,appD,SA0851,USA300HOU_RS04920
459,CodY,SA1098,TF,appF,SA0852,USA300HOU_RS04925
460,CodY,SA1098,TF,appB,SA0853,USA300HOU_RS04930
461,CodY,SA1098,TF,appC,SA0854,USA300HOU_RS04935
462,CodY,SA1098,TF,agrB,SA1842,USA300HOU_RS10960
463,CodY,SA1098,TF,agrD,SAS066,USA300HOU_RS10965
464,CodY,SA1098,TF,agrC,SA1843,USA300HOU_RS10970
465,CodY,SA1098,TF,agrA,SA1844,USA300HOU_RS10975
466,CodY,SA1098,TF,acuA,SA1555,USA300HOU_RS09205
467,CodY,SA1098,TF,acuC,SA1556,USA300HOU_RS09210
468,CodY,SA1098,TF,acsA,SA1554,USA300HOU_RS09200
469,CodY,SA1098,TF,acp,SA0871,USA300HOU_RS05020
470,CodY,SA1098,TF,aapA,SA2226,USA300HOU_RS13290
471,CodY,SA1098,TF,aapA,SA2227,
472,CodY,SA1098,TF,yocS,SA2112,USA300HOU_RS12565
473,CodY,SA1098,TF,tyrA,SA1197,USA300HOU_RS06950
474,CodY,SA1098,TF,trpE,SA1199,USA300HOU_RS06960
475,CodY,SA1098,TF,trpG,SA1200,USA300HOU_RS06965
476,CodY,SA1098,TF,trpD,SA1201,USA300HOU_RS06970
477,CodY,SA1098,TF,trpC,SA1202,USA300HOU_RS06975
478,CodY,SA1098,TF,trpF,SA1203,USA300HOU_RS06980
479,CodY,SA1098,TF,trpB,SA1204,USA300HOU_RS06985
480,CodY,SA1098,TF,trpA,SA1205,USA300HOU_RS06990
481,CodY,SA1098,TF,tppB,SA0682,USA300HOU_RS03930
482,CodY,SA1098,TF,thrA,SA1163,USA300HOU_RS06745
483,CodY,SA1098,TF,tcyP,SA0368,USA300HOU_RS02030
484,CodY,SA1098,TF,tcdB,SA1271,USA300HOU_RS07355
485,CodY,SA1098,TF,SA1270,SA1270,USA300HOU_RS07350
486,CodY,SA1098,TF,sodM,SA0128,USA300HOU_RS00700
487,CodY,SA1098,TF,sodA,SA1382,USA300HOU_RS08290
488,CodY,SA1098,TF,SA2398,SA2398,USA300HOU_RS14120
489,CodY,SA1098,TF,SA2396,SA2396,USA300HOU_RS14110
490,BlaI,SAP012,TF,blaZ,SAP010,
491,BlaI,SAP012,TF,blaR1,SAP011,
492,BlaI,SAP012,TF,blaI,SAP012,
493,CcpA,SA1557,TF,ccpA,SA1557,USA300HOU_RS09215
494,CcpA,SA1557,TF,arg,SA1968,USA300HOU_RS11670
495,CcpA,SA1557,TF,arcA,SA2428,USA300HOU_RS14320
496,CcpA,SA1557,TF,arcB,SA2427,USA300HOU_RS14315
497,CcpA,SA1557,TF,arcD,SA2426,USA300HOU_RS14310
498,CcpA,SA1557,TF,arcC,SA2425,USA300HOU_RS14305
499,CcpA,SA1557,TF,arcR,SA2424,USA300HOU_RS14300
500,CcpA,SA1557,TF,araB,SA0510,USA300HOU_RS02900
501,CcpA,SA1557,TF,aldA,SA0162,USA300HOU_RS00890
502,CcpA,SA1557,TF,ald,SA1531,USA300HOU_RS09065
503,CcpA,SA1557,TF,acuA,SA1555,USA300HOU_RS09205
504,CcpA,SA1557,TF,acuC,SA1556,USA300HOU_RS09210
505,CcpA,SA1557,TF,acsA,SA1554,USA300HOU_RS09200
506,CcpA,SA1557,TF,aapA,SA2226,USA300HOU_RS13290
507,CcpA,SA1557,TF,aapA,SA2227,
508,CcpA,SA1557,TF,hutU,SA2122,USA300HOU_RS12615
509,CcpA,SA1557,TF,hutI,SA2121,USA300HOU_RS12610
510,CcpA,SA1557,TF,hutH,SA0008,USA300HOU_RS00040
511,CcpA,SA1557,TF,hla,SA1007,USA300HOU_RS05825
512,CcpA,SA1557,TF,gudP,SA2300,USA300HOU_RS13605
513,CcpA,SA1557,TF,gudB,SA0819,USA300HOU_RS04750
514,CcpA,SA1557,TF,gntR,SA2295,USA300HOU_RS13580
515,CcpA,SA1557,TF,gntK,SA2294,USA300HOU_RS13575
516,CcpA,SA1557,TF,gntP,SA2293,USA300HOU_RS13570
517,CcpA,SA1557,TF,glvR,SA2115,USA300HOU_RS12580
518,CcpA,SA1557,TF,glvC,SA2114,USA300HOU_RS12575
519,CcpA,SA1557,TF,gltS,SA2135,USA300HOU_RS12685
520,CcpA,SA1557,TF,glpT,SA0325,USA300HOU_RS01785
521,CcpA,SA1557,TF,glpF,SA1140,USA300HOU_RS06540
522,CcpA,SA1557,TF,glpK,SA1141,USA300HOU_RS06545
523,CcpA,SA1557,TF,glpD,SA1142,USA300HOU_RS06550
524,CcpA,SA1557,TF,glcA,SA0183,USA300HOU_RS01000
525,CcpA,SA1557,TF,fruR,SA0653,USA300HOU_RS03770
526,CcpA,SA1557,TF,fruB,SA0654,USA300HOU_RS03775
527,CcpA,SA1557,TF,fruA,SA0655,USA300HOU_RS03780
528,CcpA,SA1557,TF,fhs,SA1553,USA300HOU_RS09195
529,CcpA,SA1557,TF,fbp,SA2304,USA300HOU_RS13640
530,CcpA,SA1557,TF,fbaA,SA1927,USA300HOU_RS11470
531,CcpA,SA1557,TF,fadX,SA0227,USA300HOU_RS01210
532,CcpA,SA1557,TF,fadE,SA0226,USA300HOU_RS01205
533,CcpA,SA1557,TF,SA1633,SA1633,USA300HOU_RS09665
534,CcpA,SA1557,TF,drp35,SA2480,USA300HOU_RS14590
535,CcpA,SA1557,TF,dra2,SA1939,USA300HOU_RS11540
536,CcpA,SA1557,TF,dhaK,SA0605,USA300HOU_RS03515
537,CcpA,SA1557,TF,dhaL,SA0606,USA300HOU_RS03520
538,CcpA,SA1557,TF,SA0607,SA0607,USA300HOU_RS03525
539,CcpA,SA1557,TF,citZ,SA1518,USA300HOU_RS08985
540,CcpA,SA1557,TF,citC,SA1517,USA300HOU_RS08980
541,CcpA,SA1557,TF,citB,SA1184,USA300HOU_RS06870
542,CcpA,SA1557,TF,SA0184,SA0184,USA300HOU_RS01005
543,CcpA,SA1557,TF,murQ,SA0185,USA300HOU_RS01010
544,CcpA,SA1557,TF,murT,SA0186,USA300HOU_RS01015
545,CcpA,SA1557,TF,murR,SA0187,USA300HOU_RS01020
546,CcpA,SA1557,TF,rocD,SA0818,USA300HOU_RS04745
547,CcpA,SA1557,TF,rocA,SA2341,USA300HOU_RS13865
548,CcpA,SA1557,TF,rbsU,SA0260,USA300HOU_RS01410
549,CcpA,SA1557,TF,rbsD,SA0259,USA300HOU_RS01405
550,CcpA,SA1557,TF,rbsK,SA0258,USA300HOU_RS01400
551,CcpA,SA1557,TF,putP,SA1718,USA300HOU_RS10330
552,CcpA,SA1557,TF,putA,SA1585,USA300HOU_RS09380
553,CcpA,SA1557,TF,pfoR,SA2320,USA300HOU_RS13735
554,CcpA,SA1557,TF,sdaAB,SA2319,USA300HOU_RS13730
555,CcpA,SA1557,TF,sdaAA,SA2318,USA300HOU_RS13725
556,CcpA,SA1557,TF,pflB,SA0218,USA300HOU_RS01150
557,CcpA,SA1557,TF,pflA,SA0219,USA300HOU_RS01155
558,CcpA,SA1557,TF,pfkA,SA1521,USA300HOU_RS09010
559,CcpA,SA1557,TF,pykA,SA1520,USA300HOU_RS09005
560,CcpA,SA1557,TF,pckA,SA1609,USA300HOU_RS09500
561,CcpA,SA1557,TF,nupC,SA0479,USA300HOU_RS02740
562,CcpA,SA1557,TF,nanK,SA0305,USA300HOU_RS01680
563,CcpA,SA1557,TF,nanA,SA0304,USA300HOU_RS01675
564,CcpA,SA1557,TF,nanT,SA0303,USA300HOU_RS01670
565,CcpA,SA1557,TF,mvaS,SA2334,USA300HOU_RS13820
566,CcpA,SA1557,TF,mvaA,SA2333,USA300HOU_RS13815
567,CcpA,SA1557,TF,manR,SA2433,USA300HOU_RS14350
568,CcpA,SA1557,TF,manP,SA2434,USA300HOU_RS14355
569,CcpA,SA1557,TF,manA,SA2435,USA300HOU_RS14360
570,CcpA,SA1557,TF,msmX,SA0206,USA300HOU_RS01090
571,CcpA,SA1557,TF,mdxE,SA0207,USA300HOU_RS01095
572,CcpA,SA1557,TF,mdxF,SA0208,USA300HOU_RS01100
573,CcpA,SA1557,TF,mdxG,SA0209,USA300HOU_RS01105
574,CcpA,SA1557,TF,gfoA,SA0210,USA300HOU_RS01110
575,CcpA,SA1557,TF,gfoB,SA0211,USA300HOU_RS01115
576,CcpA,SA1557,TF,gfoI,SA0212,USA300HOU_RS01120
577,CcpA,SA1557,TF,malR,SA1339,USA300HOU_RS08060
578,CcpA,SA1557,TF,malA,SA1338,USA300HOU_RS08055
579,CcpA,SA1557,TF,lip,SA2463,USA300HOU_RS14500
580,CcpA,SA1557,TF,kbl,SA0508,USA300HOU_RS02890
581,CcpA,SA1557,TF,ipdC,SA0182,USA300HOU_RS00990
582,CcpA,SA1557,TF,treP,SA0432,USA300HOU_RS02390
583,CcpA,SA1557,TF,treA,SA0433,USA300HOU_RS02395
584,CcpA,SA1557,TF,treR,SA0434,USA300HOU_RS02400
585,CcpA,SA1557,TF,spa,SA0107,USA300HOU_RS00580
586,CcpA,SA1557,TF,sdhC,SA0994,USA300HOU_RS05740
587,CcpA,SA1557,TF,sdhA,SA0995,USA300HOU_RS05745
588,CcpA,SA1557,TF,sdhB,SA0996,USA300HOU_RS05750
589,CcpA,SA1557,TF,sdcS,SA1732,USA300HOU_RS10410
590,CcpA,SA1557,TF,scrR,SA1847,USA300HOU_RS10995
591,CcpA,SA1557,TF,scrA,SA2167,USA300HOU_RS12870
592,CcpA,SA1557,TF,SAS074,SAS074,USA300HOU_RS11765
593,CcpA,SA1557,TF,SA2109,SA2109,USA300HOU_RS12540
594,CcpA,SA1557,TF,SA2105,SA2105,USA300HOU_RS12515
595,CcpA,SA1557,TF,SA1975,SA1975,USA300HOU_RS11760
596,CcpA,SA1557,TF,SA1974,SA1974,USA300HOU_RS11755
597,CcpA,SA1557,TF,SA1973,SA1973,USA300HOU_RS11750
598,CcpA,SA1557,TF,SA1437,SA1437,USA300HOU_RS08570
599,CcpA,SA1557,TF,SA1436,SA1436,USA300HOU_RS08565
600,CcpA,SA1557,TF,SA1435,SA1435,USA300HOU_RS08560
601,CcpA,SA1557,TF,SA1434,SA1434,USA300HOU_RS08555
602,CcpA,SA1557,TF,SA1433,SA1433,USA300HOU_RS08550
603,CcpA,SA1557,TF,SA1432,SA1432,USA300HOU_RS08545
604,CcpA,SA1557,TF,SA1162,SA1162,USA300HOU_RS06740
605,CcpA,SA1557,TF,SA0873,SA0873,USA300HOU_RS05030
606,CcpA,SA1557,TF,SA0511,SA0511,USA300HOU_RS02905
607,CcpA,SA1557,TF,SA0299,SA0299,
608,CcpA,SA1557,TF,SA0300,SA0300,
609,CcpA,SA1557,TF,SA0301,SA0301,USA300HOU_RS01660
610,CcpA,SA1557,TF,nupC2,SA0302,USA300HOU_RS01665
611,CcpA,SA1557,TF,SA0225,SA0225,USA300HOU_RS01200
612,CcpA,SA1557,TF,fadN,SA0224,USA300HOU_RS01195
613,CcpA,SA1557,TF,fadA,SA0223,USA300HOU_RS01190
614,CcpA,SA1557,TF,yusH,SA0760,USA300HOU_RS04375
615,CcpA,SA1557,TF,uhpT,SA0214,USA300HOU_RS01130
616,CcpA,SA1557,TF,tst,SA1819,USA300HOU_RS02145
617,ArsR,"SAP016,",TF,arsR,SA1591,USA300HOU_RS09410
618,ArsR,"SAP016,",TF,arsB,SA1592,USA300HOU_RS09415
619,ArsR,"SAP016,",TF,arsR,SAP016,
620,ArsR,"SAP016,",TF,arsB,SAP017,
621,ArsR,"SAP016,",TF,arsC,SAP018,
622,BirA,SA1289,TF,yhfT,SA0533,USA300HOU_RS03010
623,BirA,SA1289,TF,yhfS,SA0534,USA300HOU_RS03015
624,BirA,SA1289,TF,SA0535,SA0535,USA300HOU_RS03020
625,BirA,SA1289,TF,SA0536,SA0536,USA300HOU_RS03025
626,BirA,SA1289,TF,bioY,SA2077,USA300HOU_RS12355
627,BirA,SA1289,TF,SA2076,SA2076,USA300HOU_RS12350
628,BirA,SA1289,TF,bioD,SA2215,USA300HOU_RS13135
629,BirA,SA1289,TF,bioA,SA2214,USA300HOU_RS13130
630,BirA,SA1289,TF,bioB,SA2213,USA300HOU_RS13125
631,BirA,SA1289,TF,bioF,SA2212,USA300HOU_RS13120
632,BirA,SA1289,TF,bioW,SA2211,USA300HOU_RS13115
633,BirA,SA1289,TF,bioX,SA2210,USA300HOU_RS13110
634,ArgR,SA1351,TF,rocD,SA0179,USA300HOU_RS00975
635,ArgR,SA1351,TF,argC,SA0178,USA300HOU_RS00970
636,ArgR,SA1351,TF,argJ,SA0177,USA300HOU_RS00965
637,ArgR,SA1351,TF,argB,SA0176,USA300HOU_RS00960
638,ArgR,SA1351,TF,cudT,SA2408,USA300HOU_RS14180
639,ArgR,SA1351,TF,artPQ,SA1675,USA300HOU_RS09930
640,ArgR,SA1351,TF,artM,SA1674,USA300HOU_RS09925
641,ArgR,SA1351,TF,ahrC,SA1351,USA300HOU_RS08125
642,ArgR,SA1351,TF,recN,SA1350,USA300HOU_RS08120
643,ArgR,SA1351,TF,argG,SA0822,USA300HOU_RS04770
644,ArgR,SA1351,TF,argH,SA0821,USA300HOU_RS04765
645,ArgR,SA1351,TF,arcA,SA2428,USA300HOU_RS14320
646,ArgR,SA1351,TF,arcB,SA2427,USA300HOU_RS14315
647,ArgR,SA1351,TF,arcD,SA2426,USA300HOU_RS14310
648,ArgR,SA1351,TF,arcC,SA2425,USA300HOU_RS14305
649,ArgR,SA1351,TF,arcR,SA2424,USA300HOU_RS14300
650,ArcR,SA2424,TF,arcA,SA2428,USA300HOU_RS14320
651,ArcR,SA2424,TF,arcB,SA2427,USA300HOU_RS14315
652,ArcR,SA2424,TF,arcD,SA2426,USA300HOU_RS14310
653,ArcR,SA2424,TF,arcC,SA2425,USA300HOU_RS14305
654,ArcR,SA2424,TF,arcR,SA2424,USA300HOU_RS14300
655,AgrA,SA1844,TF,agrB,SA1842,USA300HOU_RS10960
656,AgrA,SA1844,TF,agrD,SAS066,USA300HOU_RS10965
657,AgrA,SA1844,TF,agrC,SA1843,USA300HOU_RS10970
658,AgrA,SA1844,TF,agrA,SA1844,USA300HOU_RS10975
659,AgrA,SA1844,TF,hld,SAS065,USA300HOU_RS10955
660,SAM,,RNA,metX,SA0011,USA300HOU_RS00060
661,SAM,,RNA,metT,SA2117,USA300HOU_RS12590
662,SAM,,RNA,metK,SA1608,USA300HOU_RS09495
663,SAM,,RNA,metN,SA0769,USA300HOU_RS04405
664,SAM,,RNA,metP,SA0770,USA300HOU_RS04410
665,SAM,,RNA,metQ,SA0771,USA300HOU_RS04415
666,FMN,,RNA,ribU,SA1316,USA300HOU_RS07610
667,FMN,,RNA,ribD,SA1589,USA300HOU_RS09400
668,FMN,,RNA,ribE,SA1588,USA300HOU_RS09395
669,FMN,,RNA,ribBA,SA1587,USA300HOU_RS09390
670,FMN,,RNA,ribH,SA1586,USA300HOU_RS09385
671,TPP,,RNA,ykoE,SA0929,USA300HOU_RS05365
672,TPP,,RNA,ykoD,SA0928,USA300HOU_RS05360
673,TPP,,RNA,ykoC,SA0927,USA300HOU_RS05355
674,TPP,,RNA,tenA,SA1897,USA300HOU_RS11310
675,TPP,,RNA,thiD,SA1896,USA300HOU_RS11305
676,TPP,,RNA,thiM,SA1895,USA300HOU_RS11300
677,TPP,,RNA,thiE,SA1894,USA300HOU_RS11295
678,PreQ1,,RNA,queC,SA0667,USA300HOU_RS03845
679,PreQ1,,RNA,queD,SA0666,USA300HOU_RS03840
680,PreQ1,,RNA,queE,SA0665,USA300HOU_RS03835
681,PreQ1,,RNA,ypdP,SA1265,USA300HOU_RS07320
682,Lysine,,RNA,lysC,SA1225,USA300HOU_RS07095
683,Lysine,,RNA,asd,SA1226,USA300HOU_RS07100
684,Lysine,,RNA,dapA,SA1227,USA300HOU_RS07105
685,Lysine,,RNA,dapB,SA1228,USA300HOU_RS07110
686,Lysine,,RNA,dapD,SA1229,USA300HOU_RS07115
687,Lysine,,RNA,dapL,SA1230,USA300HOU_RS07120
688,Lysine,,RNA,dapX,SA1231,USA300HOU_RS07125
689,Lysine,,RNA,lysA,SA1232,USA300HOU_RS07130
690,Lysine,,RNA,lysP,SA1505,USA300HOU_RS08910
691,Glycine,,RNA,gcvT,SA1367,USA300HOU_RS08205
692,Glycine,,RNA,gcvP1,SA1366,USA300HOU_RS08200
693,Glycine,,RNA,gcvP2,SA1365,USA300HOU_RS08195
694,Purine,,RNA,xpt,SA0373,USA300HOU_RS02055
695,Purine,,RNA,pbuX,SA0374,USA300HOU_RS02060
696,Purine,,RNA,guaB,SA0375,USA300HOU_RS02065
697,Purine,,RNA,guaA,SA0376,USA300HOU_RS02070
698,glmS,,RNA,glmS,SA1959,USA300HOU_RS11625
699,PyrR,,RNA,pyrP,SA1042,USA300HOU_RS06025
700,PyrR,,RNA,pyrB,SA1043,USA300HOU_RS06030
701,PyrR,,RNA,pyrC,SA1044,USA300HOU_RS06035
702,PyrR,,RNA,carA,SA1045,USA300HOU_RS06040
703,PyrR,,RNA,carB,SA1046,USA300HOU_RS06045
704,PyrR,,RNA,pyrF,SA1047,USA300HOU_RS06050
705,PyrR,,RNA,pyrE,SA1048,USA300HOU_RS06055
706,PyrR,,RNA,null,SA1049,USA300HOU_RS06060
707,yybP-ykoY,,RNA,ykoY,SA0878,USA300HOU_RS05060
708,L10_leader,,RNA,rplJ,SA0497,USA300HOU_RS02835
709,L10_leader,,RNA,rplL,SA0498,USA300HOU_RS02840
710,L13_leader,,RNA,rplM,SA2017,USA300HOU_RS12015
711,L13_leader,,RNA,rpsI,SA2016,USA300HOU_RS12010
712,L19_leader,,RNA,rplS,SA1084,USA300HOU_RS06240
713,L20_leader,,RNA,infC,SA1504,USA300HOU_RS08905
714,L20_leader,,RNA,rpmI,SA1503,USA300HOU_RS08900
715,L20_leader,,RNA,rplT,SA1502,USA300HOU_RS08895
716,T-box(Ala),,RNA,alaS,SA1446,USA300HOU_RS08615
717,T-box(Asn),,RNA,hisS,SA1457,USA300HOU_RS08680
718,T-box(Asn),,RNA,aspS,SA1456,USA300HOU_RS08675
719,T-box(Cys),,RNA,cysE,SA0487,USA300HOU_RS02785
720,T-box(Cys),,RNA,cysS,SA0488,USA300HOU_RS02790
721,T-box(Gly),,RNA,glyS,SA1394,USA300HOU_RS08350
722,T-box(Ile),,RNA,ileS,SA1036,USA300HOU_RS05995
723,T-box(Leu),,RNA,leuS,SA1579,USA300HOU_RS09335
724,T-box(Met),,RNA,metI,SA0347,USA300HOU_RS01905
725,T-box(Met),,RNA,metC,SA0346,USA300HOU_RS01900
726,T-box(Met),,RNA,metF,SA0345,USA300HOU_RS01895
727,T-box(Met),,RNA,metE,SA0344,USA300HOU_RS01890
728,T-box(Met),,RNA,mdh,SA0343,USA300HOU_RS01885
729,T-box(Phe),,RNA,pheS,SA0985,USA300HOU_RS05690
730,T-box(Phe),,RNA,pheT,SA0986,USA300HOU_RS05695
731,T-box(Ser),,RNA,serS,SA0009,USA300HOU_RS00045
732,T-box(Thr),,RNA,thrS,SA1506,USA300HOU_RS08915
733,T-box(Trp),,RNA,trpE,SA1199,USA300HOU_RS06960
734,T-box(Trp),,RNA,trpG,SA1200,USA300HOU_RS06965
735,T-box(Trp),,RNA,trpD,SA1201,USA300HOU_RS06970
736,T-box(Trp),,RNA,trpC,SA1202,USA300HOU_RS06975
737,T-box(Trp),,RNA,trpF,SA1203,USA300HOU_RS06980
738,T-box(Trp),,RNA,trpB,SA1204,USA300HOU_RS06985
739,T-box(Trp),,RNA,trpA,SA1205,USA300HOU_RS06990
740,T-box(Tyr),,RNA,tyrS,SA1550,USA300HOU_RS09175
741,T-box(Val),,RNA,valS,SA1488,USA300HOU_RS08810
742,NanR,SA0306,TF,nanE,SA0307,USA300HOU_RS01690
743,NanR,SA0306,TF,nanA,SA0304,USA300HOU_RS01675
744,NanR,SA0306,TF,nanT,SA0303,USA300HOU_RS01670
745,NanR,SA0306,TF,nanR,SA0306,USA300HOU_RS01685
746,NanR,SA0306,TF,nanK,SA0305,USA300HOU_RS01680
747,YdfD/YisV,SA0104,TF,ydfC,SA0103,USA300HOU_RS00560
748,PdxR,SA0476,TF,pdxS,SA0477,USA300HOU_RS02730
749,PdxR,SA0476,TF,pdxT,SA0478,USA300HOU_RS02735
750,SigB,,Sigma Factor,rpoD,,USA300HOU_RS03375
751,SigB,,Sigma Factor,rpoD,,USA300HOU_RS11840
752,SigB,,Sigma Factor,rpoD,,USA300HOU_RS10215
753,SigB,,Sigma Factor,rpoD,,USA300HOU_RS14445
754,SigB,,Sigma Factor,rpoD,,USA300HOU_RS09240
755,SigB,,Sigma Factor,rpoD,,USA300HOU_RS03660
756,SigB,,Sigma Factor,rpoD,,USA300HOU_RS14645
757,SigB,,Sigma Factor,rpoD,,USA300HOU_RS04505
758,SigB,,Sigma Factor,rpoD,,USA300HOU_RS03920
759,SigB,,Sigma Factor,rpoD,,USA300HOU_RS03670
760,SigB,,Sigma Factor,rpoD,,USA300HOU_RS04170
761,SigB,,Sigma Factor,rpoD,,USA300HOU_RS13410
762,SigB,,Sigma Factor,rpoD,,USA300HOU_RS13005
763,SigB,,Sigma Factor,rpoD,,USA300HOU_RS14145
764,SigB,,Sigma Factor,rpoD,,USA300HOU_RS01175
765,SigB,,Sigma Factor,rpoD,,USA300HOU_RS04305
766,SigB,,Sigma Factor,rpoD,,USA300HOU_RS06495
767,SigB,,Sigma Factor,rpoD,,USA300HOU_RS14005
768,SigB,,Sigma Factor,rpoD,,USA300HOU_RS03710
769,VraR,Unknown,TF,mechanosensitive ion channel family protein,SA0349,USA300HOU_RS01915
770,VraR,Unknown,TF,protein VraX,SAS016,USA300HOU_RS03030
771,VraR,Unknown,TF,M50 family peptidase,SA0591,USA300HOU_RS03440
772,VraR,Unknown,TF,TVP38/TMEM64 family protein,SA0824,USA300HOU_RS04780
773,VraR,Unknown,TF,DUF5011 domain-containing protein,SA0914,USA300HOU_RS05290
774,VraR,Unknown,TF,guanosine monophosphate reductase,SA1172,USA300HOU_RS06800
775,VraR,Unknown,TF,regulatory protein MsrR,SA1195,USA300HOU_RS06935
776,VraR,Unknown,TF,hypothetical protein,SA1254,USA300HOU_RS07265
777,VraR,Unknown,TF,DUF4930 family protein,SA1476,USA300HOU_RS08780
778,VraR,Unknown,TF,foldase,SA1659,USA300HOU_RS09835
779,VraR,Unknown,TF,monofunctional glycosyltransferase,SA1691,USA300HOU_RS10170
780,VraR,Unknown,TF,DUF3267 domain-containing protein,SA1712,USA300HOU_RS10295
781,VraR,Unknown,TF,ATPase,SA1795,USA300HOU_RS10780
782,VraR,Unknown,TF,DUF771 domain-containing protein,SA1799,USA300HOU_RS10800
783,VraR,Unknown,TF,oxidoreductase,SA1801,USA300HOU_RS10810
784,VraR,Unknown,TF,XRE family transcriptional regulator,SA1804,USA300HOU_RS10825
785,VraR,Unknown,TF,UDP-N-acetylglucosamine 1-carboxyvinyltransferase,SA1926,USA300HOU_RS11465
786,VraR,Unknown,TF,transcriptional regulator,SA2103,USA300HOU_RS12505
787,VraR,Unknown,TF,hypothetical protein,SA2113,USA300HOU_RS12570
788,VraR,Unknown,TF,zinc ribbon domain-containing protein,SA2146,USA300HOU_RS12745
789,VraR,Unknown,TF,membrane protein,SA2221,USA300HOU_RS13180
790,VraR,Unknown,TF,protein flp,SA2230,USA300HOU_RS13230
791,VraR,Unknown,TF,MerR family transcriptional regulator,SA2296,USA300HOU_RS13585
792,VraR,Unknown,TF,GTP pyrophosphokinase family protein,SA2297,USA300HOU_RS13590
793,VraR,Unknown,TF,SMP-30/gluconolactonase/LRE family protein,SA2480,USA300HOU_RS14590
794,VraR,Unknown,TF,rhodanese-related sulfurtransferase,SA2481,USA300HOU_RS14595
795,VraR,Unknown,TF,MFS transporter,SA2176,USA300HOU_RS12915
796,VraR,Unknown,TF,respiratory nitrate reductase subunit gamma,SA2182,USA300HOU_RS12945
797,VraR,Unknown,TF,nitrate reductase molybdenum cofactor assembly chaperone,SA2183,USA300HOU_RS12950
798,VraR,Unknown,TF,nitrate reductase subunit beta,SA2184,USA300HOU_RS12955
799,VraR,Unknown,TF,uroporphyrinogen-III C-methyltransferase,SA2186,USA300HOU_RS12965
800,VraR,Unknown,TF,nitrite reductase (NAD(P)H) small subunit,SA2187,USA300HOU_RS12970
801,VraR,Unknown,TF,NAD(P)/FAD-dependent oxidoreductase,SA2188,USA300HOU_RS12975
802,VraR,Unknown,TF,hypothetical protein,SA2343,USA300HOU_RS13875
803,VraR,Unknown,TF,recombinase,SA1794,USA300HOU_RS10775
804,VraR,Unknown,TF,DUF1108 family protein,SA1797,USA300HOU_RS10785
805,VraR,Unknown,TF,hypothetical protein,SA1802,USA300HOU_RS10815
806,VraR,Unknown,TF,hypothetical protein,SA0608,USA300HOU_RS03530
807,VraR,Unknown,TF,hypothetical protein,SA0749,USA300HOU_RS04305
808,VraR,Unknown,TF,signal peptidase I,SA0825,USA300HOU_RS04785
809,VraR,Unknown,TF,isoprenyl transferase,SA1103,USA300HOU_RS06350
810,VraR,Unknown,TF,glucose-specific phosphotransferase enzyme IIA component,SA1255,USA300HOU_RS07270
811,VraS2,Unknown,TF,proline/betaine transporter,SA0531,USA300HOU_RS03005
812,VraS2,Unknown,TF,glucose-specific phosphotransferase enzyme IIA component,SA1255,USA300HOU_RS07270
813,VraS2,Unknown,TF,Bcr/CflA family efflux MFS transporter,SA2145,USA300HOU_RS12735
814,VraS2,Unknown,TF,glycerate kinase,SA2220,USA300HOU_RS13175
815,VraS2,Unknown,TF,Bcr/CflA family efflux MFS transporter,SA2222,USA300HOU_RS13185
816,VraS2,Unknown,TF,1-acyl-sn-glycerol-3-phosphate acyltransferase,SA1548,USA300HOU_RS09165
817,VraS2,Unknown,TF,RNA methyltransferase,SA1713,USA300HOU_RS10300
818,VraS2,Unknown,TF,transcriptional regulator,SA2103,USA300HOU_RS12505
819,VraS2,Unknown,TF,MerR family transcriptional regulator,SA2296,USA300HOU_RS13585
820,VraS2,Unknown,TF,DNA polymerase IV,SA1711,USA300HOU_RS10290
821,VraS2,Unknown,TF,N-acetylmannosaminyltransferase,SA0592,USA300HOU_RS03445
822,VraS2,Unknown,TF,protein FmtA,SA0909,USA300HOU_RS05260
823,VraS2,Unknown,TF,BCCT family transporter,SA1183,USA300HOU_RS06865
824,VraS2,Unknown,TF,serine protease,SA1253,USA300HOU_RS07255
825,VraS2,Unknown,TF,penicillin-binding protein,SA1283,USA300HOU_RS07420
826,VraS2,Unknown,TF,monofunctional glycosyltransferase,SA1691,USA300HOU_RS10170
827,VraS2,Unknown,TF,UDP-N-acetylglucosamine 1-carboxyvinyltransferase,SA1926,USA300HOU_RS11465
828,VraS2,Unknown,TF,signal peptidase I,SA0825,USA300HOU_RS04785
829,VraS2,Unknown,TF,PDZ domain-containing protein,SA1549,USA300HOU_RS09170
830,VraS2,Unknown,TF,foldase,SA1659,USA300HOU_RS09835
831,VraS2,Unknown,TF,copper-exporting P-type ATPase A,SA2344,USA300HOU_RS13880
832,VraS2,Unknown,TF,assimilatory sulfite reductase (NADPH) flavoprotein subunit,SA2413,USA300HOU_RS14220
833,VraS2,Unknown,TF,DNA-binding response regulator,SA1700,USA300HOU_RS10220
834,VraS2,Unknown,TF,two-component sensor histidine kinase,SA1701,USA300HOU_RS10225
835,VraS2,Unknown,TF,hypothetical protein,SA0536,USA300HOU_RS03025
836,VraS2,Unknown,TF,hypothetical protein,SA0608,USA300HOU_RS03530
837,VraS2,Unknown,TF,lipoteichoic acid synthase,SA0674,USA300HOU_RS03880
838,VraS2,Unknown,TF,DUF5011 domain-containing protein,SA0914,USA300HOU_RS05290
839,VraS2,Unknown,TF,hypothetical protein,SA0931,USA300HOU_RS05380
840,VraS2,Unknown,TF,DUF1507 family protein,SA0961,USA300HOU_RS05550
841,VraS2,Unknown,TF,hypothetical protein,SA1254,USA300HOU_RS07265
842,VraS2,Unknown,TF,Holliday junction resolvase RecU,SA1282,USA300HOU_RS07415
843,VraS2,Unknown,TF,DUF4930 family protein,SA1476,USA300HOU_RS08780
844,VraS2,Unknown,TF,YtxH domain-containing protein,SA1657,USA300HOU_RS09825
845,VraS2,Unknown,TF,DUF3267 domain-containing protein,SA1658,USA300HOU_RS09830
846,VraS2,Unknown,TF,transporter,SA1702,USA300HOU_RS10230
847,VraS2,Unknown,TF,hypothetical protein,SA1703,USA300HOU_RS10235
848,VraS2,Unknown,TF,DUF3267 domain-containing protein,SA1712,USA300HOU_RS10295
849,VraS2,Unknown,TF,hypothetical protein,SA2113,USA300HOU_RS12570
850,VraS2,Unknown,TF,zinc ribbon domain-containing protein,SA2146,USA300HOU_RS12745
851,VraS2,Unknown,TF,membrane protein,SA2221,USA300HOU_RS13180
852,VraS2,Unknown,TF,GTP pyrophosphokinase family protein,SA2297,USA300HOU_RS13590
853,VraS2,Unknown,TF,DUF2188 domain-containing protein,SA2298,USA300HOU_RS13595
854,VraS2,Unknown,TF,hypothetical protein,SA2343,USA300HOU_RS13875
855,VraS2,Unknown,TF,SMP-30/gluconolactonase/LRE family protein,SA2480,USA300HOU_RS14590
856,WalR,Unknown,TF,glycine-glycine endopeptidase LytM,SA2480,USA300HOU_RS01445
857,WalR,Unknown,TF,N-acetylmuramoyl-L-alanine amidase,SA2480,USA300HOU_RS02340
858,WalR,Unknown,TF,LysM peptidoglycan-binding domain-containing protein,SA2480,USA300HOU_RS03595
859,WalR,Unknown,TF,CHAP domain-containing protein,SA2480,USA300HOU_RS04090
860,WalR,Unknown,TF,bifunctional autolysin,SA2480,USA300HOU_RS05240
861,WalR,Unknown,TF,protein FmtA,SA2480,USA300HOU_RS05260
862,WalR,Unknown,TF,methicillin resistance protein FmtB,SA2480,USA300HOU_RS11650
863,WalR,Unknown,TF,CHAP domain-containing protein,SA2480,USA300HOU_RS12440
864,WalR,Unknown,TF,CHAP domain-containing protein,SA2480,USA300HOU_RS12465
865,WalR,Unknown,TF,CHAP domain-containing protein,SA2480,USA300HOU_RS13795
866,WalR,Unknown,TF,CHAP domain-containing protein,SA2480,USA300HOU_RS13925
867,WalR,Unknown,TF,DNA-binding response regulator,SA2480,USA300HOU_RS00100
868,WalR,Unknown,TF,multidrug efflux MATE transporter transcriptional repressor MepR,SA2480,USA300HOU_RS01770
869,WalR,Unknown,TF,two-component sensor histidine kinase,SA2480,USA300HOU_RS03810
870,WalR,Unknown,TF,DNA-binding response regulator,SA2480,USA300HOU_RS03815
871,WalR,Unknown,TF,DoxX family protein,SA2480,USA300HOU_RS03820
872,WalR,Unknown,TF,hypothetical protein,SA2480,USA300HOU_RS03825
873,WalR,Unknown,TF,XRE family transcriptional regulator,SA2480,USA300HOU_RS05480
874,WalR,Unknown,TF,HrcA family transcriptional regulator,SA2480,USA300HOU_RS08435
875,WalR,Unknown,TF,PadR family transcriptional regulator,SA2480,USA300HOU_RS14610
876,WalR,Unknown,TF,coagulase,SA2480,USA300HOU_RS01175
877,WalR,Unknown,TF,hypothetical protein,SA2480,USA300HOU_RS04280
878,WalR,Unknown,TF,fibrinogen-binding protein,SA2480,USA300HOU_RS05775
879,WalR,Unknown,TF,fibrinogen-binding protein,SA2480,USA300HOU_RS05795
880,WalR,Unknown,TF,alpha-hemolysin,SA2480,USA300HOU_RS05825
881,WalR,Unknown,TF,serine protease SplF,SA2480,USA300HOU_RS09630
882,WalR,Unknown,TF,serine protease SplE,SA2480,USA300HOU_RS09635
883,WalR,Unknown,TF,serine protease SplD,SA2480,USA300HOU_RS09640
884,WalR,Unknown,TF,serine protease SplC,SA2480,USA300HOU_RS09645
885,WalR,Unknown,TF,serine protease SplB,SA2480,USA300HOU_RS09650
886,WalR,Unknown,TF,serine protease SplA,SA2480,USA300HOU_RS09655
887,WalR,Unknown,TF,MAP domain-containing protein,SA2480,USA300HOU_RS10525
888,WalR,Unknown,TF,hypothetical protein,SA2480,USA300HOU_RS10550
889,WalR,Unknown,TF,chemotaxis inhibitory protein,SA2480,USA300HOU_RS10555
890,WalR,Unknown,TF,bi-component leukocidin LukGH subunit H,SA2480,USA300HOU_RS10875
891,WalR,Unknown,TF,immunoglobulin-binding protein Sbi,SA2480,USA300HOU_RS13085
892,WalR,Unknown,TF,bi-component gamma-hemolysin HlgAB subunit A,SA2480,USA300HOU_RS13095
893,WalR,Unknown,TF,bi-component gamma-hemolysin HlgCB subunit C,SA2480,USA300HOU_RS13100
894,WalR,Unknown,TF,bi-component gamma-hemolysin HlgAB/HlgCB subunit B,SA2480,USA300HOU_RS13105
895,WalR,Unknown,TF,LPXTG cell wall anchor domain-containing protein,SA2480,USA300HOU_RS13550
896,WalR,Unknown,TF,fibronectin-binding protein A,SA2480,USA300HOU_RS13555
897,WalR,Unknown,TF,excinuclease ABC subunit B,SA2480,USA300HOU_RS02750
898,WalR,Unknown,TF,DNA repair protein RadA,SA2480,USA300HOU_RS02770
899,WalR,Unknown,TF,chaperone protein ClpB,SA2480,USA300HOU_RS04835
900,WalR,Unknown,TF,molecular chaperone DnaJ,SA2480,USA300HOU_RS08420
901,WalR,Unknown,TF,nucleotide exchange factor GrpE,SA2480,USA300HOU_RS08430
902,WalR,Unknown,TF,DNA polymerase IV,SA2480,USA300HOU_RS10290
903,WalR,Unknown,TF,Na/Pi cotransporter family protein,SA2480,USA300HOU_RS00550
904,WalR,Unknown,TF,MFS transporter,SA2480,USA300HOU_RS00940
905,WalR,Unknown,TF,sodium-dependent transporter,SA2480,USA300HOU_RS02310
906,WalR,Unknown,TF,spermidine/putrescine import ATP-binding protein PotA,SA2480,USA300HOU_RS05485
907,WalR,Unknown,TF,protein translocase subunit SecDF,SA2480,USA300HOU_RS08710
908,WalR,Unknown,TF,foldase,SA2480,USA300HOU_RS09835
909,WalR,Unknown,TF,ABC transporter permease subunit,SA2480,USA300HOU_RS09930
910,WalR,Unknown,TF,YSIRK-type signal peptide-containing protein,SA2480,USA300HOU_RS01700
911,WalR,Unknown,TF,glycerophosphodiester phosphodiesterase,SA2480,USA300HOU_RS04760
912,WalR,Unknown,TF,aspartate carbamoyltransferase,SA2480,USA300HOU_RS06030
913,WalR,Unknown,TF,dihydroorotase,SA2480,USA300HOU_RS06035
914,WalR,Unknown,TF,carbamoyl-phosphate synthase small chain,SA2480,USA300HOU_RS06040
915,WalR,Unknown,TF,carbamoyl-phosphate synthase large chain,SA2480,USA300HOU_RS06045
916,WalR,Unknown,TF,orotidine-5'-phosphate decarboxylase,SA2480,USA300HOU_RS06050
917,WalR,Unknown,TF,orotate phosphoribosyltransferase,SA2480,USA300HOU_RS06055
918,WalR,Unknown,TF,serine/threonine dehydratase,SA2480,USA300HOU_RS07355
919,WalR,Unknown,TF,pyruvate formate-lyase-activating enzyme,SA2480,USA300HOU_RS01155
920,WalR,Unknown,TF,superantigen-like protein SSL11,SA2480,USA300HOU_RS02180
921,WalR,Unknown,TF,NUDIX domain-containing protein,SA2480,USA300HOU_RS02350
922,WalR,Unknown,TF,50S ribosomal protein L11 methyltransferase,SA2480,USA300HOU_RS08415
923,WalR,Unknown,TF,PTS transporter subunit IIC,SA2480,USA300HOU_RS09935
924,WalR,Unknown,TF,non-ribosomal peptide synthetase,SA2480,USA300HOU_RS00945
925,WalR,Unknown,TF,membrane protein,SA2480,USA300HOU_RS01125
926,WalR,Unknown,TF,hypothetical protein,SA2480,USA300HOU_RS01170
927,WalR,Unknown,TF,hypothetical protein,SA2480,USA300HOU_RS01715
928,WalR,Unknown,TF,toxin,SA2480,USA300HOU_RS01965
929,WalR,Unknown,TF,myeloperoxidase inhibitor SPIN,SA2480,USA300HOU_RS02190
930,WalR,Unknown,TF,GNAT family N-acetyltransferase,SA2480,USA300HOU_RS02355
931,WalR,Unknown,TF,PIN/TRAM domain-containing protein,SA2480,USA300HOU_RS02775
932,WalR,Unknown,TF,protein VraX,SA2480,USA300HOU_RS03030
933,WalR,Unknown,TF,hypothetical protein,SA2480,USA300HOU_RS03760
934,WalR,Unknown,TF,hypothetical protein,SA2480,USA300HOU_RS05730
935,WalR,Unknown,TF,FPRL1 inhibitory protein,SA2480,USA300HOU_RS05785
936,WalR,Unknown,TF,hypothetical protein,SA2480,USA300HOU_RS05790
937,WalR,Unknown,TF,fibrinogen-binding protein,SA2480,USA300HOU_RS05800
938,WalR,Unknown,TF,DNA-protecting protein DprA,SA2480,USA300HOU_RS06285
939,WalR,Unknown,TF,amino acid permease,SA2480,USA300HOU_RS07350
940,WalR,Unknown,TF,IreB family regulatory phosphoprotein,SA2480,USA300HOU_RS08610
941,WalR,Unknown,TF,hypothetical protein,SA2480,USA300HOU_RS08775
942,WalR,Unknown,TF,DUF4930 family protein,SA2480,USA300HOU_RS08780
943,WalR,Unknown,TF,autolysin,SA2480,USA300HOU_RS09425
944,WalR,Unknown,TF,DUF4909 domain-containing protein,SA2480,USA300HOU_RS09535
945,WalR,Unknown,TF,calcium-binding protein,SA2480,USA300HOU_RS09540
946,WalR,Unknown,TF,DUF4352 domain-containing protein,SA2480,USA300HOU_RS09545
947,WalR,Unknown,TF,DUF4888 domain-containing protein,SA2480,USA300HOU_RS09665
948,WalR,Unknown,TF,hypothetical protein,SA2480,USA300HOU_RS10280
949,WalR,Unknown,TF,DUF3267 domain-containing protein,SA2480,USA300HOU_RS10295
950,WalR,Unknown,TF,hypothetical protein,SA2480,USA300HOU_RS10535
951,WalR,Unknown,TF,bi-component leukocidin LukGH subunit G,SA2480,USA300HOU_RS10870
952,WalR,Unknown,TF,hypothetical protein,SA2480,USA300HOU_RS10940
953,WalR,Unknown,TF,hypothetical protein,SA2480,USA300HOU_RS10980
954,WalR,Unknown,TF,zinc-binding alcohol dehydrogenase,SA2480,USA300HOU_RS11850
955,WalR,Unknown,TF,CPBP family intramembrane metalloprotease SdpC,SA2480,USA300HOU_RS12635
956,WalR,Unknown,TF,hypothetical protein,SA2480,USA300HOU_RS12850
957,WalR,Unknown,TF,hypothetical protein,SA2480,USA300HOU_RS13065
958,WalR,Unknown,TF,hypothetical protein,SA2480,USA300HOU_RS13875
959,WalR,Unknown,TF,HTH-type transcriptional regulator SarS,SA2480,USA300HOU_RS00585
960,WalR,Unknown,TF,transcriptional regulator,SA2480,USA300HOU_RS13535
961,WalR,Unknown,TF,biofilm operon icaADBC HTH-type negative transcriptional regulator IcaR,SA2480,USA300HOU_RS14475
962,WalR,Unknown,TF,immunoglobulin G-binding protein A,SA2480,USA300HOU_RS00580
963,WalR,Unknown,TF,ATP-dependent Clp protease ATP-binding subunit,SA2480,USA300HOU_RS13830
964,WalR,Unknown,TF,proline/betaine transporter,SA2480,USA300HOU_RS03005
965,WalR,Unknown,TF,BCCT family transporter,SA2480,USA300HOU_RS11845
966,WalR,Unknown,TF,iron export ABC transporter permease subunit FetB,SA2480,USA300HOU_RS13305
967,WalR,Unknown,TF,ATP-binding cassette domain-containing protein,SA2480,USA300HOU_RS13310
968,WalR,Unknown,TF,mannitol-1-phosphate 5-dehydrogenase,SA2480,USA300HOU_RS11645
969,WalR,Unknown,TF,acetolactate synthase AlsS,SA2480,USA300HOU_RS11965
970,WalR,Unknown,TF,lactate dehydrogenase,SA2480,USA300HOU_RS13685
971,WalR,Unknown,TF,recombinase,SA2480,USA300HOU_RS03375
972,WalR,Unknown,TF,DUF1648 domain-containing protein,SA2480,USA300HOU_RS00570
973,WalR,Unknown,TF,cell-wall-anchored protein SasD,SA2480,USA300HOU_RS00705
974,WalR,Unknown,TF,hypothetical protein,SA2480,USA300HOU_RS00900
975,WalR,Unknown,TF,FtsX-like permease family protein,SA2480,USA300HOU_RS01640
976,WalR,Unknown,TF,peptidase,SA2480,USA300HOU_RS01975
977,WalR,Unknown,TF,hypothetical protein,SA2480,USA300HOU_RS02345
978,WalR,Unknown,TF,YibE/F family protein,SA2480,USA300HOU_RS02360
979,WalR,Unknown,TF,3-hexulose-6-phosphate synthase,SA2480,USA300HOU_RS02990
980,WalR,Unknown,TF,hypothetical protein,SA2480,USA300HOU_RS03260
981,WalR,Unknown,TF,alpha/beta hydrolase,SA2480,USA300HOU_RS03270
982,WalR,Unknown,TF,MarR family transcriptional regulator,SA2480,USA300HOU_RS03610
983,WalR,Unknown,TF,YaiI/YqxD family protein,SA2480,USA300HOU_RS03685
984,WalR,Unknown,TF,hypothetical protein,SA2480,USA300HOU_RS03690
985,WalR,Unknown,TF,aldo/keto reductase,SA2480,USA300HOU_RS03800
986,WalR,Unknown,TF,lipid kinase,SA2480,USA300HOU_RS03920
987,WalR,Unknown,TF,hypothetical protein,SA2480,USA300HOU_RS04300
988,WalR,Unknown,TF,hypothetical protein,SA2480,USA300HOU_RS04305
989,WalR,Unknown,TF,organic hydroperoxide reductase OsmC/OhrA,SA2480,USA300HOU_RS04350
990,WalR,Unknown,TF,hypothetical protein,SA2480,USA300HOU_RS05165
991,WalR,Unknown,TF,hypothetical protein,SA2480,USA300HOU_RS05375
992,WalR,Unknown,TF,hypothetical protein,SA2480,USA300HOU_RS05390
993,WalR,Unknown,TF,hypothetical protein,SA2480,USA300HOU_RS06485
994,WalR,Unknown,TF,metal-dependent hydrolase,SA2480,USA300HOU_RS09050
995,WalR,Unknown,TF,type 1 glutamine amidotransferase,SA2480,USA300HOU_RS10175
996,WalR,Unknown,TF,ArgE/DapE family deacylase,SA2480,USA300HOU_RS10880
997,WalR,Unknown,TF,hypothetical protein,SA2480,USA300HOU_RS11255
998,WalR,Unknown,TF,DUF1146 domain-containing protein,SA2480,USA300HOU_RS11345
999,WalR,Unknown,TF,SDR family oxidoreductase,SA2480,USA300HOU_RS11575
1000,WalR,Unknown,TF,hypothetical protein,SA2480,USA300HOU_RS12445
1001,WalR,Unknown,TF,carboxymuconolactone decarboxylase family protein,SA2480,USA300HOU_RS13410
1002,WalR,Unknown,TF,hypothetical protein,SA2480,USA300HOU_RS13740
1003,WalR,Unknown,TF,diapolycopene oxygenase,SA2480,USA300HOU_RS13915
1004,WalR,Unknown,TF,hypothetical protein,SA2480,USA300HOU_RS13920
1005,WalR,Unknown,TF,amidohydrolase,SA2480,USA300HOU_RS13995
1006,WalR,Unknown,TF,alpha/beta hydrolase,SA2480,USA300HOU_RS14000
1007,WalR,Unknown,TF,fructosamine kinase family protein,SA2480,USA300HOU_RS14035
1008,WalR,Unknown,TF,hypothetical protein,SA2480,USA300HOU_RS14120
1009,WalR,Unknown,TF,antibiotic biosynthesis monooxygenase,SA2480,USA300HOU_RS14145
1010,WalR,Unknown,TF,hypothetical protein,SA2480,USA300HOU_RS14150
1011,WalR,Unknown,TF,MBL fold metallo-hydrolase,SA2480,USA300HOU_RS14175
1012,WalR,Unknown,TF,hypothetical protein,SA2480,USA300HOU_RS14440
1013,WalR,Unknown,TF,DNA-binding protein,SA2480,USA300HOU_RS14630
1014,GraS,Unknown,TF,hypothetical protein,SA2480,USA300HOU_RS04610
1015,GraS,Unknown,TF,phosphatidylglycerol lysyltransferase,SA2480,USA300HOU_RS06925
1016,GraS,Unknown,TF,carboxylesterase/lipase family protein,SA2480,USA300HOU_RS13295
1017,GraS,Unknown,TF,ABC transporter ATP-binding protein,SA2480,USA300HOU_RS03575
1018,GraS,Unknown,TF,ABC transporter ATP-binding protein,SA2480,USA300HOU_RS01050
1019,GraS,Unknown,TF,MFS transporter,SA2480,USA300HOU_RS13605
1020,GraS,Unknown,TF,DUF47 domain-containing protein,SA2480,USA300HOU_RS03585
1021,GraS,Unknown,TF,MarR family transcriptional regulator,SA2480,USA300HOU_RS05230
1022,GraS,Unknown,TF,CHAP domain-containing protein,SA2480,USA300HOU_RS12440
1023,GraS,Unknown,TF,hypothetical protein,SA2480,USA300HOU_RS05145
1024,GraS,Unknown,TF,alanine dehydrogenase,SA2480,USA300HOU_RS09065
1025,GraS,Unknown,TF,quinol oxidase subunit 2,SA2480,USA300HOU_RS05280
1026,GraS,Unknown,TF,dihydroneopterin aldolase,SA2480,USA300HOU_RS00435
1027,GraS,Unknown,TF,aldo/keto reductase,SA2480,USA300HOU_RS09485
1028,GraS,Unknown,TF,pyridine nucleotide-disulfide oxidoreductase,SA2480,USA300HOU_RS04685
1029,GraS,Unknown,TF,prepilin-type N-terminal cleavage/methylation domain-containing protein,SA2480,USA300HOU_RS08220
1030,GraS,Unknown,TF,50S ribosomal protein L5,SA2480,USA300HOU_RS12115
1031,GraS,Unknown,TF,hypothetical protein,SA2480,USA300HOU_RS10940
1032,GraS,Unknown,TF,signal peptidase IB,SA2480,USA300HOU_RS04790
1033,GraS,Unknown,TF,universal stress protein UspA,SA2480,USA300HOU_RS09070
1034,GraS,Unknown,TF,DedA family protein,SA2480,USA300HOU_RS13610
1035,GraS,Unknown,TF,acyltransferase family protein,SA2480,USA300HOU_RS05225
1036,GraS,Unknown,TF,metal-sensitive transcriptional regulator,SA2480,USA300HOU_RS00430
1037,GraS,Unknown,TF,DUF1440 domain-containing protein,SA2480,USA300HOU_RS00955
1038,GraS,Unknown,TF,hypothetical protein,SA2480,USA300HOU_RS15230
1039,GraS,Unknown,TF,DNA polymerase III subunit alpha,SA2480,USA300HOU_RS06370
1040,GraS,Unknown,TF,hypothetical protein,SA2480,USA300HOU_RS09220
1041,GraS,Unknown,TF,hypothetical protein,SA2480,USA300HOU_RS11255
1042,Phage region 1,Phage_region,Phage_region,PHAGE_Plankt_PaV_LD,N/A, USA300HOU_0847
1043,Phage region 1,Phage_region,Phage_region,ABC transporter ATP-binding protein,N/A, USA300HOU_0848
1044,Phage region 1,Phage_region,Phage_region,ABC transporter ATP-binding protein,N/A, USA300HOU_0849
1045,Phage region 1,Phage_region,Phage_region,PHAGE_Staphy_PT1028,N/A, USA300HOU_0850
1046,Phage region 1,Phage_region,Phage_region,PHAGE_Staphy_phiN315,N/A, USA300HOU_0851
1047,Phage region 1,Phage_region,Phage_region,PHAGE_Staphy_phiNM3,N/A, USA300HOU_0852
1048,Phage region 1,Phage_region,Phage_region,PHAGE_Staphy_55,N/A, USA300HOU_0853
1049,Phage region 1,Phage_region,Phage_region,PHAGE_Lactoc_bIL286,N/A, USA300HOU_0854
1050,Phage region 1,Phage_region,Phage_region,PHAGE_Lactob_A2,N/A, USA300HOU_0855
1051,Phage region 1,Phage_region,Phage_region,PHAGE_Staphy_PT1028,N/A, USA300HOU_0856
1052,Phage region 1,Phage_region,Phage_region,hypothetical protein,N/A, USA300HOU_0857
1053,Phage region 1,Phage_region,Phage_region,hypothetical protein,N/A, USA300HOU_0858
1054,Phage region 1,Phage_region,Phage_region,hypothetical protein,N/A, USA300HOU_0859
1055,Phage region 1,Phage_region,Phage_region,PHAGE_Staphy_PT1028,N/A, USA300HOU_0860
1056,Phage region 1,Phage_region,Phage_region,PHAGE_Lactoc_bIL310,N/A, USA300HOU_0861
1057,Phage region 1,Phage_region,Phage_region,PHAGE_Staphy_PT1028,N/A, USA300HOU_0862
1058,Phage region 1,Phage_region,Phage_region,hypothetical protein,N/A, USA300HOU_0863
1059,Phage region 1,Phage_region,Phage_region,PHAGE_Staphy_2,N/A, USA300HOU_0864
1060,Phage region 1,Phage_region,Phage_region,PHAGE_Staphy_PT1028,N/A, USA300HOU_0865
1061,Phage region 1,Phage_region,Phage_region,PHAGE_Clostr_phiC2,N/A, USA300HOU_0866
1062,Phage region 1,Phage_region,Phage_region,PHAGE_Staphy_71,N/A, USA300HOU_0867
1063,Phage region 1,Phage_region,Phage_region,PHAGE_Lactob_LF1,N/A, USA300HOU_0868
1064,Phage region 1,Phage_region,Phage_region,hypothetical protein,N/A, USA300HOU_0869
1065,Phage region 1,Phage_region,Phage_region,PHAGE_Plankt_PaV_LD,N/A, USA300HOU_0870
1066,Phage region 2,Phage_region,Phage_region,PHAGE_Staphy_phi5967PVL,N/A, USA300HOU_1430
1067,Phage region 2,Phage_region,Phage_region,PHAGE_Staphy_phi7401PVL,N/A, USA300HOU_1431
1068,Phage region 2,Phage_region,Phage_region,PHAGE_Staphy_SMSAP5,N/A, USA300HOU_1432
1069,Phage region 2,Phage_region,Phage_region,PHAGE_Staphy_SMSAP5,N/A, USA300HOU_1433
1070,Phage region 2,Phage_region,Phage_region,PHAGE_Staphy_phi7401PVL,N/A, USA300HOU_1434
1071,Phage region 2,Phage_region,Phage_region,PHAGE_Staphy_SMSAP5,N/A, USA300HOU_1435
1072,Phage region 2,Phage_region,Phage_region,PHAGE_Staphy_SMSAP5,N/A, USA300HOU_1436
1073,Phage region 2,Phage_region,Phage_region,PHAGE_Staphy_SMSAP5,N/A, USA300HOU_1437
1074,Phage region 2,Phage_region,Phage_region,PHAGE_Staphy_phiSLT,N/A, USA300HOU_1438
1075,Phage region 2,Phage_region,Phage_region,PHAGE_Staphy_SMSAP5,N/A, USA300HOU_1439
1076,Phage region 2,Phage_region,Phage_region,PHAGE_Staphy_2,N/A, USA300HOU_1440
1077,Phage region 2,Phage_region,Phage_region,PHAGE_Staphy_SMSAP5,N/A, USA300HOU_1441
1078,Phage region 2,Phage_region,Phage_region,PHAGE_Staphy_IPLA35,N/A, USA300HOU_1442
1079,Phage region 2,Phage_region,Phage_region,PHAGE_Staphy_12,N/A, USA300HOU_1443
1080,Phage region 2,Phage_region,Phage_region,PHAGE_Staphy_SMSAP5,N/A, USA300HOU_1444
1081,Phage region 2,Phage_region,Phage_region,PHAGE_Staphy_SMSAP5,N/A, USA300HOU_1445
1082,Phage region 2,Phage_region,Phage_region,PHAGE_Staphy_SMSAP5,N/A, USA300HOU_1446
1083,Phage region 2,Phage_region,Phage_region,PHAGE_Staphy_SMSAP5,N/A, USA300HOU_1447
1084,Phage region 2,Phage_region,Phage_region,PHAGE_Staphy_SMSAP5,N/A, USA300HOU_1448
1085,Phage region 2,Phage_region,Phage_region,PHAGE_Staphy_2,N/A, USA300HOU_1449
1086,Phage region 2,Phage_region,Phage_region,PHAGE_Staphy_SMSAP5,N/A, USA300HOU_1450
1087,Phage region 2,Phage_region,Phage_region,PHAGE_Staphy_SMSAP5,N/A, USA300HOU_1451
1088,Phage region 2,Phage_region,Phage_region,PHAGE_Staphy_phi7401PVL,N/A, USA300HOU_1452
1089,Phage region 2,Phage_region,Phage_region,PHAGE_Staphy_2,N/A, USA300HOU_1453
1090,Phage region 2,Phage_region,Phage_region,PHAGE_Staphy_SMSAP5,N/A, USA300HOU_1454
1091,Phage region 2,Phage_region,Phage_region,PHAGE_Staphy_SMSAP5,N/A, USA300HOU_1455
1092,Phage region 2,Phage_region,Phage_region,PHAGE_Staphy_phi7401PVL,N/A, USA300HOU_1456
1093,Phage region 2,Phage_region,Phage_region,PHAGE_Staphy_phi7401PVL,N/A, USA300HOU_1457
1094,Phage region 2,Phage_region,Phage_region,PHAGE_Staphy_47,N/A, USA300HOU_1458
1095,Phage region 2,Phage_region,Phage_region,PHAGE_Staphy_SMSAP5,N/A, USA300HOU_1459
1096,Phage region 2,Phage_region,Phage_region,PHAGE_Staphy_phiSLT,N/A, USA300HOU_1460
1097,Phage region 2,Phage_region,Phage_region,PHAGE_Staphy_2,N/A, USA300HOU_1461
1098,Phage region 2,Phage_region,Phage_region,PHAGE_Staphy_77,N/A, USA300HOU_1462
1099,Phage region 2,Phage_region,Phage_region,PHAGE_Staphy_SMSAP5,N/A, USA300HOU_1463
1100,Phage region 2,Phage_region,Phage_region,PHAGE_Staphy_2,N/A, USA300HOU_1464
1101,Phage region 2,Phage_region,Phage_region,PHAGE_Staphy_42E,N/A, USA300HOU_1465
1102,Phage region 2,Phage_region,Phage_region,PHAGE_Staphy_SMSAP5,N/A, USA300HOU_1466
1103,Phage region 2,Phage_region,Phage_region,PHAGE_Staphy_phi5967PVL,N/A, USA300HOU_1467
1104,Phage region 2,Phage_region,Phage_region,PHAGE_Staphy_3A,N/A, USA300HOU_1468
1105,Phage region 2,Phage_region,Phage_region,PHAGE_Staphy_CN125,N/A, USA300HOU_1469
1106,Phage region 2,Phage_region,Phage_region,PHAGE_Staphy_2,N/A, USA300HOU_1470
1107,Phage region 2,Phage_region,Phage_region,PHAGE_Staphy_SMSAP5,N/A, USA300HOU_1471
1108,Phage region 2,Phage_region,Phage_region,PHAGE_Staphy_2,N/A, USA300HOU_1472
1109,Phage region 2,Phage_region,Phage_region,PHAGE_Staphy_SMSAP5,N/A, USA300HOU_1473
1110,Phage region 2,Phage_region,Phage_region,PHAGE_Staphy_SMSAP5,N/A, USA300HOU_1474
1111,Phage region 2,Phage_region,Phage_region,PHAGE_Staphy_SMSAP5,N/A, USA300HOU_1475
1112,Phage region 2,Phage_region,Phage_region,PHAGE_Staphy_SMSAP5,N/A, USA300HOU_1476
1113,Phage region 2,Phage_region,Phage_region,PHAGE_Staphy_92,N/A, USA300HOU_1477
1114,Phage region 2,Phage_region,Phage_region,PHAGE_Staphy_IPLA88,N/A, USA300HOU_1478
1115,Phage region 2,Phage_region,Phage_region,PHAGE_Staphy_96,N/A, USA300HOU_1479
1116,Phage region 2,Phage_region,Phage_region,PHAGE_Staphy_phi5967PVL,N/A, USA300HOU_1481
1117,Phage region 2,Phage_region,Phage_region,PHAGE_Staphy_IPLA35,N/A, USA300HOU_1482
1118,Phage region 2,Phage_region,Phage_region,PHAGE_Staphy_IPLA35,N/A, USA300HOU_1483
1119,Phage region 2,Phage_region,Phage_region,PHAGE_Staphy_IPLA35,N/A, USA300HOU_1484
1120,Phage region 2,Phage_region,Phage_region,PHAGE_Staphy_IPLA35,N/A, USA300HOU_1485
1121,Phage region 2,Phage_region,Phage_region,PHAGE_Staphy_SMSAP5,N/A, USA300HOU_1486
1122,Phage region 2,Phage_region,Phage_region,PHAGE_Staphy_SMSAP5,N/A, USA300HOU_1487
1123,Phage region 2,Phage_region,Phage_region,PHAGE_Staphy_SMSAP5,N/A, USA300HOU_1488
1124,Phage region 2,Phage_region,Phage_region,PHAGE_Staphy_phi5967PVL,N/A, USA300HOU_1489
1125,Phage region 2,Phage_region,Phage_region,PHAGE_Staphy_phi5967PVL,N/A, USA300HOU_1490
1126,Phage region 2,Phage_region,Phage_region,lipoprotein,N/A, USA300HOU_1492
1127,Phage region 2,Phage_region,Phage_region,PHAGE_Feldma_virus,N/A, USA300HOU_1493
1128,Phage region 2,Phage_region,Phage_region,PHAGE_Feldma_virus,N/A, USA300HOU_1494
1129,Phage region 2,Phage_region,Phage_region,ribosomal large subunit pseudouridine synthase B,N/A, USA300HOU_1495
1130,Phage region 2,Phage_region,Phage_region,hypothetical protein,N/A, USA300HOU_1496
1131,Phage region 2,Phage_region,Phage_region,hypothetical protein,N/A, USA300HOU_1497
1132,Phage region 2,Phage_region,Phage_region,PHAGE_Thermu_45,N/A, USA300HOU_1498
1133,Phage region 3,Phage_region,Phage_region,PHAGE_Ostreo_2,N/A, USA300HOU_1942
1134,Phage region 3,Phage_region,Phage_region,PHAGE_Staphy_phiN315,N/A, USA300HOU_1944
1135,Phage region 3,Phage_region,Phage_region,PHAGE_Staphy_phiNM3,N/A, USA300HOU_1945
1136,Phage region 3,Phage_region,Phage_region,PHAGE_Staphy_phiNM3,N/A, USA300HOU_1946
1137,Phage region 3,Phage_region,Phage_region,PHAGE_Staphy_phiNM3,N/A, USA300HOU_1947
1138,Phage region 3,Phage_region,Phage_region,PHAGE_Staphy_phiNM3,N/A, USA300HOU_1949
1139,Phage region 3,Phage_region,Phage_region,hypothetical protein,N/A, USA300HOU_1950
1140,Phage region 3,Phage_region,Phage_region,PHAGE_Staphy_phiNM3,N/A, USA300HOU_1951
1141,Phage region 3,Phage_region,Phage_region,PHAGE_Staphy_phiNM3,N/A, USA300HOU_1952
1142,Phage region 3,Phage_region,Phage_region,PHAGE_Staphy_phiN315,N/A, USA300HOU_1953
1143,Phage region 3,Phage_region,Phage_region,PHAGE_Staphy_phiPV83,N/A, USA300HOU_1954
1144,Phage region 3,Phage_region,Phage_region,PHAGE_Staphy_phiPV83,N/A, USA300HOU_1955
1145,Phage region 3,Phage_region,Phage_region,PHAGE_Staphy_phiNM3,N/A, USA300HOU_1956
1146,Phage region 3,Phage_region,Phage_region,PHAGE_Staphy_phiNM3,N/A, USA300HOU_1957
1147,Phage region 3,Phage_region,Phage_region,PHAGE_Staphy_phiNM3,N/A, USA300HOU_1958
1148,Phage region 3,Phage_region,Phage_region,PHAGE_Staphy_phiNM3,N/A, USA300HOU_1959
1149,Phage region 3,Phage_region,Phage_region,PHAGE_Staphy_phiNM3,N/A, USA300HOU_1960
1150,Phage region 3,Phage_region,Phage_region,PHAGE_Staphy_phiNM3,N/A, USA300HOU_1961
1151,Phage region 3,Phage_region,Phage_region,PHAGE_Staphy_phiNM3,N/A, USA300HOU_1962
1152,Phage region 3,Phage_region,Phage_region,PHAGE_Staphy_phiNM3,N/A, USA300HOU_1963
1153,Phage region 3,Phage_region,Phage_region,PHAGE_Staphy_phiNM3,N/A, USA300HOU_1964
1154,Phage region 3,Phage_region,Phage_region,PHAGE_Staphy_phiNM3,N/A, USA300HOU_1965
1155,Phage region 3,Phage_region,Phage_region,PHAGE_Staphy_phiNM3,N/A, USA300HOU_1966
1156,Phage region 3,Phage_region,Phage_region,PHAGE_Staphy_phiNM3,N/A, USA300HOU_1967
1157,Phage region 3,Phage_region,Phage_region,PHAGE_Staphy_phiNM3,N/A, USA300HOU_1968
1158,Phage region 3,Phage_region,Phage_region,PHAGE_Staphy_phiNM3,N/A, USA300HOU_1969
1159,Phage region 3,Phage_region,Phage_region,PHAGE_Staphy_phiNM3,N/A, USA300HOU_1970
1160,Phage region 3,Phage_region,Phage_region,PHAGE_Staphy_phiNM3,N/A, USA300HOU_1971
1161,Phage region 3,Phage_region,Phage_region,PHAGE_Staphy_phiNM3,N/A, USA300HOU_1972
1162,Phage region 3,Phage_region,Phage_region,PHAGE_Staphy_phiNM3,N/A, USA300HOU_1973
1163,Phage region 3,Phage_region,Phage_region,PHAGE_Staphy_phiNM3,N/A, USA300HOU_1974
1164,Phage region 3,Phage_region,Phage_region,PHAGE_Staphy_phiNM3,N/A, USA300HOU_1975
1165,Phage region 3,Phage_region,Phage_region,PHAGE_Staphy_phiNM3,N/A, USA300HOU_1976
1166,Phage region 3,Phage_region,Phage_region,PHAGE_Staphy_phiNM3,N/A, USA300HOU_1977
1167,Phage region 3,Phage_region,Phage_region,PHAGE_Staphy_phiNM3,N/A, USA300HOU_1978
1168,Phage region 3,Phage_region,Phage_region,PHAGE_Staphy_CN125,N/A, USA300HOU_1979
1169,Phage region 3,Phage_region,Phage_region,PHAGE_Staphy_3A,N/A, USA300HOU_1980
1170,Phage region 3,Phage_region,Phage_region,hypothetical protein,N/A, USA300HOU_1981
1171,Phage region 3,Phage_region,Phage_region,PHAGE_Staphy_phiNM3,N/A, USA300HOU_1982
1172,Phage region 3,Phage_region,Phage_region,PHAGE_Staphy_3,N/A, USA300HOU_1983
1173,Phage region 3,Phage_region,Phage_region,PHAGE_Staphy_phiSLT,N/A, USA300HOU_1984
1174,Phage region 3,Phage_region,Phage_region,PHAGE_Staphy_TEM123,N/A, USA300HOU_1985
1175,Phage region 3,Phage_region,Phage_region,PHAGE_Staphy_phiNM3,N/A, USA300HOU_1986
1176,Phage region 3,Phage_region,Phage_region,PHAGE_Staphy_phiNM3,N/A, USA300HOU_1987
1177,Phage region 3,Phage_region,Phage_region,PHAGE_Staphy_phiNM3,N/A, USA300HOU_1988
1178,Phage region 3,Phage_region,Phage_region,PHAGE_Staphy_phiNM3,N/A, USA300HOU_1989
1179,Phage region 3,Phage_region,Phage_region,PHAGE_Staphy_phiNM3,N/A, USA300HOU_1990
1180,Phage region 3,Phage_region,Phage_region,PHAGE_Staphy_phiNM3,N/A, USA300HOU_1991
1181,Phage region 3,Phage_region,Phage_region,PHAGE_Staphy_phiNM3,N/A, USA300HOU_1992
1182,Phage region 3,Phage_region,Phage_region,PHAGE_Staphy_phiNM3,N/A, USA300HOU_1993
1183,Phage region 3,Phage_region,Phage_region,PHAGE_Staphy_phiNM3,N/A, USA300HOU_1994
1184,Phage region 3,Phage_region,Phage_region,PHAGE_Staphy_phiNM3,N/A, USA300HOU_1995
1185,Phage region 3,Phage_region,Phage_region,PHAGE_Staphy_69,N/A, USA300HOU_1996
1186,Phage region 3,Phage_region,Phage_region,PHAGE_Staphy_phiNM3,N/A, USA300HOU_1997
1187,Phage region 3,Phage_region,Phage_region,PHAGE_Staphy_IPLA35,N/A, USA300HOU_1998
1188,Phage region 3,Phage_region,Phage_region,PHAGE_Staphy_IPLA35,N/A, USA300HOU_1999
1189,Phage region 3,Phage_region,Phage_region,PHAGE_Staphy_187,N/A, USA300HOU_2000
1190,Phage region 3,Phage_region,Phage_region,PHAGE_Staphy_phiNM3,N/A, USA300HOU_2001
1191,Phage region 3,Phage_region,Phage_region,PHAGE_Staphy_phiNM3,N/A, USA300HOU_2002
1192,Phage region 3,Phage_region,Phage_region,PHAGE_Staphy_phiNM3,N/A, USA300HOU_2003
1193,Phage region 3,Phage_region,Phage_region,PHAGE_Staphy_phiNM3,N/A, USA300HOU_2004
1194,Phage region 3,Phage_region,Phage_region,PHAGE_Staphy_phiNM3,N/A, USA300HOU_2005
1195,Phage region 3,Phage_region,Phage_region,PHAGE_Staphy_phiNM3,N/A, USA300HOU_2006
1196,Phage region 3,Phage_region,Phage_region,PHAGE_Staphy_phiNM3,N/A, USA300HOU_2007
1197,Phage region 3,Phage_region,Phage_region,PHAGE_Staphy_P954,N/A, USA300HOU_2008
1198,Phage region 3,Phage_region,Phage_region,PHAGE_Staphy_phiNM3,N/A, USA300HOU_2009
1199,Phage region 3,Phage_region,Phage_region,PHAGE_Staphy_phiPV83,N/A, USA300HOU_2011
1200,Phage region 3,Phage_region,Phage_region,hypothetical protein,N/A, USA300HOU_2012
1201,Phage region 3,Phage_region,Phage_region,PHAGE_Staphy_phiPV83,N/A, USA300HOU_2013
1202,Genomic Island 1,Genomic Island 1,Genomic Island,hypothetical protein,N/A,USA300HOU_RS00210
1203,Genomic Island 1,Genomic Island 1,Genomic Island,ACP synthase,N/A,USA300HOU_RS00215
1204,Genomic Island 1,Genomic Island 1,Genomic Island,ATPase AAA,N/A,USA300HOU_RS00220
1205,Genomic Island 1,Genomic Island 1,Genomic Island,rhodanese,N/A,USA300HOU_RS00225
1206,Genomic Island 1,Genomic Island 1,Genomic Island,MBL fold hydrolase,N/A,USA300HOU_RS00230
1207,Genomic Island 1,Genomic Island 1,Genomic Island,HNH endonuclease,N/A,USA300HOU_RS00235
1208,Genomic Island 1,Genomic Island 1,Genomic Island,membrane protein,N/A,USA300HOU_RS00240
1209,Genomic Island 1,Genomic Island 1,Genomic Island,hypothetical protein,N/A,USA300HOU_RS00245
1210,Genomic Island 1,Genomic Island 1,Genomic Island,hypothetical protein,N/A,USA300HOU_RS00250
1211,Genomic Island 1,Genomic Island 1,Genomic Island,hypothetical protein,N/A,USA300HOU_RS00255
1212,Genomic Island 1,Genomic Island 1,Genomic Island,hypothetical protein,N/A,USA300HOU_RS00260
1213,Genomic Island 1,Genomic Island 1,Genomic Island,transposase,N/A,USA300HOU_RS00265
1214,Genomic Island 1,Genomic Island 1,Genomic Island,spermidine N1-acetyltransferase,N/A,USA300HOU_RS00270
1215,Genomic Island 1,Genomic Island 1,Genomic Island,alcohol dehydrogenase,N/A,USA300HOU_RS00275
1216,Genomic Island 1,Genomic Island 1,Genomic Island,hypothetical protein,N/A,USA300HOU_RS00280
1217,Genomic Island 1,Genomic Island 1,Genomic Island,hypothetical protein,N/A,USA300HOU_RS00285
1218,Genomic Island 1,Genomic Island 1,Genomic Island,hypothetical protein,N/A,USA300HOU_RS00290
1219,Genomic Island 1,Genomic Island 1,Genomic Island,hypothetical protein,N/A,USA300HOU_RS00295
1220,Genomic Island 1,Genomic Island 1,Genomic Island,transposase,N/A,USA300HOU_RS00300
1221,Genomic Island 1,Genomic Island 1,Genomic Island,carbamate kinase,N/A,USA300HOU_RS00305
1222,Genomic Island 1,Genomic Island 1,Genomic Island,"ornithine carbamoyltransferase 1, catabolic",N/A,USA300HOU_RS00310
1223,Genomic Island 1,Genomic Island 1,Genomic Island,Crp/Fnr family transcriptional regulator,N/A,USA300HOU_RS00315
1224,Genomic Island 1,Genomic Island 1,Genomic Island,arginine-ornithine antiporter,N/A,USA300HOU_RS00320
1225,Genomic Island 1,Genomic Island 1,Genomic Island,arginine deiminase,N/A,USA300HOU_RS00325
1226,Genomic Island 1,Genomic Island 1,Genomic Island,ArgR family transcriptional regulator,N/A,USA300HOU_RS00330
1227,Genomic Island 2,Genomic Island 2,Genomic Island,hypothetical protein,N/A,USA300HOU_RS03115
1228,Genomic Island 2,Genomic Island 2,Genomic Island,transposase,N/A,USA300HOU_RS03120
1229,Genomic Island 2,Genomic Island 2,Genomic Island,hypothetical protein,N/A,USA300HOU_RS03125
1230,Genomic Island 2,Genomic Island 2,Genomic Island,hypothetical protein,N/A,USA300HOU_RS03130
1231,Genomic Island 2,Genomic Island 2,Genomic Island,hypothetical protein,N/A,USA300HOU_RS03135
1232,Genomic Island 2,Genomic Island 2,Genomic Island,hypothetical protein,N/A,USA300HOU_RS03140
1233,Genomic Island 2,Genomic Island 2,Genomic Island,hypothetical protein,N/A,USA300HOU_RS03145
1234,Genomic Island 2,Genomic Island 2,Genomic Island,hypothetical protein,N/A,USA300HOU_RS03150
1235,Genomic Island 2,Genomic Island 2,Genomic Island,hypothetical protein,N/A,USA300HOU_RS03155
1236,Genomic Island 2,Genomic Island 2,Genomic Island,hypothetical protein,N/A,USA300HOU_RS03160
1237,Genomic Island 2,Genomic Island 2,Genomic Island,hypothetical protein,N/A,USA300HOU_RS03165
1238,Genomic Island 2,Genomic Island 2,Genomic Island,hypothetical protein,N/A,USA300HOU_RS03170
1239,Genomic Island 3,Genomic Island 3,Genomic Island,methionine import ATP-binding protein MetN 2,N/A,USA300HOU_RS04405
1240,Genomic Island 3,Genomic Island 3,Genomic Island,ABC transporter permease,N/A,USA300HOU_RS04410
1241,Genomic Island 3,Genomic Island 3,Genomic Island,methionine ABC transporter substrate-binding protein,N/A,USA300HOU_RS04415
1242,Genomic Island 3,Genomic Island 3,Genomic Island,integrase,N/A,USA300HOU_RS04420
1243,Genomic Island 3,Genomic Island 3,Genomic Island,enterotoxin,N/A,USA300HOU_RS04425
1244,Genomic Island 3,Genomic Island 3,Genomic Island,enterotoxin,N/A,USA300HOU_RS04430
1245,Genomic Island 3,Genomic Island 3,Genomic Island,hypothetical protein,N/A,USA300HOU_RS04435
1246,Genomic Island 3,Genomic Island 3,Genomic Island,transcriptional regulator,N/A,USA300HOU_RS04440
1247,Genomic Island 3,Genomic Island 3,Genomic Island,transcriptional regulator,N/A,USA300HOU_RS04445
1248,Genomic Island 3,Genomic Island 3,Genomic Island,hypothetical protein,N/A,USA300HOU_RS04450
1249,Genomic Island 3,Genomic Island 3,Genomic Island,hypothetical protein,N/A,USA300HOU_RS04455
1250,Genomic Island 3,Genomic Island 3,Genomic Island,hypothetical protein,N/A,USA300HOU_RS04460
1251,Genomic Island 3,Genomic Island 3,Genomic Island,hypothetical protein,N/A,USA300HOU_RS04465
1252,Genomic Island 3,Genomic Island 3,Genomic Island,primase,N/A,USA300HOU_RS04470
1253,Genomic Island 3,Genomic Island 3,Genomic Island,hypothetical protein,N/A,USA300HOU_RS04475
1254,Genomic Island 3,Genomic Island 3,Genomic Island,hypothetical protein,N/A,USA300HOU_RS04480
1255,Genomic Island 3,Genomic Island 3,Genomic Island,phage capsid protein,N/A,USA300HOU_RS04485
1256,Genomic Island 3,Genomic Island 3,Genomic Island,hypothetical protein,N/A,USA300HOU_RS04490
1257,Genomic Island 3,Genomic Island 3,Genomic Island,CAAX amino protease,N/A,USA300HOU_RS04495
1258,Genomic Island 3,Genomic Island 3,Genomic Island,hypothetical protein,N/A,USA300HOU_RS04500
1259,Genomic Island 3,Genomic Island 3,Genomic Island,CsbD family protein,N/A,USA300HOU_RS04505
1260,Genomic Island 4,Genomic Island 4,Genomic Island,XRE family transcriptional regulator,N/A,USA300HOU_RS06600
1261,Genomic Island 4,Genomic Island 4,Genomic Island,hypothetical protein,N/A,USA300HOU_RS06605
1262,Genomic Island 4,Genomic Island 4,Genomic Island,hypothetical protein,N/A,USA300HOU_RS06610
1263,Genomic Island 4,Genomic Island 4,Genomic Island,XRE family transcriptional regulator,N/A,USA300HOU_RS06615
1264,Genomic Island 4,Genomic Island 4,Genomic Island,hypothetical protein,N/A,USA300HOU_RS06620
1265,Genomic Island 4,Genomic Island 4,Genomic Island,hypothetical protein,N/A,USA300HOU_RS06625
1266,Genomic Island 4,Genomic Island 4,Genomic Island,hypothetical protein,N/A,USA300HOU_RS06630
1267,Genomic Island 4,Genomic Island 4,Genomic Island,phage head morphogenesis protein,N/A,USA300HOU_RS06635
1268,Genomic Island 4,Genomic Island 4,Genomic Island,hypothetical protein,N/A,USA300HOU_RS06640
1269,Genomic Island 4,Genomic Island 4,Genomic Island,hypothetical protein,N/A,USA300HOU_RS06645
1270,Genomic Island 4,Genomic Island 4,Genomic Island,hypothetical protein,N/A,USA300HOU_RS06650
1271,Genomic Island 4,Genomic Island 4,Genomic Island,hypothetical protein,N/A,USA300HOU_RS06655
1272,Genomic Island 4,Genomic Island 4,Genomic Island,hypothetical protein,N/A,USA300HOU_RS06660
1273,Genomic Island 4,Genomic Island 4,Genomic Island,hypothetical protein,N/A,USA300HOU_RS06665
1274,Genomic Island 4,Genomic Island 4,Genomic Island,hypothetical protein,N/A,USA300HOU_RS06670
1275,Genomic Island 4,Genomic Island 4,Genomic Island,hypothetical protein,N/A,USA300HOU_RS06675
1276,Genomic Island 4,Genomic Island 4,Genomic Island,hypothetical protein,N/A,USA300HOU_RS06680
1277,Genomic Island 4,Genomic Island 4,Genomic Island,hypothetical protein,N/A,USA300HOU_RS06685
1278,Genomic Island 4,Genomic Island 4,Genomic Island,threonine aldolase,N/A,USA300HOU_RS06690
1279,Genomic Island 5,Genomic Island 5,Genomic Island,phage holin,N/A,USA300HOU_RS07660
1280,Genomic Island 5,Genomic Island 5,Genomic Island,hypothetical protein,N/A,USA300HOU_RS07665
1281,Genomic Island 5,Genomic Island 5,Genomic Island,hypothetical protein,N/A,USA300HOU_RS07670
1282,Genomic Island 5,Genomic Island 5,Genomic Island,hypothetical protein,N/A,USA300HOU_RS07675
1283,Genomic Island 5,Genomic Island 5,Genomic Island,hypothetical protein,N/A,USA300HOU_RS07680
1284,Genomic Island 5,Genomic Island 5,Genomic Island,minor structural protein,N/A,USA300HOU_RS07685
1285,Genomic Island 5,Genomic Island 5,Genomic Island,hypothetical protein,N/A,USA300HOU_RS07690
1286,Genomic Island 5,Genomic Island 5,Genomic Island,peptidase,N/A,USA300HOU_RS07695
1287,Genomic Island 5,Genomic Island 5,Genomic Island,holin,N/A,USA300HOU_RS07700
1288,Genomic Island 6,Genomic Island 6,Genomic Island,hypothetical protein,N/A,USA300HOU_RS07665
1289,Genomic Island 6,Genomic Island 6,Genomic Island,hypothetical protein,N/A,USA300HOU_RS07670
1290,Genomic Island 6,Genomic Island 6,Genomic Island,hypothetical protein,N/A,USA300HOU_RS07675
1291,Genomic Island 6,Genomic Island 6,Genomic Island,hypothetical protein,N/A,USA300HOU_RS07680
1292,Genomic Island 6,Genomic Island 6,Genomic Island,minor structural protein,N/A,USA300HOU_RS07685
1293,Genomic Island 6,Genomic Island 6,Genomic Island,hypothetical protein,N/A,USA300HOU_RS07690
1294,Genomic Island 6,Genomic Island 6,Genomic Island,peptidase,N/A,USA300HOU_RS07695
1295,Genomic Island 6,Genomic Island 6,Genomic Island,holin,N/A,USA300HOU_RS07700
1296,Genomic Island 6,Genomic Island 6,Genomic Island,phage tail tape measure protein,N/A,USA300HOU_RS07705
1297,Genomic Island 6,Genomic Island 6,Genomic Island,hypothetical protein,N/A,USA300HOU_RS07710
1298,Genomic Island 6,Genomic Island 6,Genomic Island,hypothetical protein,N/A,USA300HOU_RS07715
1299,Genomic Island 6,Genomic Island 6,Genomic Island,tail protein,N/A,USA300HOU_RS07720
1300,Genomic Island 6,Genomic Island 6,Genomic Island,tail protein,N/A,USA300HOU_RS07725
1301,Genomic Island 6,Genomic Island 6,Genomic Island,hypothetical protein,N/A,USA300HOU_RS07730
1302,Genomic Island 6,Genomic Island 6,Genomic Island,hypothetical protein,N/A,USA300HOU_RS07735
1303,Genomic Island 6,Genomic Island 6,Genomic Island,hypothetical protein,N/A,USA300HOU_RS07740
1304,Genomic Island 6,Genomic Island 6,Genomic Island,phage head-tail adapter protein,N/A,USA300HOU_RS07745
1305,Genomic Island 6,Genomic Island 6,Genomic Island,phage capsid protein,N/A,USA300HOU_RS07750
1306,Genomic Island 6,Genomic Island 6,Genomic Island,ATP-dependent Clp protease ClpP,N/A,USA300HOU_RS07755
1307,Genomic Island 6,Genomic Island 6,Genomic Island,phage portal protein,N/A,USA300HOU_RS07760
1308,Genomic Island 6,Genomic Island 6,Genomic Island,terminase,N/A,USA300HOU_RS07765
1309,Genomic Island 6,Genomic Island 6,Genomic Island,terminase,N/A,USA300HOU_RS07770
1310,Genomic Island 6,Genomic Island 6,Genomic Island,HNH endonuclease,N/A,USA300HOU_RS07775
1311,Genomic Island 6,Genomic Island 6,Genomic Island,transcriptional regulator,N/A,USA300HOU_RS07780
1312,Genomic Island 6,Genomic Island 6,Genomic Island,DEAD/DEAH box helicase,N/A,USA300HOU_RS07785
1313,Genomic Island 6,Genomic Island 6,Genomic Island,nuclease,N/A,USA300HOU_RS07790
1314,Genomic Island 6,Genomic Island 6,Genomic Island,hypothetical protein,N/A,USA300HOU_RS07795
1315,Genomic Island 6,Genomic Island 6,Genomic Island,hypothetical protein,N/A,USA300HOU_RS07800
1316,Genomic Island 6,Genomic Island 6,Genomic Island,hypothetical protein,N/A,USA300HOU_RS07805
1317,Genomic Island 6,Genomic Island 6,Genomic Island,transcriptional activator RinB,N/A,USA300HOU_RS07810
1318,Genomic Island 6,Genomic Island 6,Genomic Island,hypothetical protein,N/A,USA300HOU_RS07815
1319,Genomic Island 6,Genomic Island 6,Genomic Island,hypothetical protein,N/A,USA300HOU_RS07820
1320,Genomic Island 6,Genomic Island 6,Genomic Island,hypothetical protein,N/A,USA300HOU_RS07825
1321,Genomic Island 6,Genomic Island 6,Genomic Island,hypothetical protein,N/A,USA300HOU_RS07830
1322,Genomic Island 6,Genomic Island 6,Genomic Island,hypothetical protein,N/A,USA300HOU_RS07835
1323,Genomic Island 6,Genomic Island 6,Genomic Island,hypothetical protein,N/A,USA300HOU_RS07840
1324,Genomic Island 6,Genomic Island 6,Genomic Island,hypothetical protein,N/A,USA300HOU_RS07845
1325,Genomic Island 6,Genomic Island 6,Genomic Island,hypothetical protein,N/A,USA300HOU_RS07850
1326,Genomic Island 6,Genomic Island 6,Genomic Island,hypothetical protein,N/A,USA300HOU_RS07855
1327,Genomic Island 6,Genomic Island 6,Genomic Island,PVL family protein,N/A,USA300HOU_RS07860
1328,Genomic Island 6,Genomic Island 6,Genomic Island,hypothetical protein,N/A,USA300HOU_RS07865
1329,Genomic Island 6,Genomic Island 6,Genomic Island,DNA polymerase,N/A,USA300HOU_RS07870
1330,Genomic Island 6,Genomic Island 6,Genomic Island,hypothetical protein,N/A,USA300HOU_RS07875
1331,Genomic Island 6,Genomic Island 6,Genomic Island,nuclease,N/A,USA300HOU_RS07880
1332,Genomic Island 6,Genomic Island 6,Genomic Island,hypothetical protein,N/A,USA300HOU_RS07885
1333,Genomic Island 6,Genomic Island 6,Genomic Island,hypothetical protein,N/A,USA300HOU_RS07890
1334,Genomic Island 6,Genomic Island 6,Genomic Island,hypothetical protein,N/A,USA300HOU_RS07895
1335,Genomic Island 6,Genomic Island 6,Genomic Island,hypothetical protein,N/A,USA300HOU_RS07900
1336,Genomic Island 6,Genomic Island 6,Genomic Island,hypothetical protein,N/A,USA300HOU_RS07905
1337,Genomic Island 6,Genomic Island 6,Genomic Island,hypothetical protein,N/A,USA300HOU_RS07910
1338,Genomic Island 6,Genomic Island 6,Genomic Island,hypothetical protein,N/A,USA300HOU_RS07915
1339,Genomic Island 6,Genomic Island 6,Genomic Island,hypothetical protein,N/A,USA300HOU_RS07920
1340,Genomic Island 6,Genomic Island 6,Genomic Island,transcriptional regulator,N/A,USA300HOU_RS07925
1341,Genomic Island 6,Genomic Island 6,Genomic Island,transcriptional regulator,N/A,USA300HOU_RS07930
1342,Genomic Island 6,Genomic Island 6,Genomic Island,hypothetical protein,N/A,USA300HOU_RS07935
1343,Genomic Island 6,Genomic Island 6,Genomic Island,hypothetical protein,N/A,USA300HOU_RS07940
1344,Genomic Island 7,Genomic Island 7,Genomic Island,hypothetical protein,N/A,USA300HOU_RS07920
1345,Genomic Island 7,Genomic Island 7,Genomic Island,transcriptional regulator,N/A,USA300HOU_RS07925
1346,Genomic Island 7,Genomic Island 7,Genomic Island,transcriptional regulator,N/A,USA300HOU_RS07930
1347,Genomic Island 7,Genomic Island 7,Genomic Island,hypothetical protein,N/A,USA300HOU_RS07935
1348,Genomic Island 7,Genomic Island 7,Genomic Island,hypothetical protein,N/A,USA300HOU_RS07940
1349,Genomic Island 7,Genomic Island 7,Genomic Island,hypothetical protein,N/A,USA300HOU_RS07945
1350,Genomic Island 7,Genomic Island 7,Genomic Island,hypothetical protein,N/A,USA300HOU_RS07950
1351,Genomic Island 7,Genomic Island 7,Genomic Island,hypothetical protein,N/A,USA300HOU_RS07955
1352,Genomic Island 7,Genomic Island 7,Genomic Island,integrase,N/A,USA300HOU_RS07960
1353,Genomic Island 7,Genomic Island 7,Genomic Island,hypothetical protein,N/A,USA300HOU_RS07965
1354,Genomic Island 8,Genomic Island 8,Genomic Island,hypothetical protein,N/A,USA300HOU_RS09560
1355,Genomic Island 8,Genomic Island 8,Genomic Island,hypothetical protein,N/A,USA300HOU_RS09565
1356,Genomic Island 8,Genomic Island 8,Genomic Island,hypothetical protein,N/A,USA300HOU_RS09570
1357,Genomic Island 8,Genomic Island 8,Genomic Island,membrane protein,N/A,USA300HOU_RS09575
1358,Genomic Island 8,Genomic Island 8,Genomic Island,hypothetical protein,N/A,USA300HOU_RS09580
1359,Genomic Island 8,Genomic Island 8,Genomic Island,transposase,N/A,USA300HOU_RS09585
1360,Genomic Island 8,Genomic Island 8,Genomic Island,transposase,N/A,USA300HOU_RS09590
1361,Genomic Island 8,Genomic Island 8,Genomic Island,hypothetical protein,N/A,USA300HOU_RS09595
1362,Genomic Island 8,Genomic Island 8,Genomic Island,hypothetical protein,N/A,USA300HOU_RS09600
1363,Genomic Island 8,Genomic Island 8,Genomic Island,NTPase,N/A,USA300HOU_RS09605
1364,Genomic Island 8,Genomic Island 8,Genomic Island,hypothetical protein,N/A,USA300HOU_RS09610
1365,Genomic Island 8,Genomic Island 8,Genomic Island,specificity determinant HsdS,N/A,USA300HOU_RS09615
1366,Genomic Island 8,Genomic Island 8,Genomic Island,type I restriction-modification system subunit M,N/A,USA300HOU_RS09620
1367,Genomic Island 8,Genomic Island 8,Genomic Island,hypothetical protein,N/A,USA300HOU_RS09625
1368,Genomic Island 8,Genomic Island 8,Genomic Island,serine protease SplF,N/A,USA300HOU_RS09630
1369,Genomic Island 8,Genomic Island 8,Genomic Island,serine protease SplE,N/A,USA300HOU_RS09635
1370,Genomic Island 8,Genomic Island 8,Genomic Island,serine protease SplD,N/A,USA300HOU_RS09640
1371,Genomic Island 8,Genomic Island 8,Genomic Island,serine protease SplC,N/A,USA300HOU_RS09645
1372,Genomic Island 9,Genomic Island 9,Genomic Island,hypothetical protein,N/A,USA300HOU_RS10530
1373,Genomic Island 9,Genomic Island 9,Genomic Island,membrane protein,N/A,USA300HOU_RS10535
1374,Genomic Island 9,Genomic Island 9,Genomic Island,hypothetical protein,N/A,USA300HOU_RS10540
1375,Genomic Island 9,Genomic Island 9,Genomic Island,membrane protein,N/A,USA300HOU_RS10545
1376,Genomic Island 9,Genomic Island 9,Genomic Island,hypothetical protein,N/A,USA300HOU_RS10550
1377,Genomic Island 9,Genomic Island 9,Genomic Island,chemotaxis inhibitory protein,N/A,USA300HOU_RS10555
1378,Genomic Island 9,Genomic Island 9,Genomic Island,peptidoglycan hydrolase,N/A,USA300HOU_RS10560
1379,Genomic Island 9,Genomic Island 9,Genomic Island,staphylokinase,N/A,USA300HOU_RS10565
1380,Genomic Island 9,Genomic Island 9,Genomic Island,amidase,N/A,USA300HOU_RS10570
1381,Genomic Island 9,Genomic Island 9,Genomic Island,holin,N/A,USA300HOU_RS10575
1382,Genomic Island 9,Genomic Island 9,Genomic Island,hypothetical protein,N/A,USA300HOU_RS10580
1383,Genomic Island 9,Genomic Island 9,Genomic Island,hypothetical protein,N/A,USA300HOU_RS10590
1384,Genomic Island 9,Genomic Island 9,Genomic Island,hypothetical protein,N/A,USA300HOU_RS10595
1385,Genomic Island 9,Genomic Island 9,Genomic Island,hypothetical protein,N/A,USA300HOU_RS10600
1386,Genomic Island 9,Genomic Island 9,Genomic Island,hypothetical protein,N/A,USA300HOU_RS10605
1387,Genomic Island 9,Genomic Island 9,Genomic Island,phage tail protein,N/A,USA300HOU_RS10610
1388,Genomic Island 9,Genomic Island 9,Genomic Island,phage tail tape measure protein,N/A,USA300HOU_RS10615
1389,Genomic Island 9,Genomic Island 9,Genomic Island,hypothetical protein,N/A,USA300HOU_RS10625
1390,Genomic Island 9,Genomic Island 9,Genomic Island,phage tail protein,N/A,USA300HOU_RS10630
1391,Genomic Island 9,Genomic Island 9,Genomic Island,hypothetical protein,N/A,USA300HOU_RS10635
1392,Genomic Island 9,Genomic Island 9,Genomic Island,hypothetical protein,N/A,USA300HOU_RS10640
1393,Genomic Island 9,Genomic Island 9,Genomic Island,phage head-tail adapter protein,N/A,USA300HOU_RS10645
1394,Genomic Island 9,Genomic Island 9,Genomic Island,phage head-tail adapter protein,N/A,USA300HOU_RS10650
1395,Genomic Island 9,Genomic Island 9,Genomic Island,hypothetical protein,N/A,USA300HOU_RS10655
1396,Genomic Island 9,Genomic Island 9,Genomic Island,phage capsid protein,N/A,USA300HOU_RS10660
1397,Genomic Island 9,Genomic Island 9,Genomic Island,peptidase,N/A,USA300HOU_RS10665
1398,Genomic Island 9,Genomic Island 9,Genomic Island,phage portal protein,N/A,USA300HOU_RS10670
1399,Genomic Island 9,Genomic Island 9,Genomic Island,terminase,N/A,USA300HOU_RS10675
1400,Genomic Island 9,Genomic Island 9,Genomic Island,hypothetical protein,N/A,USA300HOU_RS10680
1401,Genomic Island 9,Genomic Island 9,Genomic Island,HNH endonuclease,N/A,USA300HOU_RS10685
1402,Genomic Island 9,Genomic Island 9,Genomic Island,hypothetical protein,N/A,USA300HOU_RS10690
1403,Genomic Island 9,Genomic Island 9,Genomic Island,hypothetical protein,N/A,USA300HOU_RS10695
1404,Genomic Island 9,Genomic Island 9,Genomic Island,transcriptional activator RinB,N/A,USA300HOU_RS10700
1405,Genomic Island 9,Genomic Island 9,Genomic Island,hypothetical protein,N/A,USA300HOU_RS10705
1406,Genomic Island 9,Genomic Island 9,Genomic Island,hypothetical protein,N/A,USA300HOU_RS10710
1407,Genomic Island 9,Genomic Island 9,Genomic Island,membrane protein,N/A,USA300HOU_RS10715
1408,Genomic Island 9,Genomic Island 9,Genomic Island,dUTP pyrophosphatase,N/A,USA300HOU_RS10720
1409,Genomic Island 9,Genomic Island 9,Genomic Island,hypothetical protein,N/A,USA300HOU_RS10725
1410,Genomic Island 9,Genomic Island 9,Genomic Island,hypothetical protein,N/A,USA300HOU_RS10730
1411,Genomic Island 9,Genomic Island 9,Genomic Island,hypothetical protein,N/A,USA300HOU_RS10735
1412,Genomic Island 9,Genomic Island 9,Genomic Island,hypothetical protein,N/A,USA300HOU_RS10740
1413,Genomic Island 9,Genomic Island 9,Genomic Island,hypothetical protein,N/A,USA300HOU_RS10745
1414,Genomic Island 9,Genomic Island 9,Genomic Island,Holliday junction DNA helicase,N/A,USA300HOU_RS10750
1415,Genomic Island 9,Genomic Island 9,Genomic Island,hypothetical protein,N/A,USA300HOU_RS10755
1416,Genomic Island 9,Genomic Island 9,Genomic Island,replication protein DnaD,N/A,USA300HOU_RS10760
1417,Genomic Island 9,Genomic Island 9,Genomic Island,single-stranded DNA-binding protein,N/A,USA300HOU_RS10765
1418,Genomic Island 9,Genomic Island 9,Genomic Island,MBL fold metallo-hydrolase,N/A,USA300HOU_RS10770
1419,Genomic Island 9,Genomic Island 9,Genomic Island,recombinase,N/A,USA300HOU_RS10775
1420,Genomic Island 9,Genomic Island 9,Genomic Island,ATPase,N/A,USA300HOU_RS10780
1421,Genomic Island 9,Genomic Island 9,Genomic Island,hypothetical protein,N/A,USA300HOU_RS10785
1422,Genomic Island 9,Genomic Island 9,Genomic Island,hypothetical protein,N/A,USA300HOU_RS10790
1423,Genomic Island 9,Genomic Island 9,Genomic Island,hypothetical protein,N/A,USA300HOU_RS10795
1424,Genomic Island 9,Genomic Island 9,Genomic Island,hypothetical protein,N/A,USA300HOU_RS10800
1425,Genomic Island 9,Genomic Island 9,Genomic Island,hypothetical protein,N/A,USA300HOU_RS10805
1426,Genomic Island 9,Genomic Island 9,Genomic Island,oxidoreductase,N/A,USA300HOU_RS10810
1427,Genomic Island 9,Genomic Island 9,Genomic Island,hypothetical protein,N/A,USA300HOU_RS10815
1428,Genomic Island 9,Genomic Island 9,Genomic Island,hypothetical protein,N/A,USA300HOU_RS10820
1429,Genomic Island 9,Genomic Island 9,Genomic Island,transcriptional regulator,N/A,USA300HOU_RS10825
1430,Genomic Island 9,Genomic Island 9,Genomic Island,transcriptional regulator,N/A,USA300HOU_RS10830
1431,Genomic Island 9,Genomic Island 9,Genomic Island,transcriptional regulator,N/A,USA300HOU_RS10835
1432,Genomic Island 9,Genomic Island 9,Genomic Island,ATP-dependent helicase,N/A,USA300HOU_RS10840
1433,Genomic Island 9,Genomic Island 9,Genomic Island,hypothetical protein,N/A,USA300HOU_RS10845
1434,Genomic Island 9,Genomic Island 9,Genomic Island,hypothetical protein,N/A,USA300HOU_RS10850
1435,Genomic Island 9,Genomic Island 9,Genomic Island,toxin MazF,N/A,USA300HOU_RS10855
1436,Genomic Island 9,Genomic Island 9,Genomic Island,integrase,N/A,USA300HOU_RS10860
1437,Genomic Island 9,Genomic Island 9,Genomic Island,sphingomyelin phosphodiesterase,N/A,USA300HOU_RS10865
1438,Genomic Island 9,Genomic Island 9,Genomic Island,gamma-hemolysin subunit B,N/A,USA300HOU_RS10870
1439,Genomic Island 9,Genomic Island 9,Genomic Island,succinyl-diaminopimelate desuccinylase,N/A,USA300HOU_RS10875
1440,Genomic Island 9,Genomic Island 9,Genomic Island,succinyl-diaminopimelate desuccinylase,N/A,USA300HOU_RS10880
1441,Genomic Island 9,Genomic Island 9,Genomic Island,hypothetical protein,N/A,USA300HOU_RS10885
1442,Genomic Island 9,Genomic Island 9,Genomic Island,ferrichrome-binding protein FhuD,N/A,USA300HOU_RS10890
1443,Genomic Island 9,Genomic Island 9,Genomic Island,potassium transporter KtrB,N/A,USA300HOU_RS10895
1444,Genomic Island 9,Genomic Island 9,Genomic Island,GNAT family acetyltransferase,N/A,USA300HOU_RS10900
1445,Genomic Island 9,Genomic Island 9,Genomic Island,membrane protein,N/A,USA300HOU_RS10905
1446,Genomic Island 9,Genomic Island 9,Genomic Island,phage terminase small subunit,N/A,USA300HOU_RS10910
1447,Genomic Island 9,Genomic Island 9,Genomic Island,hypothetical protein,N/A,USA300HOU_RS10915
1448,Genomic Island 9,Genomic Island 9,Genomic Island,integrase,N/A,USA300HOU_RS10920
1449,Genomic Island 10,Genomic Island 10,Genomic Island,ABC transporter permease,N/A,USA300HOU_RS11665
1450,Genomic Island 10,Genomic Island 10,Genomic Island,arginase,N/A,USA300HOU_RS11670
1451,Genomic Island 10,Genomic Island 10,Genomic Island,transposase,N/A,USA300HOU_RS11675
1452,Genomic Island 10,Genomic Island 10,Genomic Island,hypothetical protein,N/A,USA300HOU_RS11725
1453,Genomic Island 10,Genomic Island 10,Genomic Island,chromosome partitioning protein ParA,N/A,USA300HOU_RS11730
1454,Genomic Island 10,Genomic Island 10,Genomic Island,multidrug MFS transporter,N/A,USA300HOU_RS11735
1455,Genomic Island 10,Genomic Island 10,Genomic Island,multidrug resistance efflux pump SepA,N/A,USA300HOU_RS11740
