,iModulon,Gene
0,0,PSPTO_0217
1,0,PSPTO_0218
2,0,PSPTO_0352
3,0,PSPTO_0353
4,0,PSPTO_0359
5,0,PSPTO_0768
6,0,PSPTO_0769
7,0,PSPTO_1154
8,0,PSPTO_1155
9,0,PSPTO_1156
10,0,PSPTO_1157
11,0,PSPTO_1255
12,0,PSPTO_1256
13,0,PSPTO_1257
14,0,PSPTO_1871
15,0,PSPTO_RS21280
16,0,PSPTO_4136
17,0,PSPTO_4238
18,0,PSPTO_4239
19,0,PSPTO_4240
20,0,PSPTO_4241
21,0,PSPTO_4885
22,0,PSPTO_4886
23,0,PSPTO_4887
24,0,PSPTO_4909
25,0,PSPTO_4910
26,0,PSPTO_4911
27,0,PSPTO_4912
28,0,PSPTO_5245
29,0,PSPTO_5246
30,0,PSPTO_5247
31,0,PSPTO_5248
32,0,PSPTO_5356
33,1,PSPTO_RS06455
34,1,PSPTO_2578
35,1,PSPTO_RS14755
36,1,PSPTO_RS15390
37,1,PSPTO_3288
38,1,PSPTO_3289
39,1,PSPTO_3569
40,1,PSPTO_4167
41,1,PSPTO_4168
42,1,PSPTO_4170
43,1,PSPTO_4254
44,1,PSPTO_4267
45,1,PSPTO_RS22145
46,1,PSPTO_RS22150
47,1,PSPTO_4272
48,1,PSPTO_RS22160
49,1,PSPTO_RS22165
50,1,PSPTO_4277
51,1,PSPTO_4278
52,1,PSPTO_4279
53,1,PSPTO_4282
54,1,PSPTO_4285
55,1,PSPTO_4287
56,1,PSPTO_4289
57,1,PSPTO_4290
58,1,PSPTO_4291
59,1,PSPTO_4293
60,1,PSPTO_4294
61,1,PSPTO_4295
62,1,PSPTO_4296
63,1,PSPTO_4298
64,1,PSPTO_4299
65,1,PSPTO_RS29950
66,1,PSPTO_4300
67,1,PSPTO_4301
68,1,PSPTO_4306
69,1,PSPTO_4312
70,1,PSPTO_4316
71,1,PSPTO_4317
72,1,PSPTO_4318
73,1,PSPTO_4319
74,1,PSPTO_4320
75,1,PSPTO_RS22405
76,1,PSPTO_4323
77,1,PSPTO_4324
78,1,PSPTO_4325
79,1,PSPTO_RS22435
80,1,PSPTO_RS22440
81,1,PSPTO_4331
82,1,PSPTO_4333
83,1,PSPTO_4334
84,1,PSPTO_4335
85,1,PSPTO_4337
86,1,PSPTO_4338
87,1,PSPTO_4339
88,1,PSPTO_4340
89,1,PSPTO_4344
90,1,PSPTO_4348
91,1,PSPTO_4349
92,1,PSPTO_4350
93,1,PSPTO_4351
94,1,PSPTO_4352
95,1,PSPTO_4353
96,1,PSPTO_4360
97,1,PSPTO_4362
98,1,PSPTO_4363
99,1,PSPTO_4365
100,1,PSPTO_4366
101,1,PSPTO_4367
102,1,PSPTO_4368
103,1,PSPTO_4369
104,1,PSPTO_4370
105,1,PSPTO_4371
106,1,PSPTO_4372
107,1,PSPTO_4373
108,1,PSPTO_4374
109,1,PSPTO_4375
110,1,PSPTO_4377
111,1,PSPTO_4379
112,1,PSPTO_4380
113,1,PSPTO_4381
114,1,PSPTO_4382
115,1,PSPTO_4383
116,1,PSPTO_4384
117,1,PSPTO_4387
118,1,PSPTO_RS22740
119,1,PSPTO_4525
120,1,PSPTO_RS25640
121,2,PSPTO_0117
122,2,PSPTO_0230
123,2,PSPTO_0242
124,2,PSPTO_0243
125,2,PSPTO_0505
126,2,PSPTO_0558
127,2,PSPTO_0563
128,2,PSPTO_RS02995
129,2,PSPTO_0596
130,2,PSPTO_RS05295
131,2,PSPTO_1008
132,2,PSPTO_1039
133,2,PSPTO_1040
134,2,PSPTO_1059
135,2,PSPTO_1221
136,2,PSPTO_RS06450
137,2,PSPTO_RS06455
138,2,PSPTO_1222
139,2,PSPTO_1278
140,2,PSPTO_RS06750
141,2,PSPTO_1279
142,2,PSPTO_1310
143,2,PSPTO_1322
144,2,PSPTO_1323
145,2,PSPTO_1334
146,2,PSPTO_5635
147,2,PSPTO_1493
148,2,PSPTO_1494
149,2,PSPTO_1514
150,2,PSPTO_1844
151,2,PSPTO_1911
152,2,PSPTO_1912
153,2,PSPTO_1925
154,2,PSPTO_1927
155,2,PSPTO_1928
156,2,PSPTO_1944
157,2,PSPTO_1945
158,2,PSPTO_1946
159,2,PSPTO_1949
160,2,PSPTO_1950
161,2,PSPTO_1951
162,2,PSPTO_1952
163,2,PSPTO_1953
164,2,PSPTO_1982
165,2,PSPTO_1983
166,2,PSPTO_1987
167,2,PSPTO_1988
168,2,PSPTO_1989
169,2,PSPTO_1992
170,2,PSPTO_2014
171,2,PSPTO_2041
172,2,PSPTO_2253
173,2,PSPTO_2441
174,2,PSPTO_2442
175,2,PSPTO_2448
176,2,PSPTO_2472
177,2,PSPTO_2473
178,2,PSPTO_2480
179,2,PSPTO_2501
180,2,PSPTO_2511
181,2,PSPTO_2526
182,2,PSPTO_2616
183,2,PSPTO_2731
184,2,PSPTO_2883
185,2,PSPTO_2907
186,2,PSPTO_2996
187,2,PSPTO_2997
188,2,PSPTO_3123
189,2,PSPTO_3157
190,2,PSPTO_3237
191,2,PSPTO_3292
192,2,PSPTO_3379
193,2,PSPTO_3417
194,2,PSPTO_3419
195,2,PSPTO_3422
196,2,PSPTO_3524
197,2,PSPTO_3529
198,2,PSPTO_3530
199,2,PSPTO_3531
200,2,PSPTO_3532
201,2,PSPTO_3577
202,2,PSPTO_3582
203,2,PSPTO_3583
204,2,PSPTO_3597
205,2,PSPTO_3680
206,2,PSPTO_3696
207,2,PSPTO_3699
208,2,PSPTO_4156
209,2,PSPTO_4208
210,2,PSPTO_4209
211,2,PSPTO_4324
212,2,PSPTO_4325
213,2,PSPTO_4336
214,2,PSPTO_4531
215,2,PSPTO_4541
216,2,PSPTO_4543
217,2,PSPTO_4624
218,2,PSPTO_4837
219,2,PSPTO_4952
220,2,PSPTO_4953
221,2,PSPTO_5159
222,2,PSPTO_5340
223,2,PSPTO_5352
224,2,PSPTO_5363
225,2,PSPTO_5385
226,2,PSPTO_5482
227,2,PSPTO_5553
228,2,PSPTO_5554
229,2,PSPTOB0055
230,2,PSPTO_RS29700
231,3,PSPTO_RS01845
232,3,PSPTO_RS04610
233,3,PSPTO_1210
234,3,PSPTO_1447
235,3,PSPTO_1790
236,3,PSPTO_1792
237,3,PSPTO_1793
238,3,PSPTO_1795
239,3,PSPTO_1796
240,3,PSPTO_1797
241,3,PSPTO_RS09775
242,3,PSPTO_RS10780
243,3,PSPTO_2240
244,3,PSPTO_RS11875
245,3,PSPTO_2423
246,3,PSPTO_2424
247,3,PSPTO_2425
248,3,PSPTO_2430
249,3,PSPTO_2481
250,3,PSPTO_2482
251,3,PSPTO_2483
252,3,PSPTO_2484
253,3,PSPTO_2486
254,3,PSPTO_2487
255,3,PSPTO_2590
256,3,PSPTO_2786
257,3,PSPTO_2787
258,3,PSPTO_2788
259,3,PSPTO_2984
260,3,PSPTO_RS15445
261,3,PSPTO_2985
262,3,PSPTO_2986
263,3,PSPTO_2987
264,3,PSPTO_2988
265,3,PSPTO_2991
266,3,PSPTO_2992
267,3,PSPTO_2995
268,3,PSPTO_2996
269,3,PSPTO_3077
270,3,PSPTO_5642
271,3,PSPTO_3438
272,3,PSPTO_3451
273,3,PSPTO_3466
274,3,PSPTO_3467
275,3,PSPTO_RS29930
276,3,PSPTO_RS20450
277,3,PSPTO_5184
278,3,PSPTO_5185
279,3,PSPTO_5186
280,3,PSPTO_5187
281,3,PSPTO_5188
282,3,PSPTO_5189
283,3,PSPTO_5195
284,3,PSPTO_5197
285,3,PSPTO_5198
286,3,PSPTO_5217
287,3,PSPTO_5218
288,3,PSPTO_5313
289,3,PSPTO_5315
290,3,PSPTO_5319
291,3,PSPTO_5320
292,3,PSPTO_5471
293,4,PSPTO_0024
294,4,PSPTO_0050
295,4,PSPTO_0097
296,4,PSPTO_0298
297,4,PSPTO_0477
298,4,PSPTO_0531
299,4,PSPTO_RS02775
300,4,PSPTO_0532
301,4,PSPTO_0585
302,4,PSPTO_1558
303,4,PSPTO_1767
304,4,PSPTO_1886
305,4,PSPTO_2057
306,4,PSPTO_2076
307,4,PSPTO_2078
308,4,PSPTO_RS11155
309,4,PSPTO_2319
310,4,PSPTO_2400
311,4,PSPTO_2401
312,4,PSPTO_2402
313,4,PSPTO_2426
314,4,PSPTO_2737
315,4,PSPTO_2738
316,4,PSPTO_2739
317,4,PSPTO_RS14605
318,4,PSPTO_2828
319,4,PSPTO_2829
320,4,PSPTO_2904
321,4,PSPTO_2905
322,4,PSPTO_3017
323,4,PSPTO_3077
324,4,PSPTO_RS16010
325,4,PSPTO_3110
326,4,PSPTO_3617
327,4,PSPTO_3618
328,4,PSPTO_RS18945
329,4,PSPTO_RS18950
330,4,PSPTO_3748
331,4,PSPTO_3749
332,4,PSPTO_RS21700
333,4,PSPTO_4580
334,4,PSPTO_RS23775
335,4,PSPTO_4691
336,4,PSPTO_RS24530
337,4,PSPTO_5632
338,4,PSPTO_RS24930
339,4,PSPTO_RS25445
340,4,PSPTO_RS25695
341,4,PSPTO_5025
342,4,PSPTO_RS25995
343,4,PSPTO_5267
344,4,PSPTO_5528
345,4,PSPTOB0020
346,4,PSPTOB0024
347,4,PSPTOB0025
348,4,PSPTOB0035
349,4,PSPTOB0043
350,4,PSPTOB0070
351,4,PSPTOA0021
352,4,PSPTOA0028
353,5,PSPTO_0495
354,5,PSPTO_0517
355,5,PSPTO_0518
356,5,PSPTO_0679
357,5,PSPTO_1667
358,5,PSPTO_RS29875
359,5,PSPTO_1669
360,5,PSPTO_1697
361,5,PSPTO_1993
362,5,PSPTO_2132
363,5,PSPTO_2253
364,5,PSPTO_2254
365,5,PSPTO_2399
366,5,PSPTO_2609
367,5,PSPTO_3155
368,5,PSPTO_RS16575
369,5,PSPTO_4160
370,5,PSPTO_4263
371,5,PSPTO_4283
372,5,PSPTO_4284
373,5,PSPTO_4285
374,5,PSPTO_4647
375,5,PSPTO_4648
376,5,PSPTO_5112
377,5,PSPTO_5340
378,5,PSPTO_5505
379,6,PSPTO_0097
380,6,PSPTO_0137
381,6,PSPTO_0142
382,6,PSPTO_0269
383,6,PSPTO_RS01570
384,6,PSPTO_0320
385,6,PSPTO_RS02635
386,6,PSPTO_0780
387,6,PSPTO_0834
388,6,PSPTO_0844
389,6,PSPTO_0902
390,6,PSPTO_0903
391,6,PSPTO_0928
392,6,PSPTO_RS05590
393,6,PSPTO_1188
394,6,PSPTO_1221
395,6,PSPTO_RS06490
396,6,PSPTO_1229
397,6,PSPTO_1310
398,6,PSPTO_1315
399,6,PSPTO_1417
400,6,PSPTO_RS07630
401,6,PSPTO_RS08865
402,6,PSPTO_1786
403,6,PSPTO_2010
404,6,PSPTO_2057
405,6,PSPTO_2083
406,6,PSPTO_RS11010
407,6,PSPTO_2234
408,6,PSPTO_RS11625
409,6,PSPTO_2318
410,6,PSPTO_2324
411,6,PSPTO_2328
412,6,PSPTO_2390
413,6,PSPTO_RS12425
414,6,PSPTO_2432
415,6,PSPTO_2457
416,6,PSPTO_2458
417,6,PSPTO_2515
418,6,PSPTO_2541
419,6,PSPTO_2836
420,6,PSPTO_2887
421,6,PSPTO_RS15510
422,6,PSPTO_3167
423,6,PSPTO_3208
424,6,PSPTO_RS16620
425,6,PSPTO_RS30005
426,6,PSPTO_RS16645
427,6,PSPTO_RS16650
428,6,PSPTO_RS16710
429,6,PSPTO_3337
430,6,PSPTO_3419
431,6,PSPTO_3731
432,6,PSPTO_3820
433,6,PSPTO_3963
434,6,PSPTO_3979
435,6,PSPTO_4152
436,6,PSPTO_4253
437,6,PSPTO_4331
438,6,PSPTO_4347
439,6,PSPTO_4363
440,6,PSPTO_4450
441,6,PSPTO_RS23455
442,6,PSPTO_4580
443,6,PSPTO_4596
444,6,PSPTO_4643
445,6,PSPTO_4661
446,6,PSPTO_4702
447,6,PSPTO_4754
448,6,PSPTO_4883
449,6,PSPTO_4971
450,6,PSPTO_5209
451,6,PSPTO_RS26910
452,6,PSPTO_RS27995
453,6,PSPTO_RS28000
454,6,PSPTO_RS28005
455,6,PSPTO_5428
456,6,PSPTO_5645
457,6,PSPTO_5440
458,6,PSPTO_5564
459,6,PSPTO_5582
460,6,PSPTOB0017
461,7,PSPTO_1824
462,7,PSPTO_2516
463,7,PSPTO_RS14105
464,7,PSPTO_2729
465,7,PSPTO_2730
466,7,PSPTO_3237
467,7,PSPTO_3660
468,7,PSPTO_3661
469,7,PSPTO_3662
470,7,PSPTO_4024
471,7,PSPTO_5406
472,7,PSPTO_5407
473,8,PSPTO_0097
474,8,PSPTO_0209
475,8,PSPTO_0210
476,8,PSPTO_0396
477,8,PSPTO_0459
478,8,PSPTO_1232
479,8,PSPTO_1233
480,8,PSPTO_1234
481,8,PSPTO_1235
482,8,PSPTO_1236
483,8,PSPTO_1237
484,8,PSPTO_1238
485,8,PSPTO_1239
486,8,PSPTO_1240
487,8,PSPTO_1241
488,8,PSPTO_1242
489,8,PSPTO_1243
490,8,PSPTO_RS15225
491,8,PSPTO_2950
492,8,PSPTO_3583
493,9,PSPTO_0014
494,9,PSPTO_0562
495,9,PSPTO_0680
496,9,PSPTO_RS08865
497,9,PSPTO_1858
498,9,PSPTO_1863
499,9,PSPTO_1864
500,9,PSPTO_1865
501,9,PSPTO_2132
502,9,PSPTO_2241
503,9,PSPTO_2507
504,9,PSPTO_5639
505,9,PSPTO_2683
506,9,PSPTO_2690
507,9,PSPTO_2932
508,9,PSPTO_2949
509,9,PSPTO_2950
510,9,PSPTO_3039
511,9,PSPTO_3077
512,9,PSPTO_3078
513,9,PSPTO_3099
514,9,PSPTO_3100
515,9,PSPTO_3101
516,9,PSPTO_3136
517,9,PSPTO_3183
518,9,PSPTO_3246
519,9,PSPTO_3304
520,9,PSPTO_3414
521,9,PSPTO_3452
522,9,PSPTO_3453
523,9,PSPTO_3490
524,9,PSPTO_3617
525,9,PSPTO_3618
526,9,PSPTO_3619
527,9,PSPTO_3620
528,9,PSPTO_3621
529,9,PSPTO_3747
530,9,PSPTO_3748
531,9,PSPTO_3749
532,9,PSPTO_RS19510
533,9,PSPTO_RS19515
534,9,PSPTO_3855
535,9,PSPTO_RS20425
536,9,PSPTO_4183
537,9,PSPTO_4255
538,9,PSPTO_4256
539,9,PSPTO_4257
540,9,PSPTO_4262
541,9,PSPTO_4263
542,9,PSPTO_4264
543,9,PSPTO_4265
544,9,PSPTO_4297
545,9,PSPTO_4302
546,9,PSPTO_4303
547,9,PSPTO_4356
548,9,PSPTO_4672
549,10,PSPTO_RS01210
550,10,PSPTO_0307
551,10,PSPTO_0308
552,10,PSPTO_0309
553,10,PSPTO_0310
554,10,PSPTO_1793
555,10,PSPTO_2425
556,10,PSPTO_2481
557,10,PSPTO_2487
558,10,PSPTO_3077
559,10,PSPTO_3084
560,10,PSPTO_3085
561,10,PSPTO_RS29905
562,10,PSPTO_3086
563,10,PSPTO_3094
564,10,PSPTO_3466
565,10,PSPTO_3467
566,10,PSPTO_RS29930
567,10,PSPTO_4747
568,10,PSPTO_RS25355
569,10,PSPTO_RS26690
570,10,PSPTO_5184
571,10,PSPTO_5197
572,10,PSPTO_5198
573,10,PSPTO_5216
574,10,PSPTO_5217
575,10,PSPTO_5218
576,10,PSPTO_5313
577,10,PSPTO_5314
578,10,PSPTO_5315
579,10,PSPTO_5316
580,10,PSPTO_5317
581,11,PSPTO_0253
582,11,PSPTO_0326
583,11,PSPTO_0403
584,11,PSPTO_0447
585,11,PSPTO_0690
586,11,PSPTO_0790
587,11,PSPTO_0991
588,11,PSPTO_1301
589,11,PSPTO_RS29875
590,11,PSPTO_1686
591,11,PSPTO_1701
592,11,PSPTO_1715
593,11,PSPTO_1722
594,11,PSPTO_1797
595,11,PSPTO_1806
596,11,PSPTO_1894
597,11,PSPTO_RS10075
598,11,PSPTO_1989
599,11,PSPTO_2793
600,11,PSPTO_2794
601,11,PSPTO_3133
602,11,PSPTO_3308
603,11,PSPTO_3406
604,11,PSPTO_RS18060
605,11,PSPTO_3539
606,11,PSPTO_3558
607,11,PSPTO_3626
608,11,PSPTO_3634
609,11,PSPTO_3887
610,11,PSPTO_3945
611,11,PSPTO_RS21330
612,11,PSPTO_4126
613,11,PSPTO_4361
614,11,PSPTO_4687
615,11,PSPTO_RS24400
616,11,PSPTO_4876
617,11,PSPTO_4878
618,11,PSPTO_4894
619,11,PSPTO_4912
620,11,PSPTO_4947
621,11,PSPTO_4980
622,11,PSPTO_5041
623,11,PSPTO_RS26080
624,12,PSPTO_0097
625,12,PSPTO_0401
626,12,PSPTO_0457
627,12,PSPTO_0458
628,12,PSPTO_0459
629,12,PSPTO_0461
630,12,PSPTO_1022
631,12,PSPTO_2308
632,12,PSPTO_RS15225
633,12,PSPTO_2950
634,12,PSPTO_3587
635,12,PSPTO_3748
636,12,PSPTO_4241
637,12,PSPTO_RS23455
638,12,PSPTO_4621
639,12,PSPTOB0047
640,12,PSPTOB0058
641,12,PSPTOB0061
642,12,PSPTOA0001
643,12,PSPTOA0002
644,12,PSPTOA0003
645,12,PSPTOA0004
646,12,PSPTO_A0072
647,12,PSPTOA0005
648,12,PSPTOA0006
649,12,PSPTO_RS29490
650,12,PSPTOA0008
651,12,PSPTOA0009
652,12,PSPTO_RS29505
653,12,PSPTOA0010
654,12,PSPTOA0011
655,12,PSPTOA0012
656,12,PSPTO_RS29525
657,12,PSPTOA0014
658,12,PSPTOA0015
659,12,PSPTOA0016
660,12,PSPTOA0017
661,12,PSPTOA0018
662,12,PSPTOA0019
663,12,PSPTO_RS29565
664,12,PSPTOA0021
665,12,PSPTOA0022
666,12,PSPTOA0024
667,12,PSPTOA0025
668,12,PSPTOA0026
669,12,PSPTOA0027
670,12,PSPTOA0029
671,12,PSPTOA0030
672,12,PSPTOA0031
673,12,PSPTOA0032
674,12,PSPTO_RS29625
675,12,PSPTOA0034
676,12,PSPTOA0035
677,12,PSPTOA0036
678,12,PSPTOA0037
679,12,PSPTOA0038
680,12,PSPTOA0039
681,12,PSPTOA0040
682,12,PSPTOA0042
683,12,PSPTOA0044
684,12,PSPTO_RS29690
685,12,PSPTOA0047
686,12,PSPTO_RS29700
687,12,PSPTOA0048
688,12,PSPTO_RS29710
689,12,PSPTOA0056
690,12,PSPTOA0057
691,12,PSPTOA0058
692,12,PSPTOA0060
693,12,PSPTOA0061
694,12,PSPTOA0062
695,12,PSPTOA0063
696,12,PSPTOA0064
697,12,PSPTO_RS29790
698,12,PSPTOA0065
699,12,PSPTOA0066
700,12,PSPTOA0067
701,12,PSPTOA0069
702,12,PSPTOA0070
703,12,PSPTO_RS29995
704,13,PSPTO_RS00055
705,13,PSPTO_0062
706,13,PSPTO_0158
707,13,PSPTO_0159
708,13,PSPTO_0465
709,13,PSPTO_0569
710,13,PSPTO_0728
711,13,PSPTO_0887
712,13,PSPTO_0888
713,13,PSPTO_0889
714,13,PSPTO_1050
715,13,PSPTO_1051
716,13,PSPTO_1054
717,13,PSPTO_1150
718,13,PSPTO_1255
719,13,PSPTO_1256
720,13,PSPTO_1257
721,13,PSPTO_1258
722,13,PSPTO_1292
723,13,PSPTO_1293
724,13,PSPTO_1294
725,13,PSPTO_1295
726,13,PSPTO_1296
727,13,PSPTO_1298
728,13,PSPTO_1596
729,13,PSPTO_1624
730,13,PSPTO_2132
731,13,PSPTO_2177
732,13,PSPTO_2339
733,13,PSPTO_2343
734,13,PSPTO_2397
735,13,PSPTO_2398
736,13,PSPTO_2399
737,13,PSPTO_2611
738,13,PSPTO_2638
739,13,PSPTO_2639
740,13,PSPTO_2640
741,13,PSPTO_2703
742,13,PSPTO_2775
743,13,PSPTO_2829
744,13,PSPTO_2830
745,13,PSPTO_2845
746,13,PSPTO_3003
747,13,PSPTO_3027
748,13,PSPTO_3163
749,13,PSPTO_3164
750,13,PSPTO_3248
751,13,PSPTO_3251
752,13,PSPTO_3252
753,13,PSPTO_3488
754,13,PSPTO_3489
755,13,PSPTO_3490
756,13,PSPTO_3544
757,13,PSPTO_3660
758,13,PSPTO_3661
759,13,PSPTO_RS18945
760,13,PSPTO_3735
761,13,PSPTO_3736
762,13,PSPTO_3737
763,13,PSPTO_3738
764,13,PSPTO_3739
765,13,PSPTO_3740
766,13,PSPTO_3741
767,13,PSPTO_3987
768,13,PSPTO_4108
769,13,PSPTO_4136
770,13,PSPTO_4137
771,13,PSPTO_4138
772,13,PSPTO_4139
773,13,PSPTO_4140
774,13,PSPTO_4232
775,13,PSPTO_4233
776,13,PSPTO_4234
777,13,PSPTO_4235
778,13,PSPTO_4371
779,13,PSPTO_4372
780,13,PSPTO_4427
781,13,PSPTO_4528
782,13,PSPTO_4549
783,13,PSPTO_4558
784,13,PSPTO_4559
785,13,PSPTO_4560
786,13,PSPTO_4610
787,13,PSPTO_4611
788,13,PSPTO_4613
789,13,PSPTO_4637
790,13,PSPTO_4638
791,13,PSPTO_4673
792,13,PSPTO_4915
793,13,PSPTO_4917
794,13,PSPTO_4918
795,13,PSPTO_4919
796,13,PSPTO_5279
797,13,PSPTO_5356
798,13,PSPTO_5472
799,14,PSPTO_0153
800,14,PSPTO_0405
801,14,PSPTO_0829
802,14,PSPTO_1205
803,14,PSPTO_RS08685
804,14,PSPTO_1778
805,14,PSPTO_2164
806,14,PSPTO_2170
807,14,PSPTO_2208
808,14,PSPTO_2241
809,14,PSPTO_RS14105
810,14,PSPTO_2729
811,14,PSPTO_2730
812,14,PSPTO_RS29925
813,14,PSPTO_3724
814,14,PSPTO_4024
815,14,PSPTO_4210
816,14,PSPTO_4376
817,14,PSPTO_4377
818,14,PSPTO_4379
819,14,PSPTO_4463
820,14,PSPTO_4465
821,14,PSPTO_4466
822,14,PSPTO_4503
823,14,PSPTO_4504
824,14,PSPTO_4505
825,14,PSPTO_4506
826,14,PSPTO_4611
827,14,PSPTO_RS24155
828,14,PSPTO_4667
829,14,PSPTO_4897
830,14,PSPTO_4942
831,14,PSPTO_5140
832,14,PSPTO_5141
833,14,PSPTO_5142
834,15,PSPTO_RS29830
835,15,PSPTO_0097
836,15,PSPTO_0209
837,15,PSPTO_0211
838,15,PSPTO_0371
839,15,PSPTO_1232
840,15,PSPTO_1233
841,15,PSPTO_1234
842,15,PSPTO_1235
843,15,PSPTO_1236
844,15,PSPTO_2177
845,15,PSPTO_2180
846,15,PSPTO_5642
847,15,PSPTO_4001
848,15,PSPTO_4199
849,15,PSPTO_4680
850,15,PSPTO_4681
851,15,PSPTO_4682
852,15,PSPTO_4683
853,15,PSPTO_4684
854,15,PSPTO_4685
855,15,PSPTO_4686
856,15,PSPTO_4687
857,15,PSPTO_4688
858,15,PSPTO_4689
859,15,PSPTO_4690
860,15,PSPTO_4707
861,15,PSPTO_4708
862,15,PSPTO_4709
863,15,PSPTO_4710
864,15,PSPTO_4711
865,15,PSPTO_4712
866,15,PSPTO_4713
867,15,PSPTO_4714
868,15,PSPTO_4716
869,15,PSPTO_4722
870,15,PSPTO_4723
871,16,PSPTO_0154
872,16,PSPTO_0220
873,16,PSPTO_0752
874,16,PSPTO_RS04130
875,16,PSPTO_0802
876,16,PSPTO_0931
877,16,PSPTO_1105
878,16,PSPTO_1201
879,16,PSPTO_1274
880,16,PSPTO_1476
881,16,PSPTO_1596
882,16,PSPTO_RS08610
883,16,PSPTO_RS29880
884,16,PSPTO_2054
885,16,PSPTO_2272
886,16,PSPTO_2310
887,16,PSPTO_2315
888,16,PSPTO_2375
889,16,PSPTO_2376
890,16,PSPTO_2531
891,16,PSPTO_2683
892,16,PSPTO_2692
893,16,PSPTO_5642
894,16,PSPTO_3174
895,16,PSPTO_3175
896,16,PSPTO_3645
897,16,PSPTO_RS20455
898,16,PSPTO_3985
899,16,PSPTO_4016
900,16,PSPTO_RS20840
901,16,PSPTO_RS21175
902,16,PSPTO_4159
903,16,PSPTO_4160
904,16,PSPTO_RS22755
905,16,PSPTO_4493
906,16,PSPTO_4494
907,16,PSPTO_4499
908,16,PSPTO_4508
909,16,PSPTO_4546
910,16,PSPTO_RS25895
911,16,PSPTO_5136
912,16,PSPTO_RS27440
913,16,PSPTOB0045
914,17,PSPTO_0173
915,17,PSPTO_0511
916,17,PSPTO_0558
917,17,PSPTO_0719
918,17,PSPTO_RS04130
919,17,PSPTO_RS06010
920,17,PSPTO_1303
921,17,PSPTO_1607
922,17,PSPTO_1608
923,17,PSPTO_RS08865
924,17,PSPTO_1767
925,17,PSPTO_1786
926,17,PSPTO_2011
927,17,PSPTO_RS11325
928,17,PSPTO_RS11625
929,17,PSPTO_2241
930,17,PSPTO_RS12390
931,17,PSPTO_2457
932,17,PSPTO_2890
933,17,PSPTO_2912
934,17,PSPTO_3016
935,17,PSPTO_3162
936,17,PSPTO_3203
937,17,PSPTO_3211
938,17,PSPTO_RS16605
939,17,PSPTO_3414
940,17,PSPTO_3492
941,17,PSPTO_4055
942,17,PSPTO_4330
943,17,PSPTO_4387
944,17,PSPTO_4450
945,17,PSPTO_4491
946,17,PSPTO_4602
947,17,PSPTO_4940
948,17,PSPTO_RS29985
949,17,PSPTO_RS29130
950,18,PSPTO_0539
951,18,PSPTO_0797
952,18,PSPTO_2052
953,18,PSPTO_3067
954,18,PSPTO_3360
955,18,PSPTO_3487
956,18,PSPTO_4024
957,18,PSPTO_4492
958,18,PSPTO_4611
959,18,PSPTO_4613
960,18,PSPTO_4653
961,18,PSPTO_4803
962,18,PSPTO_4865
963,18,PSPTO_4898
964,18,PSPTO_5242
965,18,PSPTO_5289
966,18,PSPTO_5499
967,19,PSPTO_0672
968,19,PSPTO_1447
969,19,PSPTO_RS08550
970,19,PSPTO_RS15435
971,19,PSPTO_RS16880
972,19,PSPTO_5089
973,20,PSPTO_2240
974,20,PSPTO_2241
975,20,PSPTO_2436
976,20,PSPTO_RS14305
977,20,PSPTO_RS17155
978,20,PSPTO_3416
979,20,PSPTO_RS21030
980,20,PSPTO_RS21615
981,20,PSPTO_RS25695
982,20,PSPTO_RS26720
983,20,PSPTO_RS27115
984,20,PSPTO_RS29665
985,21,PSPTO_0067
986,21,PSPTO_0068
987,21,PSPTO_0069
988,21,PSPTO_0786
989,21,PSPTO_1203
990,21,PSPTO_1204
991,21,PSPTO_1208
992,21,PSPTO_1209
993,21,PSPTO_1210
994,21,PSPTO_1211
995,21,PSPTO_1212
996,21,PSPTO_2133
997,21,PSPTO_2143
998,21,PSPTO_2152
999,21,PSPTO_2603
1000,21,PSPTO_2604
1001,21,PSPTO_2605
1002,21,PSPTO_3157
1003,21,PSPTO_3294
1004,21,PSPTO_3462
1005,21,PSPTO_3574
1006,21,PSPTO_3596
1007,21,PSPTO_3597
1008,21,PSPTO_3598
1009,21,PSPTO_4159
1010,21,PSPTO_4160
1011,21,PSPTO_4183
1012,21,PSPTO_4366
1013,21,PSPTO_4611
1014,22,PSPTO_1697
1015,22,PSPTO_RS09680
1016,22,PSPTO_2132
1017,22,PSPTO_2178
1018,22,PSPTO_2179
1019,22,PSPTO_2180
1020,22,PSPTO_2636
1021,22,PSPTO_2640
1022,22,PSPTO_2722
1023,22,PSPTO_3077
1024,22,PSPTO_3290
1025,22,PSPTO_3488
1026,22,PSPTO_3489
1027,22,PSPTO_3490
1028,22,PSPTO_3493
1029,22,PSPTO_3494
1030,22,PSPTO_3495
1031,22,PSPTO_3496
1032,22,PSPTO_3497
1033,22,PSPTO_3498
1034,22,PSPTO_3499
1035,22,PSPTO_3500
1036,22,PSPTO_3675
1037,22,PSPTO_3770
1038,22,PSPTO_3771
1039,22,PSPTO_3772
1040,22,PSPTO_RS25995
1041,23,PSPTO_RS00250
1042,23,PSPTO_0569
1043,23,PSPTO_0570
1044,23,PSPTO_RS02985
1045,23,PSPTO_RS02995
1046,23,PSPTO_0573
1047,23,PSPTO_0574
1048,23,PSPTO_0575
1049,23,PSPTO_0576
1050,23,PSPTO_0577
1051,23,PSPTO_0578
1052,23,PSPTO_0579
1053,23,PSPTO_0580
1054,23,PSPTO_0752
1055,23,PSPTO_1387
1056,23,PSPTO_RS07620
1057,23,PSPTO_RS09775
1058,23,PSPTO_2241
1059,23,PSPTO_3388
1060,23,PSPTO_3389
1061,23,PSPTO_3395
1062,23,PSPTO_3396
1063,23,PSPTO_3403
1064,23,PSPTO_3406
1065,23,PSPTO_3407
1066,23,PSPTO_3408
1067,23,PSPTO_3413
1068,23,PSPTO_3416
1069,23,PSPTO_3417
1070,23,PSPTO_3418
1071,23,PSPTO_3419
1072,23,PSPTO_3420
1073,23,PSPTO_RS29925
1074,23,PSPTO_3422
1075,23,PSPTO_3423
1076,23,PSPTO_3424
1077,23,PSPTO_3425
1078,23,PSPTO_3426
1079,23,PSPTO_RS17715
1080,23,PSPTO_3427
1081,23,PSPTO_3428
1082,23,PSPTO_4015
1083,23,PSPTO_RS24375
1084,23,PSPTO_RS25695
1085,23,PSPTOA0030
1086,23,PSPTOA0032
1087,23,PSPTO_RS29625
1088,24,PSPTO_RS11325
1089,24,PSPTO_2338
1090,24,PSPTO_2339
1091,24,PSPTO_2340
1092,24,PSPTO_2341
1093,24,PSPTO_2342
1094,24,PSPTO_RS12165
1095,24,PSPTO_2407
1096,24,PSPTO_RS18225
1097,24,PSPTO_RS19265
1098,24,PSPTO_3934
1099,24,PSPTO_RS21610
1100,24,PSPTO_RS24375
1101,25,PSPTO_1918
1102,25,PSPTO_1936
1103,25,PSPTO_1942
1104,25,PSPTO_1943
1105,25,PSPTO_1944
1106,25,PSPTO_1945
1107,25,PSPTO_1946
1108,25,PSPTO_1960
1109,25,PSPTO_1961
1110,25,PSPTO_1962
1111,25,PSPTO_1973
1112,25,PSPTO_1974
1113,25,PSPTO_1975
1114,25,PSPTO_1981
1115,26,PSPTO_RS01215
1116,26,PSPTO_RS01305
1117,26,PSPTO_RS02630
1118,26,PSPTO_0680
1119,26,PSPTO_0681
1120,26,PSPTO_0682
1121,26,PSPTO_0683
1122,26,PSPTO_1447
1123,26,PSPTO_1824
1124,26,PSPTO_RS11325
1125,26,PSPTO_RS12775
1126,26,PSPTO_2463
1127,26,PSPTO_2578
1128,26,PSPTO_2579
1129,26,PSPTO_2580
1130,26,PSPTO_RS13360
1131,26,PSPTO_RS13620
1132,26,PSPTO_2633
1133,26,PSPTO_2634
1134,26,PSPTO_2635
1135,26,PSPTO_RS15425
1136,26,PSPTO_RS18225
1137,26,PSPTO_RS21610
1138,26,PSPTO_4171
1139,26,PSPTO_4182
1140,26,PSPTO_4183
1141,26,PSPTO_RS24375
1142,26,PSPTO_5265
1143,26,PSPTO_5279
1144,26,PSPTO_5525
1145,26,PSPTO_5526
1146,26,PSPTO_5527
1147,26,PSPTO_5560
1148,26,PSPTO_5561
1149,26,PSPTO_5562
1150,26,PSPTO_5563
1151,26,PSPTO_RS28925
1152,27,PSPTO_2595
1153,27,PSPTO_2596
1154,27,PSPTO_2597
1155,27,PSPTO_2598
1156,27,PSPTO_2599
1157,27,PSPTO_2600
1158,27,PSPTO_2601
1159,27,PSPTO_2602
1160,27,PSPTO_2603
1161,28,PSPTO_0152
1162,28,PSPTO_0155
1163,28,PSPTO_0274
1164,28,PSPTO_0281
1165,28,PSPTO_0330
1166,28,PSPTO_RS01765
1167,28,PSPTO_0332
1168,28,PSPTO_0675
1169,28,PSPTO_0993
1170,28,PSPTO_1304
1171,28,PSPTO_1596
1172,28,PSPTO_1625
1173,28,PSPTO_1631
1174,28,PSPTO_1632
1175,28,PSPTO_1803
1176,28,PSPTO_1805
1177,28,PSPTO_1875
1178,28,PSPTO_1885
1179,28,PSPTO_2049
1180,28,PSPTO_2069
1181,28,PSPTO_RS11215
1182,28,PSPTO_RS12950
1183,28,PSPTO_2676
1184,28,PSPTO_2677
1185,28,PSPTO_2759
1186,28,PSPTO_2760
1187,28,PSPTO_2762
1188,28,PSPTO_2895
1189,28,PSPTO_3131
1190,28,PSPTO_3133
1191,28,PSPTO_3134
1192,28,PSPTO_3245
1193,28,PSPTO_3270
1194,28,PSPTO_3271
1195,28,PSPTO_3465
1196,28,PSPTO_3478
1197,28,PSPTO_3542
1198,28,PSPTO_3687
1199,28,PSPTO_3688
1200,28,PSPTO_3917
1201,28,PSPTO_4330
1202,28,PSPTO_4484
1203,28,PSPTO_4516
1204,28,PSPTO_4906
1205,28,PSPTO_RS25695
1206,28,PSPTO_RS25950
1207,28,PSPTO_5263
1208,28,PSPTO_5558
1209,28,PSPTO_5559
1210,29,PSPTO_0312
1211,29,PSPTO_0500
1212,29,PSPTO_0506
1213,29,PSPTO_1330
1214,29,PSPTO_1331
1215,29,PSPTO_1771
1216,29,PSPTO_RS09640
1217,29,PSPTO_2184
1218,29,PSPTO_2185
1219,29,PSPTO_2186
1220,29,PSPTO_2193
1221,29,PSPTO_2217
1222,29,PSPTO_2218
1223,29,PSPTO_RS11695
1224,29,PSPTO_2725
1225,29,PSPTO_2726
1226,29,PSPTO_2945
1227,29,PSPTO_3417
1228,29,PSPTO_3508
1229,29,PSPTO_3516
1230,29,PSPTO_3517
1231,29,PSPTO_3660
1232,29,PSPTO_3748
1233,29,PSPTO_3749
1234,29,PSPTO_4170
1235,29,PSPTO_4302
1236,29,PSPTO_5087
1237,30,PSPTO_1201
1238,30,PSPTO_1678
1239,30,PSPTO_1679
1240,30,PSPTO_1680
1241,30,PSPTO_2510
1242,30,PSPTO_2681
1243,30,PSPTO_3269
1244,30,PSPTO_5175
1245,31,PSPTO_RS01705
1246,31,PSPTO_0470
1247,31,PSPTO_0471
1248,31,PSPTO_0536
1249,31,PSPTO_0728
1250,31,PSPTO_RS04585
1251,31,PSPTO_1614
1252,31,PSPTO_1623
1253,31,PSPTO_1624
1254,31,PSPTO_RS08605
1255,31,PSPTO_1768
1256,31,PSPTO_1825
1257,31,PSPTO_RS21615
1258,31,PSPTO_RS22150
1259,31,PSPTO_4637
1260,31,PSPTO_4638
1261,31,PSPTO_4849
1262,31,PSPTO_4850
1263,31,PSPTO_4851
1264,31,PSPTO_4852
1265,31,PSPTO_4853
1266,31,PSPTO_4854
1267,31,PSPTO_4855
1268,31,PSPTO_4857
1269,32,PSPTO_2449
1270,32,PSPTO_2450
1271,32,PSPTO_2451
1272,32,PSPTO_2452
1273,32,PSPTO_2453
1274,32,PSPTO_2454
1275,32,PSPTO_3077
1276,32,PSPTO_3078
1277,32,PSPTO_4204
1278,33,PSPTO_1206
1279,33,PSPTO_1212
1280,33,PSPTO_1283
1281,33,PSPTO_1284
1282,33,PSPTO_2133
1283,33,PSPTO_2134
1284,33,PSPTO_2135
1285,33,PSPTO_2136
1286,33,PSPTO_2137
1287,33,PSPTO_2138
1288,33,PSPTO_2139
1289,33,PSPTO_2140
1290,33,PSPTO_2141
1291,33,PSPTO_2142
1292,33,PSPTO_2143
1293,33,PSPTO_2144
1294,33,PSPTO_2145
1295,33,PSPTO_2146
1296,33,PSPTO_2147
1297,33,PSPTO_2148
1298,33,PSPTO_2149
1299,33,PSPTO_2150
1300,33,PSPTO_2152
1301,33,PSPTO_2153
1302,33,PSPTO_2154
1303,33,PSPTO_2155
1304,33,PSPTO_2156
1305,33,PSPTO_5624
1306,33,PSPTO_RS11190
1307,33,PSPTO_2158
1308,33,PSPTO_2159
1309,33,PSPTO_2160
1310,33,PSPTO_2161
1311,33,PSPTO_5638
1312,33,PSPTO_2601
1313,33,PSPTO_2683
1314,33,PSPTO_3692
1315,33,PSPTO_4297
1316,33,PSPTO_4459
1317,33,PSPTO_4460
1318,33,PSPTO_4461
1319,33,PSPTO_5392
1320,33,PSPTO_RS29100
1321,33,PSPTOB0007
1322,34,PSPTO_1547
1323,34,PSPTO_3101
1324,34,PSPTO_5006
1325,35,PSPTO_0927
1326,35,PSPTO_1320
1327,35,PSPTO_1771
1328,35,PSPTO_1913
1329,35,PSPTO_1914
1330,35,PSPTO_1915
1331,35,PSPTO_1916
1332,35,PSPTO_1919
1333,35,PSPTO_1920
1334,35,PSPTO_1926
1335,35,PSPTO_1933
1336,35,PSPTO_1934
1337,35,PSPTO_1935
1338,35,PSPTO_1936
1339,35,PSPTO_1939
1340,35,PSPTO_1940
1341,35,PSPTO_1941
1342,35,PSPTO_1942
1343,35,PSPTO_1955
1344,35,PSPTO_1956
1345,35,PSPTO_1957
1346,35,PSPTO_1958
1347,35,PSPTO_1959
1348,35,PSPTO_1960
1349,35,PSPTO_1968
1350,35,PSPTO_1969
1351,35,PSPTO_1970
1352,35,PSPTO_1971
1353,35,PSPTO_1972
1354,35,PSPTO_1974
1355,35,PSPTO_1976
1356,35,PSPTO_1977
1357,35,PSPTO_1978
1358,35,PSPTO_1986
1359,35,PSPTO_2700
1360,35,PSPTO_3660
1361,35,PSPTO_3821
1362,36,PSPTO_0615
1363,36,PSPTO_0616
1364,36,PSPTO_0617
1365,36,PSPTO_0618
1366,36,PSPTO_0627
1367,36,PSPTO_0628
1368,36,PSPTO_0629
1369,36,PSPTO_0630
1370,36,PSPTO_0631
1371,36,PSPTO_0632
1372,36,PSPTO_0633
1373,36,PSPTO_0634
1374,36,PSPTO_0635
1375,36,PSPTO_0636
1376,36,PSPTO_0637
1377,36,PSPTO_0638
1378,36,PSPTO_0639
1379,36,PSPTO_0641
1380,36,PSPTO_0642
1381,36,PSPTO_0643
1382,36,PSPTO_0644
1383,36,PSPTO_0645
1384,36,PSPTO_0646
1385,36,PSPTO_0647
1386,36,PSPTO_0650
1387,36,PSPTO_0651
1388,36,PSPTO_0652
1389,36,PSPTO_4930
1390,36,PSPTO_4931
1391,36,PSPTO_4932
1392,36,PSPTO_4933
1393,36,PSPTO_5598
1394,36,PSPTO_5600
1395,37,PSPTO_5633
1396,37,PSPTO_RS00055
1397,37,PSPTO_0011
1398,37,PSPTO_RS29830
1399,37,PSPTO_0061
1400,37,PSPTO_0097
1401,37,PSPTO_0209
1402,37,PSPTO_0210
1403,37,PSPTO_0211
1404,37,PSPTO_0272
1405,37,PSPTO_0370
1406,37,PSPTO_0371
1407,37,PSPTO_0501
1408,37,PSPTO_0502
1409,37,PSPTO_0503
1410,37,PSPTO_0524
1411,37,PSPTO_0588
1412,37,PSPTO_0589
1413,37,PSPTO_0834
1414,37,PSPTO_0835
1415,37,PSPTO_0836
1416,37,PSPTO_0837
1417,37,PSPTO_0838
1418,37,PSPTO_RS04450
1419,37,PSPTO_0851
1420,37,PSPTO_0852
1421,37,PSPTO_0867
1422,37,PSPTO_0871
1423,37,PSPTO_RS04625
1424,37,PSPTO_0873
1425,37,PSPTO_0874
1426,37,PSPTO_0875
1427,37,PSPTO_0876
1428,37,PSPTO_0877
1429,37,PSPTO_0883
1430,37,PSPTO_RS04765
1431,37,PSPTO_1022
1432,37,PSPTO_1369
1433,37,PSPTO_1370
1434,37,PSPTO_1372
1435,37,PSPTO_1373
1436,37,PSPTO_1374
1437,37,PSPTO_1375
1438,37,PSPTO_1376
1439,37,PSPTO_1377
1440,37,PSPTO_1378
1441,37,PSPTO_1379
1442,37,PSPTO_1380
1443,37,PSPTO_1381
1444,37,PSPTO_1382
1445,37,PSPTO_1383
1446,37,PSPTO_1384
1447,37,PSPTO_1385
1448,37,PSPTO_1386
1449,37,PSPTO_1387
1450,37,PSPTO_1388
1451,37,PSPTO_1389
1452,37,PSPTO_1390
1453,37,PSPTO_1391
1454,37,PSPTO_1392
1455,37,PSPTO_1393
1456,37,PSPTO_1394
1457,37,PSPTO_1395
1458,37,PSPTO_1396
1459,37,PSPTO_1397
1460,37,PSPTO_1398
1461,37,PSPTO_1399
1462,37,PSPTO_1400
1463,37,PSPTO_1401
1464,37,PSPTO_1402
1465,37,PSPTO_1403
1466,37,PSPTO_1404
1467,37,PSPTO_1405
1468,37,PSPTO_1406
1469,37,PSPTO_1409
1470,37,PSPTO_RS08210
1471,37,PSPTO_1697
1472,37,PSPTO_RS09680
1473,37,PSPTO_2105
1474,37,PSPTO_2128
1475,37,PSPTO_2129
1476,37,PSPTO_2130
1477,37,PSPTO_2131
1478,37,PSPTO_2310
1479,37,PSPTO_2636
1480,37,PSPTO_2637
1481,37,PSPTO_2678
1482,37,PSPTO_2690
1483,37,PSPTO_2729
1484,37,PSPTO_RS14445
1485,37,PSPTO_RS14450
1486,37,PSPTO_3000
1487,37,PSPTO_3087
1488,37,PSPTO_3223
1489,37,PSPTO_3770
1490,37,PSPTO_3772
1491,37,PSPTO_3892
1492,37,PSPTO_4001
1493,37,PSPTO_4101
1494,37,PSPTO_4203
1495,37,PSPTO_4331
1496,37,PSPTO_RS22455
1497,37,PSPTO_4333
1498,37,PSPTO_4334
1499,37,PSPTO_RS23745
1500,37,PSPTO_4589
1501,37,PSPTO_4597
1502,37,PSPTO_4599
1503,37,PSPTO_4691
1504,37,PSPTO_4699
1505,37,PSPTO_4703
1506,37,PSPTO_4704
1507,37,PSPTO_4705
1508,37,PSPTO_RS24330
1509,37,PSPTO_4718
1510,37,PSPTO_4720
1511,37,PSPTO_4721
1512,37,PSPTO_4722
1513,37,PSPTO_4727
1514,37,PSPTO_RS24465
1515,37,PSPTO_4733
1516,37,PSPTO_4776
1517,37,PSPTO_5052
1518,37,PSPTO_5053
1519,37,PSPTO_5240
1520,37,PSPTO_5353
1521,37,PSPTO_5354
1522,37,PSPTO_5355
1523,37,PSPTO_5510
1524,37,PSPTO_5511
1525,37,PSPTO_RS29090
1526,37,PSPTOB0005
1527,37,PSPTOA0005
1528,37,PSPTOA0012
1529,37,PSPTOA0017
1530,37,PSPTOA0018
1531,37,PSPTOA0019
1532,38,PSPTO_RS00465
1533,38,PSPTO_0119
1534,38,PSPTO_0127
1535,38,PSPTO_0152
1536,38,PSPTO_0154
1537,38,PSPTO_0155
1538,38,PSPTO_0156
1539,38,PSPTO_0219
1540,38,PSPTO_0220
1541,38,PSPTO_RS01215
1542,38,PSPTO_0281
1543,38,PSPTO_0304
1544,38,PSPTO_0318
1545,38,PSPTO_0333
1546,38,PSPTO_RS01965
1547,38,PSPTO_0374
1548,38,PSPTO_0380
1549,38,PSPTO_0388
1550,38,PSPTO_0389
1551,38,PSPTO_0451
1552,38,PSPTO_0453
1553,38,PSPTO_0463
1554,38,PSPTO_0464
1555,38,PSPTO_0468
1556,38,PSPTO_0469
1557,38,PSPTO_0507
1558,38,PSPTO_RS03535
1559,38,PSPTO_0675
1560,38,PSPTO_0676
1561,38,PSPTO_0742
1562,38,PSPTO_0743
1563,38,PSPTO_0744
1564,38,PSPTO_0749
1565,38,PSPTO_0750
1566,38,PSPTO_0752
1567,38,PSPTO_0764
1568,38,PSPTO_0891
1569,38,PSPTO_0993
1570,38,PSPTO_1164
1571,38,PSPTO_1185
1572,38,PSPTO_1195
1573,38,PSPTO_1196
1574,38,PSPTO_1202
1575,38,PSPTO_1207
1576,38,PSPTO_1232
1577,38,PSPTO_1233
1578,38,PSPTO_1234
1579,38,PSPTO_1235
1580,38,PSPTO_1236
1581,38,PSPTO_1237
1582,38,PSPTO_1238
1583,38,PSPTO_1239
1584,38,PSPTO_1240
1585,38,PSPTO_1241
1586,38,PSPTO_1242
1587,38,PSPTO_1243
1588,38,PSPTO_1338
1589,38,PSPTO_1363
1590,38,PSPTO_1379
1591,38,PSPTO_1391
1592,38,PSPTO_1410
1593,38,PSPTO_1417
1594,38,PSPTO_1485
1595,38,PSPTO_1489
1596,38,PSPTO_1490
1597,38,PSPTO_1491
1598,38,PSPTO_1506
1599,38,PSPTO_1507
1600,38,PSPTO_1511
1601,38,PSPTO_1512
1602,38,PSPTO_1513
1603,38,PSPTO_1588
1604,38,PSPTO_1594
1605,38,PSPTO_1596
1606,38,PSPTO_1607
1607,38,PSPTO_1608
1608,38,PSPTO_1619
1609,38,PSPTO_1625
1610,38,PSPTO_1631
1611,38,PSPTO_1632
1612,38,PSPTO_1633
1613,38,PSPTO_1707
1614,38,PSPTO_1730
1615,38,PSPTO_1731
1616,38,PSPTO_1739
1617,38,PSPTO_1824
1618,38,PSPTO_1847
1619,38,PSPTO_1870
1620,38,PSPTO_1910
1621,38,PSPTO_1949
1622,38,PSPTO_RS10440
1623,38,PSPTO_2016
1624,38,PSPTO_2023
1625,38,PSPTO_2029
1626,38,PSPTO_2042
1627,38,PSPTO_2048
1628,38,PSPTO_2051
1629,38,PSPTO_2054
1630,38,PSPTO_RS10655
1631,38,PSPTO_2071
1632,38,PSPTO_2207
1633,38,PSPTO_2247
1634,38,PSPTO_RS11670
1635,38,PSPTO_2256
1636,38,PSPTO_2350
1637,38,PSPTO_2377
1638,38,PSPTO_RS12775
1639,38,PSPTO_2467
1640,38,PSPTO_2470
1641,38,PSPTO_2471
1642,38,PSPTO_2492
1643,38,PSPTO_2500
1644,38,PSPTO_2506
1645,38,PSPTO_2510
1646,38,PSPTO_2605
1647,38,PSPTO_2622
1648,38,PSPTO_2649
1649,38,PSPTO_2650
1650,38,PSPTO_2659
1651,38,PSPTO_RS13850
1652,38,PSPTO_2684
1653,38,PSPTO_2695
1654,38,PSPTO_2716
1655,38,PSPTO_2734
1656,38,PSPTO_2748
1657,38,PSPTO_2760
1658,38,PSPTO_2769
1659,38,PSPTO_2807
1660,38,PSPTO_2895
1661,38,PSPTO_2896
1662,38,PSPTO_2952
1663,38,PSPTO_3016
1664,38,PSPTO_3114
1665,38,PSPTO_3115
1666,38,PSPTO_3123
1667,38,PSPTO_3125
1668,38,PSPTO_3126
1669,38,PSPTO_3127
1670,38,PSPTO_3130
1671,38,PSPTO_3165
1672,38,PSPTO_3174
1673,38,PSPTO_3230
1674,38,PSPTO_3264
1675,38,PSPTO_3296
1676,38,PSPTO_3308
1677,38,PSPTO_3309
1678,38,PSPTO_3311
1679,38,PSPTO_3312
1680,38,PSPTO_3313
1681,38,PSPTO_3314
1682,38,PSPTO_3315
1683,38,PSPTO_3316
1684,38,PSPTO_3317
1685,38,PSPTO_3343
1686,38,PSPTO_3378
1687,38,PSPTO_3465
1688,38,PSPTO_3478
1689,38,PSPTO_RS18015
1690,38,PSPTO_3502
1691,38,PSPTO_3503
1692,38,PSPTO_3504
1693,38,PSPTO_3527
1694,38,PSPTO_3545
1695,38,PSPTO_3546
1696,38,PSPTO_3580
1697,38,PSPTO_RS18670
1698,38,PSPTO_3626
1699,38,PSPTO_3655
1700,38,PSPTO_RS19045
1701,38,PSPTO_3700
1702,38,PSPTO_3701
1703,38,PSPTO_3704
1704,38,PSPTO_3708
1705,38,PSPTO_RS19170
1706,38,PSPTO_3748
1707,38,PSPTO_3768
1708,38,PSPTO_3857
1709,38,PSPTO_3882
1710,38,PSPTO_3883
1711,38,PSPTO_3890
1712,38,PSPTO_4020
1713,38,PSPTO_4084
1714,38,PSPTO_4103
1715,38,PSPTO_4134
1716,38,PSPTO_4135
1717,38,PSPTO_4143
1718,38,PSPTO_4222
1719,38,PSPTO_4223
1720,38,PSPTO_4224
1721,38,PSPTO_4237
1722,38,PSPTO_4282
1723,38,PSPTO_4349
1724,38,PSPTO_4350
1725,38,PSPTO_4356
1726,38,PSPTO_4357
1727,38,PSPTO_4381
1728,38,PSPTO_4484
1729,38,PSPTO_4516
1730,38,PSPTO_RS23455
1731,38,PSPTO_4546
1732,38,PSPTO_4555
1733,38,PSPTO_4577
1734,38,PSPTO_4578
1735,38,PSPTO_4586
1736,38,PSPTO_4652
1737,38,PSPTO_4673
1738,38,PSPTO_RS24375
1739,38,PSPTO_4772
1740,38,PSPTO_4780
1741,38,PSPTO_4840
1742,38,PSPTO_4843
1743,38,PSPTO_4903
1744,38,PSPTO_RS25355
1745,38,PSPTO_4906
1746,38,PSPTO_4974
1747,38,PSPTO_RS25995
1748,38,PSPTO_5165
1749,38,PSPTO_5169
1750,38,PSPTO_5170
1751,38,PSPTO_5226
1752,38,PSPTO_5340
1753,38,PSPTO_5351
1754,38,PSPTO_5390
1755,38,PSPTO_5407
1756,38,PSPTO_5408
1757,38,PSPTO_5492
1758,38,PSPTO_5502
1759,38,PSPTO_5529
1760,38,PSPTOA0002
1761,38,PSPTOA0003
1762,38,PSPTO_RS29505
1763,38,PSPTOA0012
1764,38,PSPTO_RS29525
1765,38,PSPTOA0014
1766,38,PSPTOA0015
1767,38,PSPTOA0017
1768,38,PSPTOA0018
1769,38,PSPTOA0019
1770,38,PSPTOA0027
1771,38,PSPTOA0030
1772,38,PSPTOA0031
1773,38,PSPTOA0032
1774,38,PSPTO_RS29625
1775,38,PSPTOA0035
1776,38,PSPTOA0036
1777,38,PSPTOA0037
1778,38,PSPTOA0039
1779,38,PSPTOA0057
1780,38,PSPTOA0058
1781,38,PSPTOA0061
1782,38,PSPTOA0064
1783,38,PSPTOA0065
1784,38,PSPTO_RS29995
1785,39,PSPTO_0202
1786,39,PSPTO_0203
1787,39,PSPTO_RS01075
1788,39,PSPTO_0749
1789,39,PSPTO_0750
1790,39,PSPTO_0752
1791,39,PSPTO_0753
1792,39,PSPTO_0910
1793,39,PSPTO_0912
1794,39,PSPTO_0913
1795,39,PSPTO_0914
1796,39,PSPTO_RS06455
1797,39,PSPTO_2589
1798,39,PSPTO_2828
1799,39,PSPTO_2829
1800,39,PSPTO_2830
1801,39,PSPTO_2831
1802,39,PSPTO_2832
1803,39,PSPTO_2871
1804,39,PSPTO_2872
1805,39,PSPTO_2873
1806,39,PSPTO_2874
1807,39,PSPTO_2875
1808,39,PSPTO_2876
1809,39,PSPTO_2877
1810,39,PSPTO_2878
1811,39,PSPTO_2879
1812,39,PSPTO_3332
1813,39,PSPTO_3640
1814,39,PSPTO_3641
1815,39,PSPTO_RS18825
1816,39,PSPTO_3660
1817,39,PSPTO_3661
1818,39,PSPTO_3663
1819,39,PSPTO_RS18945
1820,39,PSPTO_RS18950
1821,39,PSPTO_3806
1822,39,PSPTO_4160
1823,39,PSPTO_4460
1824,39,PSPTO_4849
1825,39,PSPTO_5406
1826,39,PSPTO_5407
1827,39,PSPTO_5408
1828,40,PSPTO_0049
1829,40,PSPTO_0050
1830,40,PSPTO_0051
1831,40,PSPTO_0200
1832,40,PSPTO_RS01055
1833,40,PSPTO_0201
1834,40,PSPTO_0202
1835,40,PSPTO_0203
1836,40,PSPTO_RS01075
1837,40,PSPTO_RS01295
1838,40,PSPTO_0501
1839,40,PSPTO_0588
1840,40,PSPTO_0669
1841,40,PSPTO_0836
1842,40,PSPTO_RS04760
1843,40,PSPTO_1023
1844,40,PSPTO_RS05815
1845,40,PSPTO_RS06170
1846,40,PSPTO_RS06450
1847,40,PSPTO_1222
1848,40,PSPTO_1613
1849,40,PSPTO_RS11325
1850,40,PSPTO_2429
1851,40,PSPTO_2430
1852,40,PSPTO_2431
1853,40,PSPTO_RS14670
1854,40,PSPTO_RS16620
1855,40,PSPTO_RS16640
1856,40,PSPTO_RS17680
1857,40,PSPTO_3616
1858,40,PSPTO_RS18680
1859,40,PSPTO_3929
1860,40,PSPTO_3930
1861,40,PSPTO_3995
1862,40,PSPTO_4009
1863,40,PSPTO_RS21700
1864,40,PSPTO_4345
1865,40,PSPTO_4387
1866,40,PSPTO_RS22740
1867,40,PSPTO_4634
1868,40,PSPTO_RS23990
1869,40,PSPTO_4635
1870,40,PSPTO_4733
1871,40,PSPTO_4741
1872,40,PSPTO_4742
1873,40,PSPTO_4743
1874,40,PSPTO_4744
1875,40,PSPTO_4746
1876,40,PSPTO_4767
1877,40,PSPTO_4835
1878,40,PSPTO_4967
1879,40,PSPTO_RS25690
1880,40,PSPTO_RS26885
1881,40,PSPTO_5206
1882,40,PSPTO_5207
1883,40,PSPTO_5209
1884,40,PSPTO_RS26910
1885,40,PSPTO_RS27750
1886,40,PSPTO_5373
1887,40,PSPTO_RS27995
1888,40,PSPTO_RS28000
1889,40,PSPTO_5646
1890,40,PSPTO_5645
1891,40,PSPTO_5461
1892,40,PSPTO_5565
1893,40,PSPTOB0043
1894,41,PSPTO_RS02635
1895,41,PSPTO_RS11875
1896,41,PSPTO_RS19070
1897,41,PSPTO_4055
1898,41,PSPTO_RS25895
1899,42,PSPTO_RS04990
1900,42,PSPTO_RS09775
1901,42,PSPTO_RS11075
1902,42,PSPTO_2240
1903,42,PSPTO_RS11875
1904,42,PSPTO_RS18715
1905,43,PSPTO_RS00250
1906,43,PSPTO_0526
1907,43,PSPTO_RS04610
1908,43,PSPTO_RS08610
1909,43,PSPTO_RS11325
1910,43,PSPTO_3384
1911,43,PSPTO_3416
1912,43,PSPTO_3426
1913,43,PSPTO_RS21330
1914,43,PSPTO_RS25230
1915,43,PSPTO_RS26115
1916,43,PSPTO_RS26690
1917,43,PSPTO_5497
1918,44,PSPTO_0679
1919,44,PSPTO_1428
1920,44,PSPTO_1429
1921,44,PSPTO_RS12050
1922,44,PSPTO_3582
1923,44,PSPTO_RS21030
1924,44,PSPTO_4459
1925,44,PSPTO_4460
1926,44,PSPTO_4461
1927,44,PSPTO_4462
