k,name,regulator_readable,function,category,n_genes,exp_var,precision,recall,category_num
0,Nitrogen,NtrC,"Nitrogen stress response: ntrB/ntrC two component system, glnK, amtB, utilization of alternate nitrogen sources: urea (conversion of urea to ammonia), amino acids (transporters), pyrimidines (rutABCD), allantoin (allantoin permease), GABA (GABA permease)",Metabolism,33,0.3638259566,0.151515,0.5,0
1,Unchar-1,,"colR/colS two component system, pyruvate metabolism, insecticidal toxins, groES, glycerol uptake, etc.",Uncharacterized,88,0.09782665730000001,,,1
2,Chemotaxis,,"crp, csrA, flgM, chemotaxis proteins, membrane components, fliC, methyl accepting chemotaxis proteins, glycosyltransferase, several genes involved in signal transduction, flagellar genes: hook-associated proteins, filament capping protein, motor protein, motor stator protein",Motility,110,1.2663363466,,,2
3,Sulfur-1,,"Taurine, alkane sulfonate, cysteine, and methionine transport",Metabolism,62,0.8077764508,,,3
4,Recombination,,"Recombinases family proteins, several genes of unknown function",Stress Response,60,3.6040224658,,,4
5,Unchar-4,,"Zinc transporters, cadA, rpme-1, iron transporters and receptors",Uncharacterized,26,0.26013003630000003,,,5
6,IS-elements,,"transposases, ptrB",Genomic,82,0.2227015531,,,6
7,Unchar-9,PSPTO_3698,"molybdenum cofactor-associated genes: moaA, fdhD, oxidoreductase (molydopterin binding protein); xanyhine dehydrogenase subunits (xdhAB) and xanthine dehydrogenase accessory protein (xdhC)",Uncharacterized,12,1.6388544611,0.25,0.75,7
8,Alginate,,"Alginate biosynthesis, phenol degradation protein, benzaldehyde dehydrogenase, dimethylglycine demethylation, genes involved in amino acid transport and metabolism",Exometabolites,20,0.4681388395,,,8
9,Resistance-1,,"MarR transcriptional regulator, efflux transporter subunits (RND, MFS, etc.), sulforaphane/aliphatic isothiocyanate, resistance proteins (saxAF)",Stress Response,56,1.4477274062,,,9
10,Sulfur-2,,"Sulfur starvation response protein (oscA), alkane sulfonate transporters, sulfate transporters, amino acid transporters",Metabolism,32,1.5036512778,,,10
11,Unchar-6,,uncharacterized,Uncharacterized,43,0.6282692082,,,11
12,Plasmid,,"Plasmid genes: conjugal transfer proteins, DNA primase, glycoside hydrolase, mobilization proteins, type III effectors, integrase, UV resistance protein A, replication initiation protein; efflux transporters, glycine metabolism, sarcosine oxidase subunits ( likely due to plasmid manipulation)",Genomic,80,0.6111008681,,,12
13,Transport,,"Transport of inorganic ions, amino acids, carbohydrates, and lipids; membrane proteins; carbon starvation protein A; tryptophan synthesis; syringafactin synthesis",Metabolism,95,6.3585376289,,,13
14,Chaperone,,"Chaperones, heat shock proteins, proteins involved in repair processes other than in response to heat shock, ATP-dependent protease ATPase subunits",Stress Response,35,0.4967178715,,,14
15,Coronatine,,Coronatine biosynthesis: coronamic acid and coronafacic acid; alginate biosynthesis; type III effectors,Exometabolites,37,1.2604817858000001,,,15
16,Unchar-8,,"fur, ribosomal proteins (rpsT, rplS, rpmE), ribosomal modulation factor, cold shock proteins, bacterioferritin, bacterioferritin-associated ferredoxin, transposases",Uncharacterized,43,1.450440005,,,16
17,Unchar-2,,"oxidative stress response: pqq, kdpf, organic hydroperoxide resistance protein, pirin (ortholog); nusA",Uncharacterized,36,0.15392661230000002,,,17
18,Translation-2,,"Ribosome maturation factor, rho, rpsU, rpiU",Translation,17,1.0519291492,,,18
19,single_gene_1,,"baeR, exdb, unknown genes",Noise,6,0.11598190010000001,,,19
20,single_gene_2,,"helix-turn-helix domain-containing protein, IS element, holin, kdpF, genes of unknown function",Noise,12,0.0775806264,,,20
21,Fe/Protein Transport,,"Iron starvation response: PvdS,  FoxR (ortholog), other sigma factors associated with iron starvation response, bacterioferritin, bacterioferritin-associated ferredoxin, energy transduction (exbBD), TonB-dependent siderophore receptors ",Metal Uptake,29,0.5100576127,,,21
22,Carbon Starvation-2,,Inositol phosphate and galactose metabolism,Metabolism,27,1.4333783156,,,22
23,Phage,,"prtN, ptrB, prophage genes associated with pyocin production in Pseudomonas aeruginosa",Genomic,47,0.2575688894,,,23
24,Protocatechuate,,Benzoate degradation: pcaBCGHK,Metabolism,13,0.1406554253,,,24
25,Flagella-2,,"Glycosyltransferase, flagellar biosynthesis and assembly: hook, P-ring, export ATPase, chaperone, type III secretion system; cheZ",Motility,14,0.49321176840000003,,,25
26,Zur,PSPTO_5267,"Zinc transporters, cadA, rpme-1, iron transporters, and receptors",Metal Uptake,37,0.2879291986,0.216216,0.727273,26
27,Yersiniabactin,,Biosynthesis and transport of yersiniabactin,Exometabolites,9,11.2399133577,,,27
28,Osmotic Stress,,"Osmotic/water stress resistance: osmoprotectants, compatible solute production; oxidative stress resistance ",Stress Response,49,2.0531875735,,,28
29,Fatty Acid,PsrA,"psrA, fadAB, etfAB, genes with multiple drug resistance domains",Metabolism,27,1.4478672984,0.296296,0.727273,29
30,Unchar-3,,"phoP/phoQ two component system, phosphate ABC transporter, pyruvate dehydrogenase, pbpG",Uncharacterized,8,0.1960936916,,,30
31,Carbon Starvation-1,,"Carbon starvation response: carbon starvation protein A, acetate utilization; pilin assembly: tadABCZ (homologs), rcpAC (homologs), flp family type IVb pilin",Metabolism,24,0.8920310346,,,31
32,Folate,,"Tetrahydrofolate production: soxGADB, folD, purU",Metabolism,9,0.6000975164,,,32
33,Pyoverdine,PvdS,"Biosynthesis and transport of pyoverdine, metal transporters",Exometabolites,44,6.0432929703,0.272727,0.705882,33
34,Unchar-7,,"lipid-A-disaccharide synthase, TolC family protein, dihydrolipoyllysine-residue acetyltransferase",Uncharacterized,3,0.7355970851,,,34
35,Flagella-1,,"fleS/fleR two component system, flagellar biosynthesis and assembly: rod; hook; L; M, and P ring; hook and basal body complex; motor switch; flagellar type III secretion system",Motility,37,2.012189839,,,35
36,Translation-1,,"Ribosomal proteins, atpCG, secY, rpoA",Translation,33,1.3217536218000001,,,36
37,T3SS,,"hrpR, hrpS, hrpL, coronatine biosynthesis activation: corP, corR/corS two component system, type III effectors, type III secretion system chaperones, type III secretion system components, type III secretion proteins, type III helper protein, type III restriction system endonuclease,ribosome modulation factor, HPr kinase, pectate lyase, flagellar hook length control protein",Exometabolites,137,1.7293184916,,,37
38,AlgU,AlgU,"algU (rpoE),  hrpR, alginate biosynthesis, stress resistance: oxidative, osmotic, heat, UV, and metal ion stress",Stress Response,253,2.8083511576999998,0.209486,0.697368,38
39,Resistance-2,CueR,"Syringafactin production and efflux, cueR, copper transport, chemotaxis, uric acid production, virulence factor srfB, virulence effector srfC, bacterioferritin, Flp type IV pilin",Stress Response,43,3.3904131536,0.069767,1.0,39
40,Unchar-5,,"several unknown genes, type III effectors, cold shock domain-containing proteins, RNA-directed DNA polymerase, integrase, cysteine synthase familiy proteins",Uncharacterized,66,0.47527245,,,40
41,single_gene_3,,genes of unknown function,Noise,5,0.1407254684,,,41
42,single_gene_4,,"helix-turn-helix domain-containing protein, genes of unknown function",Noise,6,0.1151292072,,,42
43,single_gene_5,,"holin, genes of unknown function",Noise,13,0.1664463727,,,43
44,Fe-S/Oxidative Stress,,"Fe-S cluster assembly, oxidative stress resistance: sodA, fumC, katB, catalase ",Stress Response,10,1.3871201411,,,44
