,iModulon,Gene
0,0,b1137
1,0,b1138
2,0,b1139
3,0,b1140
4,0,b1141
5,0,b1143
6,0,b1144
7,0,b1145
8,0,b1155
9,0,b1156
10,0,b1159
11,0,b4519
12,0,b1160
13,1,b1085
14,1,b3808
15,1,b4223
16,2,b4721
17,3,b0034
18,3,b0287
19,3,b0318
20,3,b0328
21,3,b0329
22,3,b0382
23,3,b0383
24,3,b0392
25,3,b0459
26,3,b0460
27,3,b0559
28,3,b0562
29,3,b0841
30,3,b0842
31,3,b0847
32,3,b0848
33,3,b0875
34,3,b0900
35,3,b0901
36,3,b0946
37,3,b0986
38,3,b1044
39,3,b1056
40,3,b1057
41,3,b1162
42,3,b1163
43,3,b1171
44,3,b1172
45,3,b1174
46,3,b1177
47,3,b1216
48,3,b1217
49,3,b1250
50,3,b4522
51,3,b4523
52,3,b1329
53,3,b1431
54,3,b1489
55,3,b1490
56,3,b4409
57,3,b1625
58,3,b1626
59,3,b1703
60,3,b1902
61,3,b1905
62,3,b1915
63,3,b1968
64,3,b1969
65,3,b2175
66,3,b2251
67,3,b2354
68,3,b2471
69,3,b2603
70,3,b2604
71,3,b2605
72,3,b2669
73,3,b2753
74,3,b2756
75,3,b3219
76,3,b3267
77,3,b3512
78,3,b3518
79,3,b3520
80,3,b3533
81,3,b3534
82,3,b3535
83,3,b3536
84,3,b3537
85,3,b3538
86,3,b3561
87,3,b3567
88,3,b3642
89,3,b3661
90,3,b4555
91,3,b3862
92,3,b3922
93,3,b3923
94,3,b4133
95,3,b4184
96,3,b4657
97,3,b4342
98,4,b0828
99,4,b0829
100,4,b0830
101,4,b1287
102,4,b1729
103,4,b1917
104,4,b1918
105,4,b1919
106,4,b1920
107,4,b1987
108,4,b2012
109,4,b2013
110,4,b2157
111,4,b2414
112,4,b2421
113,4,b2422
114,4,b2423
115,4,b2424
116,4,b2425
117,4,b2749
118,4,b2750
119,4,b2751
120,4,b2752
121,4,b2762
122,4,b2763
123,4,b2764
124,4,b3661
125,4,b3917
126,4,b4720
127,4,b4721
128,4,b4326
129,5,b0123
130,5,b0484
131,5,b0570
132,5,b0571
133,5,b0572
134,5,b0573
135,5,b0574
136,5,b0575
137,5,b0576
138,5,b1968
139,5,b1969
140,6,b0372
141,6,b0373
142,6,b0541
143,6,b0543
144,6,b4733
145,6,b0544
146,6,b0545
147,6,b0546
148,6,b1026
149,6,b1027
150,7,b4755
151,8,b4519
152,8,b4548
153,9,b0009
154,9,b0014
155,9,b0023
156,9,b0134
157,9,b0168
158,9,b0426
159,9,b0525
160,9,b0578
161,9,b0888
162,9,b0963
163,9,b0970
164,9,b1277
165,9,b1283
166,9,b1431
167,9,b1539
168,9,b1561
169,9,b1613
170,9,b1641
171,9,b1651
172,9,b1662
173,9,b1779
174,9,b1983
175,9,b2171
176,9,b2268
177,9,b2343
178,9,b2829
179,9,b2830
180,9,b3065
181,9,b3185
182,9,b3186
183,9,b3347
184,9,b3414
185,9,b3602
186,9,b3612
187,9,b3619
188,9,b3999
189,9,b4039
190,9,b4147
191,9,b4214
192,9,b4226
193,9,b4375
194,10,b0306
195,10,b0307
196,10,b0308
197,10,b1206
198,10,b1661
199,10,b2141
200,10,b2142
201,10,b2143
202,10,b3755
203,10,b4116
204,11,b0241
205,11,b0383
206,11,b0399
207,11,b0400
208,11,b3723
209,11,b3724
210,11,b3725
211,11,b3726
212,11,b3727
213,11,b3728
214,12,b1037
215,12,b1038
216,12,b1039
217,12,b1040
218,13,b4737
219,14,b0894
220,14,b0895
221,14,b0896
222,14,b0903
223,14,b1127
224,14,b1256
225,14,b1257
226,14,b1258
227,14,b1474
228,14,b1587
229,14,b1588
230,14,b1589
231,14,b1590
232,14,b1751
233,14,b1752
234,14,b1753
235,14,b1754
236,14,b1757
237,14,b1797
238,14,b2727
239,14,b2728
240,14,b2729
241,14,b2730
242,14,b2995
243,14,b2996
244,14,b3159
245,14,b3366
246,14,b3367
247,14,b3408
248,14,b3410
249,14,b3476
250,14,b3479
251,14,b3518
252,14,b4122
253,14,b4151
254,14,b4152
255,14,b4153
256,14,b4154
257,14,b4237
258,14,b4238
259,14,b4715
260,14,b4334
261,14,b4379
262,15,b0114
263,15,b2579
264,15,b4471
265,15,b3113
266,15,b3114
267,15,b3115
268,15,b3116
269,15,b3117
270,15,b3118
271,15,b4130
272,15,b4131
273,15,b4132
274,16,b4314
275,16,b4315
276,16,b4316
277,16,b4317
278,16,b4318
279,16,b4319
280,16,b4320
281,17,b0032
282,17,b0033
283,17,b0034
284,17,b0336
285,17,b0337
286,17,b0945
287,17,b2497
288,17,b2498
289,17,b4243
290,17,b4244
291,17,b4245
292,17,b4246
293,18,b1223
294,18,b1224
295,18,b1225
296,18,b1226
297,18,b1227
298,18,b1228
299,18,b1474
300,18,b1475
301,18,b2207
302,18,b2208
303,18,b3367
304,18,b3369
305,19,b0124
306,19,b0411
307,19,b0797
308,19,b0802
309,19,b1112
310,19,b1339
311,19,b1520
312,19,b1528
313,19,b1657
314,19,b1685
315,19,b1962
316,19,b1963
317,19,b2141
318,19,b2143
319,19,b2508
320,19,b2597
321,19,b2924
322,19,b3238
323,19,b3357
324,19,b3364
325,19,b3403
326,19,b3662
327,19,b4030
328,19,b4060
329,19,b4111
330,20,b0590
331,20,b1671
332,20,b1672
333,20,b1673
334,20,b1674
335,20,b1705
336,20,b2147
337,20,b2155
338,20,b3408
339,20,b3409
340,20,b3410
341,21,b1436
342,21,b2238
343,21,b2848
344,22,b4034
345,23,b0756
346,23,b0757
347,23,b0758
348,23,b0759
349,23,b2148
350,23,b2943
351,24,b0115
352,24,b4352
353,24,b4353
354,24,b4354
355,25,b4503
356,26,b0327
357,26,b0498
358,26,b0564
359,26,b0702
360,26,b4735
361,26,b1137
362,26,b1353
363,26,b4744
364,26,b1457
365,26,b4748
366,26,b1550
367,26,b1557
368,26,b4571
369,26,b2032
370,26,b2033
371,26,b2034
372,26,b2035
373,26,b2036
374,26,b2037
375,26,b2038
376,26,b2039
377,26,b2352
378,26,b2642
379,26,b2858
380,26,b3512
381,26,b3622
382,26,b3623
383,26,b3624
384,26,b3625
385,26,b3626
386,26,b3627
387,26,b3628
388,26,b3629
389,26,b3817
390,26,b4721
391,27,b3547
392,28,b3573
393,28,b3574
394,28,b3575
395,28,b3576
396,28,b3577
397,28,b3578
398,28,b3579
399,28,b3580
400,28,b3581
401,28,b3582
402,28,b3583
403,29,b4610
404,30,b2713
405,30,b2720
406,30,b2721
407,30,b2722
408,30,b2723
409,30,b2724
410,30,b2725
411,30,b4079
412,31,b0220
413,31,b0379
414,31,b0412
415,31,b0439
416,31,b0608
417,31,b0753
418,31,b1110
419,31,b1171
420,31,b1172
421,31,b1283
422,31,b1379
423,31,b1414
424,31,b1481
425,31,b1536
426,31,b1537
427,31,b1639
428,31,b1743
429,31,b1951
430,31,b2086
431,31,b2347
432,31,b2390
433,31,b2466
434,31,b2671
435,31,b2716
436,31,b2753
437,31,b2809
438,31,b2833
439,31,b2921
440,31,b2922
441,31,b2936
442,31,b2943
443,31,b3055
444,31,b3153
445,31,b3552
446,31,b4553
447,31,b4026
448,31,b4487
449,31,b4241
450,31,b4376
451,31,b4568
452,32,b4662
453,32,b3901
454,32,b3902
455,32,b3903
456,32,b3904
457,32,b3905
458,32,b3906
459,32,b3907
460,33,b1420
461,33,b4453
462,34,b2838
463,34,b3221
464,34,b3222
465,34,b3223
466,34,b3224
467,34,b3225
468,34,b4279
469,34,b4280
470,34,b4309
471,34,b4311
472,35,b0221
473,35,b0443
474,35,b0557
475,35,b0954
476,35,b4520
477,35,b1187
478,35,b1551
479,35,b2341
480,35,b2342
481,35,b3081
482,35,b3845
483,35,b3846
484,35,b3963
485,36,b1630
486,36,b1631
487,36,b1632
488,36,b3651
489,36,b3652
490,36,b3786
491,36,b3787
492,36,b3788
493,36,b3789
494,36,b3790
495,37,b2673
496,37,b2674
497,37,b2675
498,37,b2676
499,37,b4237
500,37,b4238
501,38,b0124
502,38,b0311
503,38,b0428
504,38,b0429
505,38,b0430
506,38,b0431
507,38,b0432
508,38,b0458
509,38,b1014
510,38,b1172
511,38,b1612
512,38,b2210
513,38,b2518
514,38,b4039
515,39,b0005
516,39,b0610
517,39,b2511
518,39,b2698
519,39,b2774
520,39,b3066
521,39,b3162
522,39,b3181
523,39,b3183
524,39,b3184
525,39,b3818
526,39,b4011
527,39,b4176
528,40,b4506
529,40,b4062
530,41,b2975
531,41,b2976
532,41,b2977
533,41,b4467
534,41,b4468
535,41,b2979
536,42,b0061
537,42,b0062
538,42,b0063
539,42,b0344
540,42,b0349
541,42,b0350
542,42,b0351
543,42,b0352
544,42,b0557
545,42,b0954
546,42,b1988
547,42,b2323
548,42,b2599
549,42,b2899
550,42,b3642
551,42,b4252
552,42,b4253
553,42,b4350
554,42,b4363
555,43,b1600
556,43,b1743
557,43,b2074
558,43,b2075
559,43,b2076
560,43,b2078
561,43,b2079
562,43,b2838
563,43,b3912
564,43,b4484
565,44,b3476
566,44,b3477
567,44,b3478
568,44,b3479
569,44,b3480
570,45,b0003
571,45,b0004
572,45,b4488
573,45,b3769
574,45,b3770
575,45,b3771
576,45,b3772
577,46,b1304
578,46,b1305
579,46,b1306
580,46,b1307
581,46,b1743
582,46,b4050
583,47,b0006
584,47,b0475
585,47,b0605
586,47,b0606
587,47,b0812
588,47,b0849
589,47,b0881
590,47,b1619
591,47,b1663
592,47,b1824
593,47,b2582
594,47,b3425
595,47,b3518
596,47,b3519
597,47,b3942
598,47,b3943
599,47,b3961
600,47,b4367
601,48,b1260
602,48,b1261
603,48,b1262
604,48,b1263
605,48,b1264
606,48,b1704
607,48,b3161
608,48,b3708
609,48,b3709
610,49,b4748
611,50,b2626
612,50,b3875
613,50,b3876
614,50,b3877
615,50,b3878
616,50,b3879
617,50,b3880
618,50,b3881
619,50,b3882
620,50,b3883
621,50,b3884
622,51,b0123
623,51,b0484
624,51,b1596
625,51,b4484
626,52,b3603
627,52,b3604
628,52,b3605
629,53,b0068
630,53,b2103
631,53,b2104
632,53,b3990
633,53,b3991
634,53,b4407
635,53,b3992
636,53,b3993
637,53,b3994
638,54,b1788
639,55,b1296
640,55,b4742
641,55,b1297
642,55,b1298
643,55,b1299
644,55,b1300
645,55,b1301
646,55,b1302
647,56,b4684
648,57,b0972
649,57,b0973
650,57,b0974
651,57,b0975
652,57,b0976
653,57,b0977
654,57,b0978
655,57,b4330
656,58,b0197
657,58,b1309
658,58,b1310
659,58,b1311
660,58,b1312
661,58,b1313
662,58,b1314
663,58,b1315
664,58,b1316
665,58,b1317
666,58,b1318
667,58,b1319
668,58,b1320
669,58,b1596
670,58,b1686
671,58,b1687
672,58,b3769
673,59,b4589
674,59,b0836
675,59,b0894
676,59,b0904
677,59,b1256
678,59,b1445
679,59,b1474
680,59,b1541
681,59,b4533
682,59,b1593
683,59,b1750
684,59,b1751
685,59,b1757
686,59,b1906
687,59,b2111
688,59,b2208
689,59,b2531
690,59,b2579
691,59,b4756
692,59,b3060
693,59,b3158
694,59,b3159
695,59,b3211
696,59,b3365
697,59,b3408
698,59,b3476
699,59,b4238
700,59,b4380
701,60,b0113
702,61,b1355
703,62,b0872
704,62,b0873
705,62,b0992
706,62,b1430
707,62,b1476
708,62,b1796
709,62,b1797
710,62,b2125
711,62,b2552
712,62,b2732
713,62,b4209
714,63,b0002
715,63,b0003
716,63,b0004
717,63,b0557
718,63,b3774
719,64,b1101
720,64,b1850
721,64,b1851
722,64,b3415
723,64,b4476
724,64,b3437
725,64,b3892
726,64,b3893
727,64,b4264
728,64,b4265
729,64,b4266
730,64,b4267
731,64,b4268
732,65,b1171
733,65,b1172
734,65,b4593
735,66,b1226
736,66,b2194
737,66,b2195
738,66,b2196
739,66,b2197
740,66,b2198
741,66,b2199
742,66,b2200
743,66,b2201
744,66,b2202
745,66,b2203
746,66,b2204
747,66,b2205
748,66,b2206
749,66,b2207
750,66,b2208
751,66,b3365
752,66,b3366
753,66,b3367
754,66,b4070
755,66,b4071
756,66,b4072
757,66,b4073
758,67,b0403
759,67,b0439
760,67,b0527
761,67,b0581
762,67,b1115
763,67,b1951
764,67,b2028
765,67,b2043
766,67,b2044
767,67,b2045
768,67,b2046
769,67,b2047
770,67,b2048
771,67,b2049
772,67,b2050
773,67,b2051
774,67,b2052
775,67,b2053
776,67,b2054
777,67,b2055
778,67,b2056
779,67,b2057
780,67,b2058
781,67,b2059
782,67,b2060
783,67,b2061
784,67,b2062
785,67,b2291
786,67,b3003
787,67,b3357
788,67,b4553
789,67,b3562
790,67,b3563
791,67,b3818
792,67,b4026
793,67,b4027
794,67,b4028
795,67,b4029
796,68,b3416
797,68,b3417
798,68,b3571
799,68,b4032
800,68,b4033
801,68,b4034
802,68,b4035
803,68,b4036
804,68,b4037
805,69,b0112
806,69,b0388
807,69,b0389
808,69,b1263
809,69,b1264
810,69,b1907
811,69,b2600
812,69,b2601
813,69,b2602
814,69,b4054
815,70,b1796
816,70,b1797
817,71,b0782
818,71,b0783
819,71,b0784
820,71,b0785
821,72,b0479
822,72,b0833
823,72,b0834
824,72,b4491
825,72,b1494
826,72,b1495
827,72,b1496
828,72,b1532
829,72,b1675
830,72,b1761
831,72,b1828
832,72,b1902
833,72,b1959
834,72,b2012
835,72,b2013
836,72,b2250
837,72,b2369
838,72,b2370
839,72,b2681
840,72,b2683
841,72,b2684
842,72,b2889
843,72,b2969
844,72,b2970
845,72,b2971
846,72,b2972
847,72,b4466
848,72,b3050
849,72,b3151
850,72,b4331
851,72,b4342
852,73,b0007
853,73,b0375
854,73,b4589
855,73,b0621
856,73,b0715
857,73,b0836
858,73,b0837
859,73,b0872
860,73,b0873
861,73,b0894
862,73,b0919
863,73,b0992
864,73,b1004
865,73,b1108
866,73,b1224
867,73,b1334
868,73,b1376
869,73,b1541
870,73,b1587
871,73,b1593
872,73,b1601
873,73,b4409
874,73,b1625
875,73,b1674
876,73,b1750
877,73,b2172
878,73,b2181
879,73,b2201
880,73,b2202
881,73,b2241
882,73,b2292
883,73,b2298
884,73,b2343
885,73,b2468
886,73,b2579
887,73,b2707
888,73,b2726
889,73,b2727
890,73,b2728
891,73,b2729
892,73,b2877
893,73,b2957
894,73,b2966
895,73,b2997
896,73,b3006
897,73,b4756
898,73,b3060
899,73,b3156
900,73,b3157
901,73,b3158
902,73,b3211
903,73,b3408
904,73,b3409
905,73,b3512
906,73,b3573
907,73,b3746
908,73,b3755
909,73,b3945
910,73,b4122
911,73,b4123
912,73,b4128
913,73,b4559
914,73,b4139
915,73,b4154
916,73,b4337
917,73,b4364
918,73,b4380
919,74,b1679
920,74,b1680
921,74,b1681
922,74,b1682
923,74,b1683
924,74,b1684
925,75,b2221
926,75,b2222
927,75,b2223
928,75,b2224
929,76,b3483
930,76,b3485
931,76,b3486
932,76,b3487
933,76,b3492
934,76,b3493
935,76,b3494
936,76,b3495
937,76,b3496
938,76,b3497
939,76,b3498
940,76,b3499
941,76,b3500
942,76,b3503
943,77,b0071
944,77,b0072
945,77,b0073
946,77,b0074
947,77,b3774
948,78,b0024
949,78,b0096
950,78,b0124
951,78,b0138
952,78,b0160
953,78,b0161
954,78,b0167
955,78,b0168
956,78,b0284
957,78,b0285
958,78,b0342
959,78,b0369
960,78,b0376
961,78,b0389
962,78,b0447
963,78,b0448
964,78,b0449
965,78,b0462
966,78,b0463
967,78,b0469
968,78,b0476
969,78,b0478
970,78,b0578
971,78,b0603
972,78,b0619
973,78,b0620
974,78,b0628
975,78,b0684
976,78,b0686
977,78,b0762
978,78,b0766
979,78,b0767
980,78,b0802
981,78,b0849
982,78,b0850
983,78,b0851
984,78,b0852
985,78,b0853
986,78,b0870
987,78,b0871
988,78,b0931
989,78,b0950
990,78,b0951
991,78,b0952
992,78,b1047
993,78,b1051
994,78,b1053
995,78,b1101
996,78,b1214
997,78,b1218
998,78,b1276
999,78,b1277
1000,78,b1377
1001,78,b1378
1002,78,b1431
1003,78,b1451
1004,78,b1461
1005,78,b1463
1006,78,b1533
1007,78,b1534
1008,78,b1611
1009,78,b4536
1010,78,b1836
1011,78,b1851
1012,78,b1852
1013,78,b2159
1014,78,b2160
1015,78,b2173
1016,78,b2174
1017,78,b2237
1018,78,b2299
1019,78,b2390
1020,78,b4546
1021,78,b2411
1022,78,b2413
1023,78,b2504
1024,78,b2558
1025,78,b2646
1026,78,b2681
1027,78,b2889
1028,78,b2895
1029,78,b2898
1030,78,b2961
1031,78,b2962
1032,78,b2963
1033,78,b2964
1034,78,b2966
1035,78,b3035
1036,78,b3036
1037,78,b3146
1038,78,b3160
1039,78,b3198
1040,78,b3199
1041,78,b3200
1042,78,b3201
1043,78,b3207
1044,78,b3238
1045,78,b3519
1046,78,b3520
1047,78,b3546
1048,78,b3662
1049,78,b3897
1050,78,b3898
1051,78,b3908
1052,78,b3909
1053,78,b3924
1054,78,b3961
1055,78,b4062
1056,78,b4380
1057,78,b4396
1058,79,b0115
1059,79,b0169
1060,79,b0170
1061,79,b2185
1062,79,b2606
1063,79,b2607
1064,79,b2608
1065,79,b2609
1066,79,b3166
1067,79,b3167
1068,79,b3168
1069,79,b3230
1070,79,b3231
1071,79,b3294
1072,79,b3295
1073,79,b3296
1074,79,b3297
1075,79,b3299
1076,79,b3300
1077,79,b3301
1078,79,b3302
1079,79,b3303
1080,79,b3304
1081,79,b3305
1082,79,b3306
1083,79,b3307
1084,79,b3308
1085,79,b3309
1086,79,b3310
1087,79,b3311
1088,79,b3312
1089,79,b3313
1090,79,b3314
1091,79,b3315
1092,79,b3316
1093,79,b3317
1094,79,b3318
1095,79,b3319
1096,79,b3320
1097,79,b3321
1098,79,b3340
1099,79,b3341
1100,79,b3342
1101,79,b3983
1102,79,b3984
1103,79,b3986
1104,79,b4200
1105,79,b4201
1106,79,b4202
1107,79,b4203
1108,80,b4423
1109,81,b0833
1110,81,b0834
1111,81,b1137
1112,81,b1138
1113,81,b1821
1114,81,b1968
1115,81,b2269
1116,81,b2345
1117,81,b2351
1118,81,b2352
1119,81,b2370
1120,81,b2642
1121,81,b2847
1122,81,b2848
1123,81,b3618
1124,81,b3622
1125,81,b3642
1126,81,b4253
1127,81,b4279
1128,81,b4280
1129,81,b4345
1130,81,b4346
1131,81,b4348
1132,82,b2105
1133,82,b2106
1134,83,b0077
1135,83,b0078
1136,83,b0381
1137,83,b1189
1138,83,b1190
1139,83,b4740
1140,83,b1605
1141,83,b1634
1142,83,b1798
1143,83,b1814
1144,83,b1907
1145,83,b2209
1146,83,b2669
1147,83,b2670
1148,83,b2796
1149,83,b2797
1150,83,b2845
1151,83,b3454
1152,83,b3455
1153,83,b3456
1154,83,b3457
1155,83,b3458
1156,83,b3460
1157,83,b3496
1158,83,b3523
1159,83,b3616
1160,83,b3617
1161,83,b3774
1162,83,b3829
1163,83,b4045
1164,83,b4129
1165,83,b4217
1166,84,b0336
1167,84,b0338
1168,84,b0644
1169,84,b4518
1170,84,b1339
1171,84,b1384
1172,84,b1440
1173,84,b1441
1174,84,b1442
1175,84,b1443
1176,84,b1444
1177,84,b1932
1178,84,b1981
1179,84,b1988
1180,84,b2661
1181,84,b2662
1182,84,b2663
1183,84,b2664
1184,84,b2883
1185,84,b4464
1186,84,b2913
1187,84,b3043
1188,84,b3212
1189,84,b3213
1190,84,b3225
1191,84,b3324
1192,84,b3446
1193,84,b3523
1194,84,b3744
1195,84,b4208
1196,85,b0058
1197,85,b4662
1198,85,b0315
1199,85,b0831
1200,85,b0832
1201,85,b4025
1202,86,b0694
1203,86,b0695
1204,86,b0696
1205,86,b0697
1206,86,b0698
1207,87,b0241
1208,87,b0383
1209,87,b0384
1210,87,b0400
1211,87,b1101
1212,87,b3451
1213,87,b3452
1214,87,b3453
1215,87,b3615
1216,87,b3919
1217,87,b4094
1218,87,b4095
1219,87,b4096
1220,87,b4097
1221,87,b4098
1222,87,b4099
1223,87,b4100
1224,87,b4101
1225,87,b4102
1226,87,b4583
1227,87,b4105
1228,87,b4106
1229,87,b4242
1230,88,b0011
1231,88,b0013
1232,88,b0245
1233,88,b0246
1234,88,b4504
1235,88,b0247
1236,88,b0248
1237,88,b0249
1238,88,b0252
1239,88,b0299
1240,88,b4580
1241,88,b0464
1242,88,b0541
1243,88,b0556
1244,88,b0613
1245,88,b0629
1246,88,b0716
1247,88,b0988
1248,88,b1050
1249,88,b1085
1250,88,b1147
1251,88,b1228
1252,88,b4711
1253,88,b1362
1254,88,b1404
1255,88,b1462
1256,88,b1469
1257,88,b1523
1258,88,b1532
1259,88,b1545
1260,88,b1565
1261,88,b1578
1262,88,b1730
1263,88,b1762
1264,88,b1838
1265,88,b4460
1266,88,b1900
1267,88,b1936
1268,88,b2003
1269,88,b2004
1270,88,b2005
1271,88,b2089
1272,88,b4542
1273,88,b4502
1274,88,b2207
1275,88,b2258
1276,88,b2363
1277,88,b2420
1278,88,b2441
1279,88,b2586
1280,88,b2638
1281,88,b2643
1282,88,b2775
1283,88,b2940
1284,88,b2941
1285,88,b2969
1286,88,b3014
1287,88,b3048
1288,88,b3120
1289,88,b3241
1290,88,b3242
1291,88,b3332
1292,88,b3333
1293,88,b3378
1294,88,b3445
1295,88,b3567
1296,88,b3722
1297,88,b3765
1298,88,b3807
1299,88,b4017
1300,88,b4082
1301,88,b4096
1302,88,b4145
1303,88,b4157
1304,88,b4204
1305,88,b4205
1306,88,b4222
1307,88,b4273
1308,88,b4296
1309,88,b4303
1310,88,b4305
1311,88,b4566
1312,88,b4366
1313,88,b4402
1314,89,b3748
1315,89,b3749
1316,89,b3750
1317,89,b3751
1318,89,b3752
1319,89,b3753
1320,90,b0831
1321,90,b0832
1322,90,b1287
1323,90,b2421
1324,90,b2422
1325,90,b2424
1326,90,b2425
1327,90,b2750
1328,90,b2762
1329,90,b2763
1330,91,b4634
1331,91,b1043
1332,91,b1044
1333,91,b1073
1334,91,b1074
1335,91,b1075
1336,91,b1076
1337,91,b1077
1338,91,b1421
1339,91,b1566
1340,91,b1742
1341,91,b1760
1342,91,b1878
1343,91,b1879
1344,91,b1886
1345,91,b1890
1346,91,b1904
1347,91,b1922
1348,91,b1923
1349,91,b1926
1350,91,b4495
1351,91,b1937
1352,91,b1942
1353,91,b1944
1354,91,b1948
1355,91,b1949
1356,91,b1950
1357,91,b1951
1358,91,b3072
1359,91,b3524
1360,91,b4621
1361,92,b1555
1362,92,b4011
1363,92,b4559
1364,93,b1205
1365,93,b1415
1366,93,b1426
1367,93,b1817
1368,93,b1818
1369,93,b1819
1370,93,b1820
1371,93,b4498
1372,93,b2091
1373,93,b2092
1374,93,b2093
1375,93,b2094
1376,93,b2095
1377,93,b2096
1378,93,b2148
1379,93,b2149
1380,93,b2150
1381,93,b2240
1382,93,b2597
1383,93,b3001
1384,93,b3358
1385,93,b4021
1386,93,b4090
1387,93,b4357
1388,94,b0032
1389,94,b0033
1390,94,b0272
1391,94,b0273
1392,94,b0709
1393,94,b0860
1394,94,b0861
1395,94,b0862
1396,94,b0863
1397,94,b0864
1398,94,b2306
1399,94,b2307
1400,94,b2308
1401,94,b2309
1402,94,b2818
1403,94,b3172
1404,94,b3211
1405,94,b3359
1406,94,b3957
1407,94,b3958
1408,94,b3959
1409,94,b3960
1410,94,b4254
1411,95,b0080
1412,95,b0173
1413,95,b0485
1414,95,b0499
1415,95,b0762
1416,95,b0872
1417,95,b0922
1418,95,b0932
1419,95,b0972
1420,95,b0991
1421,95,b1043
1422,95,b1125
1423,95,b1256
1424,95,b1337
1425,95,b1380
1426,95,b4696
1427,95,b1604
1428,95,b1959
1429,95,b1991
1430,95,b1992
1431,95,b2113
1432,95,b2250
1433,95,b2279
1434,95,b2280
1435,95,b2317
1436,95,b2318
1437,95,b2379
1438,95,b2388
1439,95,b2463
1440,95,b2714
1441,95,b2741
1442,95,b2742
1443,95,b2750
1444,95,b2777
1445,95,b2785
1446,95,b2903
1447,95,b2950
1448,95,b2958
1449,95,b3052
1450,95,b3054
1451,95,b3152
1452,95,b3153
1453,95,b3280
1454,95,b3394
1455,95,b3433
1456,95,b3463
1457,95,b3464
1458,95,b3483
1459,95,b3535
1460,95,b3543
1461,95,b3564
1462,95,b3773
1463,95,b3809
1464,95,b3810
1465,95,b4004
1466,95,b4011
1467,95,b4025
1468,95,b4064
1469,95,b4261
1470,95,b4584
1471,95,b4377
1472,95,b4378
1473,95,b4386
1474,95,b4387
1475,96,b4720
1476,97,b2677
1477,97,b2678
1478,97,b2679
1479,98,b0006
1480,98,b0475
1481,98,b0812
1482,98,b0888
1483,98,b1112
1484,98,b1749
1485,98,b2210
1486,98,b2436
1487,98,b3415
1488,98,b3425
1489,98,b4615
1490,98,b3942
1491,98,b3943
1492,98,b3961
1493,99,b0485
1494,99,b0486
1495,99,b1492
1496,99,b1493
1497,99,b2217
1498,99,b3491
1499,99,b3506
1500,99,b3507
1501,99,b3508
1502,99,b3509
1503,99,b3510
1504,99,b3511
1505,99,b3512
1506,99,b3513
1507,99,b3514
1508,99,b3517
1509,99,b4187
1510,100,b0809
1511,100,b0810
1512,100,b0811
1513,100,b3744
1514,100,b3868
1515,100,b3869
1516,100,b3870
1517,101,b0683
1518,101,b0958
1519,101,b1140
1520,101,b1141
1521,101,b1142
1522,101,b1144
1523,101,b1146
1524,101,b1147
1525,101,b1148
1526,101,b1149
1527,101,b1151
1528,101,b1152
1529,101,b1153
1530,101,b1157
1531,101,b4519
1532,101,b2616
1533,102,b0270
1534,102,b0271
1535,102,b3562
1536,102,b3563
1537,102,b3564
1538,102,b3565
1539,102,b3566
1540,102,b3567
1541,102,b3568
1542,102,b3569
1543,102,b3656
1544,102,b3657
1545,102,b4620
1546,102,b4031
1547,103,b3642
1548,103,b4070
1549,103,b4071
1550,103,b4072
1551,103,b4073
1552,103,b4334
1553,103,b4335
1554,104,b0312
1555,104,b0313
1556,104,b0314
1557,104,b0330
1558,104,b0346
1559,104,b0458
1560,104,b0720
1561,104,b4735
1562,104,b0721
1563,104,b0733
1564,104,b0904
1565,104,b1020
1566,104,b1122
1567,104,b1163
1568,104,b1297
1569,104,b1298
1570,104,b1332
1571,104,b1384
1572,104,b1422
1573,104,b1423
1574,104,b1607
1575,104,b1612
1576,104,b1748
1577,104,b1777
1578,104,b1778
1579,104,b2150
1580,104,b2181
1581,104,b2210
1582,104,b2310
1583,104,b2518
1584,104,b2537
1585,104,b2587
1586,104,b2844
1587,104,b2980
1588,104,b3351
1589,104,b3408
1590,104,b3409
1591,104,b3453
1592,104,b3603
1593,104,b3819
1594,104,b3820
1595,104,b3846
1596,104,b3962
1597,104,b3995
1598,104,b4210
1599,104,b4332
1600,104,b4340
1601,105,b0507
1602,105,b1822
1603,105,b1823
1604,105,b1824
1605,105,b1825
1606,105,b1826
1607,105,b4536
1608,105,b1827
1609,105,b1829
1610,105,b1830
1611,105,b1831
1612,105,b1832
1613,105,b1833
1614,105,b1834
1615,105,b1835
1616,105,b1836
1617,105,b1837
1618,105,b1838
1619,105,b1839
1620,105,b1840
1621,105,b1841
1622,105,b1842
1623,105,b1843
1624,105,b1844
1625,105,b1845
1626,105,b1846
1627,105,b1847
1628,105,b1848
1629,105,b1849
1630,105,b1850
1631,105,b1851
1632,105,b1852
1633,105,b1853
1634,105,b1854
1635,105,b1855
1636,105,b1856
1637,105,b2842
1638,105,b2843
1639,105,b3526
1640,105,b3909
1641,105,b3910
1642,106,b4724
1643,107,b4671
1644,108,b0774
1645,108,b0775
1646,108,b0776
1647,108,b0777
1648,108,b0778
1649,108,b3827
1650,109,b1469
1651,109,b1499
1652,109,b1500
1653,109,b1501
1654,109,b1597
1655,109,b2082
1656,109,b2083
1657,109,b2085
1658,109,b2367
1659,109,b2368
1660,109,b2371
1661,109,b2372
1662,109,b2373
1663,109,b2374
1664,109,b2375
1665,109,b2376
1666,110,b0593
1667,110,b2261
1668,110,b2262
1669,110,b2263
1670,110,b2264
1671,110,b2265
1672,111,b2000
1673,111,b2001
1674,111,b2002
1675,111,b2003
1676,112,b1164
1677,112,b1165
1678,112,b1166
1679,112,b1167
1680,112,b1168
1681,113,b1597
1682,114,b1511
1683,114,b1512
1684,114,b1513
1685,114,b1514
1686,114,b1515
1687,114,b1516
1688,114,b1517
1689,114,b1518
1690,115,b4521
1691,115,b1552
1692,115,b2648
1693,116,b0160
1694,116,b0161
1695,116,b0599
1696,116,b0600
1697,116,b0610
1698,116,b1259
1699,116,b1557
1700,116,b3494
1701,116,b3769
1702,116,b3829
1703,116,b3872
1704,116,b3939
1705,116,b4621
1706,117,b0119
1707,117,b0132
1708,117,b0220
1709,117,b0317
1710,117,b0354
1711,117,b0394
1712,117,b0498
1713,117,b0838
1714,117,b0901
1715,117,b1051
1716,117,b1177
1717,117,b1272
1718,117,b4529
1719,117,b1383
1720,117,b1436
1721,117,b1449
1722,117,b1457
1723,117,b1559
1724,117,b1643
1725,117,b1664
1726,117,b1675
1727,117,b1724
1728,117,b1795
1729,117,b1825
1730,117,b1920
1731,117,b1952
1732,117,b1957
1733,117,b1958
1734,117,b1992
1735,117,b1993
1736,117,b2010
1737,117,b2085
1738,117,b2377
1739,117,b2448
1740,117,b2754
1741,117,b3271
1742,117,b3291
1743,117,b4550
1744,117,b3635
1745,117,b3910
1746,117,b4090
1747,117,b4487
1748,117,b4126
1749,117,b4127
1750,117,b4199
1751,117,b4224
1752,117,b4225
1753,118,b3669
1754,118,b3670
1755,118,b3671
1756,118,b3774
1757,119,b0123
1758,119,b4506
1759,119,b0296
1760,119,b0484
1761,119,b1178
1762,119,b1856
1763,119,b1857
1764,119,b1858
1765,119,b1859
1766,119,b1973
1767,119,b1974
1768,119,b2106
1769,119,b3469
1770,120,b0161
1771,120,b1172
1772,120,b1481
1773,120,b1806
1774,120,b1874
1775,120,b2419
1776,120,b2420
1777,120,b2432
1778,120,b2570
1779,120,b2571
1780,120,b2572
1781,120,b2573
1782,120,b3055
1783,120,b3267
1784,120,b3527
1785,120,b4026
1786,121,b0733
1787,121,b0734
1788,121,b4515
1789,121,b0735
1790,121,b1256
1791,122,b0151
1792,122,b0152
1793,122,b0153
1794,122,b0583
1795,122,b0584
1796,122,b0585
1797,122,b4511
1798,122,b0586
1799,122,b0588
1800,122,b0589
1801,122,b0591
1802,122,b0593
1803,122,b0594
1804,122,b0595
1805,122,b0596
1806,122,b0597
1807,122,b0803
1808,122,b0804
1809,122,b0805
1810,122,b1102
1811,122,b1452
1812,122,b1681
1813,122,b1705
1814,122,b2155
1815,122,b2675
1816,122,b2676
1817,123,b0336
1818,123,b0522
1819,123,b0523
1820,123,b0529
1821,123,b0945
1822,123,b1062
1823,123,b1131
1824,123,b1623
1825,123,b1660
1826,123,b1687
1827,123,b1849
1828,123,b2312
1829,123,b2313
1830,123,b2476
1831,123,b2499
1832,123,b2500
1833,123,b2557
1834,123,b3654
1835,123,b3714
1836,123,b4005
1837,123,b4006
1838,123,b4064
1839,123,b4133
1840,124,b0031
1841,124,b0164
1842,124,b0166
1843,124,b0460
1844,124,b0461
1845,124,b4533
1846,124,b1761
1847,124,b1916
1848,124,b2156
1849,124,b2574
1850,124,b2838
1851,124,b4756
1852,124,b3324
1853,124,b3325
1854,124,b3326
1855,124,b3327
1856,124,b3328
1857,124,b3429
1858,124,b3430
1859,124,b3431
1860,124,b3432
1861,124,b3433
1862,124,b3744
1863,124,b4023
1864,124,b4024
1865,125,b1475
1866,125,b1757
1867,125,b1929
1868,125,b1930
1869,125,b3892
1870,125,b3893
1871,125,b3894
1872,126,b0061
1873,126,b0062
1874,126,b0063
1875,126,b0505
1876,126,b0507
1877,126,b0508
1878,126,b0509
1879,126,b0511
1880,126,b0512
1881,126,b0513
1882,126,b1900
1883,126,b1901
1884,126,b2801
1885,126,b2802
1886,126,b2803
1887,126,b2841
1888,127,b0268
1889,127,b0269
1890,127,b1352
1891,127,b1521
1892,127,b2172
1893,127,b2799
1894,127,b2800
1895,127,b2801
1896,127,b2802
1897,127,b2803
1898,127,b2804
1899,127,b3011
1900,127,b3091
1901,127,b3092
1902,127,b3093
1903,128,b4506
1904,128,b0298
1905,128,b0299
1906,128,b0327
1907,128,b0360
1908,128,b0361
1909,128,b0540
1910,128,b0541
1911,128,b4735
1912,128,b4516
1913,128,b0988
1914,128,b4711
1915,128,b4522
1916,128,b1331
1917,128,b1404
1918,128,b4428
1919,128,b1420
1920,128,b1544
1921,128,b1578
1922,128,b1826
1923,128,b2006
1924,128,b2088
1925,128,b2089
1926,128,b4542
1927,128,b2941
1928,128,b2982
1929,128,b3044
1930,128,b3045
1931,128,b3107
1932,128,b4473
1933,128,b3444
1934,128,b3445
1935,128,b3638
1936,128,b4686
1937,128,b4410
1938,128,b4272
1939,128,b4273
1940,129,b0759
1941,129,b2626
1942,129,b2837
1943,129,b3548
1944,129,b3549
1945,129,b3550
1946,129,b3551
1947,129,b3552
1948,129,b3553
1949,129,b3554
1950,129,b3555
1951,129,b3557
1952,129,b3559
1953,129,b3560
1954,129,b4553
1955,129,b3561
1956,129,b3570
1957,129,b3571
1958,129,b3572
1959,129,b3574
1960,129,b3583
1961,129,b3584
1962,129,b3585
1963,129,b3588
1964,129,b3590
1965,129,b3591
1966,129,b3592
1967,129,b3594
1968,129,b3595
1969,129,b4615
1970,129,b3597
1971,129,b3598
1972,129,b4554
1973,129,b3602
1974,129,b3606
1975,129,b3607
1976,129,b3608
1977,129,b3609
1978,129,b3610
1979,129,b3611
1980,129,b3612
1981,129,b3613
1982,129,b3614
1983,129,b3615
1984,129,b3616
1985,129,b3617
1986,129,b3618
1987,129,b3619
1988,129,b3620
1989,129,b3621
1990,129,b3622
1991,129,b3623
1992,129,b3624
1993,129,b3625
1994,129,b3626
1995,129,b3627
1996,129,b3628
1997,129,b3629
1998,129,b3630
1999,129,b3631
2000,129,b3632
2001,129,b3633
2002,129,b3634
2003,129,b3635
2004,129,b3636
2005,129,b3637
2006,129,b3638
2007,129,b3639
2008,129,b3640
2009,129,b3641
2010,129,b3643
2011,129,b3644
2012,129,b3645
2013,129,b3646
2014,129,b3647
2015,129,b3648
2016,129,b3649
2017,129,b3650
2018,129,b3651
2019,129,b3652
2020,129,b3653
2021,129,b3654
2022,129,b3655
2023,129,b3659
2024,129,b3660
2025,129,b3661
2026,129,b4555
2027,129,b3662
2028,129,b3663
2029,130,b0150
2030,130,b0151
2031,130,b0152
2032,130,b0468
2033,130,b0585
2034,130,b4511
2035,130,b0588
2036,130,b0589
2037,130,b0590
2038,130,b0591
2039,130,b0592
2040,130,b0593
2041,130,b0595
2042,130,b0596
2043,130,b0597
2044,130,b4490
2045,130,b1018
2046,130,b1252
2047,130,b1452
2048,130,b1496
2049,130,b1673
2050,130,b1674
2051,130,b1705
2052,130,b1821
2053,130,b1905
2054,130,b4582
2055,130,b2106
2056,130,b2211
2057,130,b2673
2058,130,b2674
2059,130,b3005
2060,130,b3006
2061,130,b3070
2062,130,b3337
2063,130,b3408
2064,130,b3409
2065,130,b3410
2066,130,b3908
2067,130,b4292
2068,130,b4293
2069,130,b4367
2070,131,b1101
2071,131,b1198
2072,131,b1199
2073,131,b1200
2074,131,b1817
2075,131,b1818
2076,131,b1819
2077,131,b2416
2078,131,b2943
2079,131,b3599
2080,131,b3600
2081,131,b3601
2082,132,b0322
2083,132,b0382
2084,132,b0383
2085,132,b1422
2086,132,b4077
2087,133,b0792
2088,133,b0793
2089,133,b0794
2090,133,b0795
2091,133,b0796
2092,134,b1189
2093,134,b1190
2094,134,b3089
2095,134,b3540
2096,134,b3541
2097,134,b3542
2098,134,b3543
2099,134,b3544
2100,135,b0061
2101,135,b0063
2102,135,b0509
2103,135,b1800
2104,135,b2735
2105,135,b2736
2106,135,b2737
2107,135,b2738
2108,135,b2739
2109,135,b2740
2110,135,b2843
2111,136,b0066
2112,136,b0067
2113,136,b0068
2114,136,b1112
2115,136,b1926
2116,136,b1942
2117,136,b1943
2118,136,b2102
2119,136,b2103
2120,136,b2104
2121,137,b0060
2122,137,b0231
2123,137,b0779
2124,137,b0958
2125,137,b1061
2126,137,b1183
2127,137,b1184
2128,137,b1741
2129,137,b1847
2130,137,b1848
2131,137,b2616
2132,137,b2698
2133,137,b2699
2134,137,b3645
2135,137,b3832
2136,137,b4043
2137,137,b4044
2138,137,b4058
2139,138,b4341
2140,139,b0080
2141,139,b1241
2142,139,b1702
2143,139,b2165
2144,139,b2166
2145,139,b2167
2146,139,b2168
2147,139,b2169
2148,139,b2925
2149,139,b2926
2150,139,b2927
2151,139,b3365
2152,139,b3366
2153,139,b3612
2154,139,b4232
2155,140,b2239
2156,140,b2240
2157,140,b2241
2158,140,b2242
2159,140,b2243
2160,140,b3426
2161,140,b3925
2162,140,b3926
2163,140,b3927
2164,141,b1891
2165,141,b1892
2166,142,b4455
2167,143,b0450
2168,143,b0451
2169,143,b1488
2170,143,b1932
2171,143,b1988
2172,143,b3268
2173,143,b3868
2174,143,b3869
2175,143,b3870
2176,144,b0683
2177,144,b3469
2178,145,b4014
2179,145,b4015
2180,145,b4016
2181,146,b1014
2182,146,b1387
2183,146,b1388
2184,146,b1389
2185,146,b1390
2186,146,b1391
2187,146,b1392
2188,146,b1393
2189,146,b1394
2190,146,b4120
2191,147,b1109
2192,147,b1110
2193,147,b4039
2194,147,b4040
2195,148,b4527
2196,148,b2940
2197,149,b2276
2198,149,b2277
2199,149,b2278
2200,149,b2279
2201,149,b2280
2202,149,b2281
2203,149,b2282
2204,149,b2283
2205,150,b4419
2206,150,b1347
2207,150,b4535
2208,151,b0678
2209,151,b1345
2210,151,b1347
2211,151,b1349
2212,151,b1350
2213,151,b1356
2214,151,b1357
2215,151,b1358
2216,151,b1359
2217,151,b1361
2218,151,b1363
2219,151,b4570
2220,151,b2028
2221,151,b3962
2222,152,b0804
2223,152,b1656
2224,152,b2392
2225,152,b4292
2226,152,b4293
2227,152,b4567
2228,153,b1238
2229,153,b4573
2230,153,b1241
2231,153,b1242
2232,153,b1243
2233,153,b1244
2234,153,b1245
2235,153,b1246
2236,153,b1247
2237,154,b0162
2238,154,b1800
2239,154,b2787
2240,154,b2788
2241,154,b2789
2242,154,b3124
2243,154,b3125
2244,154,b3126
2245,154,b3127
2246,154,b3128
2247,155,b0331
2248,155,b0333
2249,155,b0334
2250,155,b0335
2251,155,b2416
2252,156,b0250
2253,156,b1070
2254,156,b1071
2255,156,b1082
2256,156,b1083
2257,156,b1194
2258,156,b1421
2259,156,b1566
2260,156,b1742
2261,156,b1760
2262,156,b1881
2263,156,b1882
2264,156,b1883
2265,156,b1884
2266,156,b1885
2267,156,b1886
2268,156,b1887
2269,156,b1888
2270,156,b1889
2271,156,b1890
2272,156,b1922
2273,156,b1923
2274,156,b1924
2275,156,b1925
2276,156,b1926
2277,156,b3072
2278,156,b3524
2279,156,b3525
2280,156,b3666
2281,156,b4109
2282,156,b4110
2283,156,b4355
2284,157,b0593
2285,157,b0595
2286,157,b0596
2287,157,b4287
2288,157,b4288
2289,157,b4289
2290,157,b4290
2291,157,b4291
2292,158,b0123
2293,158,b0287
2294,158,b0459
2295,158,b0460
2296,158,b0461
2297,158,b0484
2298,158,b0495
2299,158,b0496
2300,158,b0571
2301,158,b0837
2302,158,b0839
2303,158,b0969
2304,158,b0970
2305,158,b4490
2306,158,b1113
2307,158,b1205
2308,158,b1216
2309,158,b1436
2310,158,b1535
2311,158,b1586
2312,158,b1599
2313,158,b1600
2314,158,b1601
2315,158,b1655
2316,158,b1743
2317,158,b1814
2318,158,b1816
2319,158,b4751
2320,158,b1829
2321,158,b1843
2322,158,b1846
2323,158,b1902
2324,158,b1969
2325,158,b2597
2326,158,b2666
2327,158,b3037
2328,158,b3038
2329,158,b3088
2330,158,b3095
2331,158,b3096
2332,158,b3363
2333,158,b3461
2334,158,b3859
2335,158,b3860
2336,158,b4484
2337,158,b4170
2338,158,b4171
2339,158,b4188
2340,158,b4313
2341,158,b4392
2342,159,b1567
2343,160,b0824
2344,160,b2217
2345,160,b2866
2346,160,b2867
2347,160,b2868
2348,160,b2870
2349,160,b2871
2350,160,b2872
2351,160,b2873
2352,160,b2878
2353,160,b2879
2354,160,b2880
2355,160,b2881
2356,160,b2887
2357,160,b2888
2358,160,b3912
2359,161,b0018
2360,161,b0129
2361,161,b0146
2362,161,b0306
2363,161,b0328
2364,161,b0380
2365,161,b0445
2366,161,b0643
2367,161,b0651
2368,161,b0681
2369,161,b0791
2370,161,b1002
2371,161,b1138
2372,161,b1205
2373,161,b1308
2374,161,b4525
2375,161,b1421
2376,161,b1423
2377,161,b1426
2378,161,b1427
2379,161,b1440
2380,161,b1512
2381,161,b1513
2382,161,b1620
2383,161,b1689
2384,161,b1725
2385,161,b1770
2386,161,b1799
2387,161,b1976
2388,161,b2141
2389,161,b2142
2390,161,b2146
2391,161,b2150
2392,161,b2151
2393,161,b2163
2394,161,b2219
2395,161,b2248
2396,161,b2259
2397,161,b2398
2398,161,b2399
2399,161,b2426
2400,161,b2584
2401,161,b2597
2402,161,b2761
2403,161,b2775
2404,161,b2801
2405,161,b2869
2406,161,b2875
2407,161,b2876
2408,161,b2877
2409,161,b2980
2410,161,b3001
2411,161,b3032
2412,161,b3087
2413,161,b3117
2414,161,b3118
2415,161,b3127
2416,161,b3128
2417,161,b3382
2418,161,b3383
2419,161,b3418
2420,161,b3665
2421,161,b3674
2422,161,b3723
2423,161,b3906
2424,161,b4089
2425,161,b4118
2426,161,b4139
2427,161,b4188
2428,161,b4189
2429,161,b4216
2430,161,b4246
2431,161,b4305
2432,161,b4357
2433,162,b2581
2434,162,b2582
2435,162,b2583
2436,163,b2019
2437,163,b2020
2438,163,b2021
2439,163,b2022
2440,163,b2023
2441,163,b2024
2442,163,b2025
2443,163,b2026
2444,163,b4388
2445,164,b0014
2446,164,b0015
2447,164,b0016
2448,164,b0439
2449,164,b0473
2450,164,b0492
2451,164,b0582
2452,164,b0631
2453,164,b0658
2454,164,b0659
2455,164,b0660
2456,164,b0966
2457,164,b1114
2458,164,b1274
2459,164,b1321
2460,164,b1322
2461,164,b1380
2462,164,b1779
2463,164,b1780
2464,164,b1829
2465,164,b2394
2466,164,b2592
2467,164,b2614
2468,164,b3067
2469,164,b3179
2470,164,b3292
2471,164,b3293
2472,164,b3343
2473,164,b3399
2474,164,b3400
2475,164,b3401
2476,164,b3413
2477,164,b3497
2478,164,b3498
2479,164,b3635
2480,164,b3686
2481,164,b3687
2482,164,b3931
2483,164,b3932
2484,164,b4140
2485,164,b4142
2486,164,b4143
2487,164,b4171
2488,165,b1346
2489,165,b1379
2490,165,b1380
2491,165,b1544
2492,165,b4535
2493,165,b2210
2494,165,b3344
2495,165,b3345
2496,165,b3346
2497,165,b3708
2498,165,b3709
2499,166,b0355
2500,166,b0356
2501,166,b0357
2502,166,b1339
2503,166,b1340
2504,166,b1341
2505,166,b1342
2506,166,b4743
2507,166,b1343
2508,166,b1344
2509,166,b1345
2510,166,b1349
2511,166,b1356
2512,166,b1357
2513,166,b1361
2514,166,b1376
2515,166,b1378
2516,166,b4529
2517,166,b1379
2518,166,b1380
2519,166,b1381
2520,166,b1382
2521,166,b1383
2522,166,b1384
2523,166,b1385
2524,166,b1386
2525,166,b1396
2526,166,b1397
2527,166,b1398
2528,166,b1399
2529,166,b1400
2530,166,b4492
2531,166,b1406
2532,166,b1407
2533,166,b1410
2534,166,b1411
2535,166,b1412
2536,166,b1413
2537,166,b1414
2538,166,b1415
2539,166,b4493
2540,166,b1418
2541,166,b1419
2542,166,b4428
2543,166,b1420
2544,166,b1422
2545,166,b1423
2546,166,b1424
2547,166,b1426
2548,166,b1427
2549,166,b1428
2550,166,b1429
2551,166,b1430
2552,166,b1431
2553,166,b1432
2554,166,b1433
2555,166,b1434
2556,166,b1435
2557,166,b1436
2558,166,b4532
2559,166,b1438
2560,166,b1439
2561,166,b1440
2562,166,b1441
2563,166,b1442
2564,166,b1443
2565,166,b1444
2566,166,b1445
2567,166,b1446
2568,166,b1447
2569,166,b1448
2570,166,b1449
2571,166,b1450
2572,166,b1451
2573,166,b1452
2574,166,b1453
2575,166,b1454
2576,166,b1459
2577,166,b1461
2578,166,b1462
2579,166,b1463
2580,166,b1464
2581,166,b1473
2582,166,b1476
2583,166,b1477
2584,166,b1478
2585,166,b1479
2586,166,b1480
2587,166,b1482
2588,166,b1483
2589,166,b1484
2590,166,b1485
2591,166,b1486
2592,166,b1487
2593,166,b1488
2594,166,b1489
2595,166,b1490
2596,166,b1491
2597,166,b1494
2598,166,b1495
2599,166,b1496
2600,166,b1498
2601,166,b3751
2602,166,b3752
2603,166,b4077
2604,166,b4657
2605,166,b4382
2606,167,b1936
2607,168,b1101
2608,168,b1649
2609,168,b1650
2610,168,b1651
2611,168,b3011
2612,168,b3012
2613,168,b3917
2614,168,b3919
2615,169,b0721
2616,169,b0722
2617,169,b0723
2618,169,b0724
2619,169,b2029
2620,170,b1492
2621,170,b1493
2622,170,b1625
2623,170,b3491
2624,170,b3509
2625,170,b3510
2626,170,b3513
2627,170,b3514
2628,170,b3517
2629,171,b4512
2630,171,b1112
2631,171,b4740
2632,171,b1530
2633,171,b1531
2634,171,b1532
2635,171,b3238
2636,171,b3240
2637,171,b3241
2638,171,b3242
2639,172,b2902
2640,172,b2903
2641,172,b2904
2642,172,b2905
2643,172,b3460
2644,173,b1346
2645,174,b0360
2646,174,b0361
2647,174,b1402
2648,174,b1403
2649,174,b1578
2650,174,b1996
2651,174,b1997
2652,174,b2860
2653,174,b2861
2654,174,b2941
2655,174,b3044
2656,174,b3045
2657,174,b4063
2658,174,b4272
2659,174,b4273
2660,175,b0260
2661,175,b0261
2662,175,b1112
2663,175,b1285
2664,175,b1722
2665,175,b2301
2666,175,b2618
2667,175,b2619
2668,175,b2942
2669,175,b4484
2670,175,b3939
2671,175,b3940
2672,175,b4011
2673,175,b4151
2674,175,b4152
2675,175,b4153
2676,175,b4154
2677,175,b4292
2678,176,b0485
2679,176,b0486
2680,176,b2217
2681,176,b3506
2682,176,b3507
2683,176,b3513
2684,176,b3514
2685,176,b3515
2686,176,b3516
2687,177,b0023
2688,177,b0142
2689,177,b0143
2690,177,b0211
2691,177,b0238
2692,177,b0405
2693,177,b0423
2694,177,b0469
2695,177,b0477
2696,177,b0661
2697,177,b0797
2698,177,b0807
2699,177,b0835
2700,177,b0859
2701,177,b0874
2702,177,b0884
2703,177,b0905
2704,177,b0910
2705,177,b0945
2706,177,b1047
2707,177,b1055
2708,177,b1069
2709,177,b1086
2710,177,b1125
2711,177,b1126
2712,177,b1133
2713,177,b1269
2714,177,b1281
2715,177,b1282
2716,177,b1343
2717,177,b1435
2718,177,b1445
2719,177,b1549
2720,177,b1558
2721,177,b1628
2722,177,b1660
2723,177,b1722
2724,177,b1750
2725,177,b1786
2726,177,b1807
2727,177,b1821
2728,177,b2014
2729,177,b2069
2730,177,b2081
2731,177,b2140
2732,177,b2344
2733,177,b2498
2734,177,b2517
2735,177,b2518
2736,177,b2533
2737,177,b2562
2738,177,b2576
2739,177,b2765
2740,177,b2944
2741,177,b4469
2742,177,b3065
2743,177,b3084
2744,177,b3184
2745,177,b3186
2746,177,b3260
2747,177,b3261
2748,177,b3396
2749,177,b3470
2750,177,b3471
2751,177,b3606
2752,177,b3643
2753,177,b3704
2754,177,b4557
2755,177,b3741
2756,177,b3822
2757,177,b3965
2758,177,b4155
2759,177,b4373
2760,178,b4662
2761,178,b2029
2762,179,b4655
2763,180,b0676
2764,180,b0677
2765,180,b0678
2766,180,b0679
2767,180,b0681
2768,180,b1497
2769,180,b1498
2770,180,b1634
2771,180,b1734
2772,180,b1736
2773,180,b1737
2774,180,b1738
2775,180,b1907
2776,180,b2943
2777,180,b3729
2778,180,b3730
2779,181,b2702
2780,181,b2703
2781,181,b2704
2782,181,b2705
2783,181,b2706
2784,181,b2707
2785,182,b0594
2786,182,b0595
2787,182,b0596
2788,182,b0597
2789,182,b4490
2790,182,b1018
2791,182,b1019
2792,182,b1020
2793,182,b1596
2794,182,b4582
2795,183,b0821
2796,183,b0822
2797,183,b0823
2798,183,b0824
2799,183,b0825
2800,183,b1284
2801,184,b0763
2802,184,b0764
2803,184,b0765
2804,184,b2998
2805,184,b3666
2806,185,b0197
2807,185,b0198
2808,185,b0199
2809,185,b0260
2810,185,b0261
2811,185,b0599
2812,185,b0600
2813,185,b2942
2814,185,b3008
2815,185,b3828
2816,185,b3829
2817,185,b3937
2818,185,b3938
2819,185,b3939
2820,185,b3940
2821,185,b3941
2822,185,b4013
2823,186,b4662
2824,186,b4688
2825,186,b0295
2826,186,b4506
2827,186,b0623
2828,186,b0627
2829,186,b0699
2830,186,b4515
2831,186,b0762
2832,186,b4705
2833,186,b0849
2834,186,b0884
2835,186,b0917
2836,186,b0953
2837,186,b4517
2838,186,b4595
2839,186,b1332
2840,186,b1382
2841,186,b1480
2842,186,b1550
2843,186,b1562
2844,186,b4409
2845,186,b1675
2846,186,b1677
2847,186,b1685
2848,186,b1705
2849,186,b1795
2850,186,b4751
2851,186,b1824
2852,186,b1826
2853,186,b1906
2854,186,b1915
2855,186,b1952
2856,186,b2112
2857,186,b4502
2858,186,b4501
2859,186,b2504
2860,186,b4725
2861,186,b2666
2862,186,b2809
2863,186,b2833
2864,186,b4756
2865,186,b3049
2866,186,b3107
2867,186,b3348
2868,186,b3369
2869,186,b3378
2870,186,b3535
2871,186,b3556
2872,186,b3703
2873,186,b3782
2874,186,b4045
2875,186,b4411
2876,186,b4217
2877,186,b4246
2878,187,b0593
2879,187,b1523
2880,187,b1524
2881,187,b1525
2882,187,b1526
2883,187,b1831
2884,187,b2635
2885,187,b4040
2886,188,b0186
2887,188,b0304
2888,188,b0325
2889,188,b0329
2890,188,b0384
2891,188,b0419
2892,188,b0453
2893,188,b0456
2894,188,b0581
2895,188,b0643
2896,188,b0707
2897,188,b0753
2898,188,b0773
2899,188,b0788
2900,188,b0789
2901,188,b0790
2902,188,b0803
2903,188,b0806
2904,188,b0808
2905,188,b0812
2906,188,b0837
2907,188,b0865
2908,188,b0871
2909,188,b0897
2910,188,b0906
2911,188,b1003
2912,188,b1004
2913,188,b1051
2914,188,b1188
2915,188,b1195
2916,188,b1197
2917,188,b1217
2918,188,b1258
2919,188,b1259
2920,188,b1285
2921,188,b1341
2922,188,b4743
2923,188,b1428
2924,188,b1440
2925,188,b1449
2926,188,b1450
2927,188,b1454
2928,188,b1478
2929,188,b1480
2930,188,b1482
2931,188,b1519
2932,188,b1536
2933,188,b1646
2934,188,b1668
2935,188,b1678
2936,188,b1724
2937,188,b1725
2938,188,b1732
2939,188,b1739
2940,188,b1783
2941,188,b1784
2942,188,b1795
2943,188,b1836
2944,188,b1847
2945,188,b1896
2946,188,b1897
2947,188,b1927
2948,188,b1953
2949,188,b1955
2950,188,b1967
2951,188,b2080
2952,188,b2086
2953,188,b2097
2954,188,b2112
2955,188,b2127
2956,188,b2128
2957,188,b2129
2958,188,b2130
2959,188,b2131
2960,188,b2135
2961,188,b2137
2962,188,b2266
2963,188,b2302
2964,188,b2347
2965,188,b2464
2966,188,b2465
2967,188,b2543
2968,188,b2602
2969,188,b2659
2970,188,b2660
2971,188,b2661
2972,188,b2662
2973,188,b2663
2974,188,b2665
2975,188,b2672
2976,188,b2809
2977,188,b4658
2978,188,b3003
2979,188,b3012
2980,188,b3024
2981,188,b3073
2982,188,b3097
2983,188,b3098
2984,188,b3099
2985,188,b3100
2986,188,b3102
2987,188,b3153
2988,188,b3239
2989,188,b3268
2990,188,b3336
2991,188,b3361
2992,188,b3362
2993,188,b3447
2994,188,b3524
2995,188,b3548
2996,188,b3555
2997,188,b3588
2998,188,b3830
2999,188,b4107
3000,188,b4126
3001,188,b4127
3002,188,b4411
3003,188,b4149
3004,188,b4181
3005,188,b4182
3006,188,b4187
3007,188,b4248
3008,188,b4269
3009,188,b4376
3010,188,b4568
3011,189,b1580
3012,189,b1581
3013,189,b3091
3014,189,b3092
3015,189,b3905
3016,189,b4322
3017,189,b4323
3018,190,b0365
3019,190,b0366
3020,190,b0367
3021,190,b0368
3022,190,b0933
3023,190,b0934
3024,190,b0935
3025,190,b0936
3026,190,b0937
3027,190,b1657
3028,190,b1920
3029,190,b1987
3030,190,b2425
3031,190,b2505
3032,190,b3661
3033,190,b3917
3034,190,b3918
3035,190,b4326
3036,191,b1043
3037,191,b1044
3038,191,b1070
3039,191,b1071
3040,191,b1072
3041,191,b1073
3042,191,b1074
3043,191,b1075
3044,191,b1076
3045,191,b1077
3046,191,b1078
3047,191,b1079
3048,191,b1080
3049,191,b1081
3050,191,b1082
3051,191,b1083
3052,191,b1878
3053,191,b1879
3054,191,b1880
3055,191,b1904
3056,191,b1921
3057,191,b1922
3058,191,b1924
3059,191,b1925
3060,191,b1926
3061,191,b4495
3062,191,b1937
3063,191,b1938
3064,191,b1939
3065,191,b1940
3066,191,b1941
3067,191,b1942
3068,191,b1943
3069,191,b1944
3070,191,b1945
3071,191,b1946
3072,191,b1947
3073,191,b1948
3074,191,b1949
3075,191,b1950
3076,191,b1951
3077,192,b4002
3078,192,b4004
3079,193,b0450
3080,193,b0451
3081,193,b1006
3082,193,b1007
3083,193,b1008
3084,193,b1009
3085,193,b1010
3086,193,b1011
3087,193,b1012
3088,193,b1483
3089,193,b1484
3090,193,b1485
3091,193,b1486
3092,193,b1487
3093,193,b1488
3094,193,b1596
3095,193,b1747
3096,193,b1748
3097,193,b1987
3098,193,b2875
3099,193,b2876
3100,193,b3268
3101,193,b3269
3102,194,b0113
3103,194,b0293
3104,194,b0294
3105,194,b0557
3106,194,b0565
3107,194,b0841
3108,194,b0877
3109,194,b1130
3110,194,b1160
3111,194,b1505
3112,194,b1608
3113,194,b1609
3114,194,b1641
3115,194,b1816
3116,194,b4751
3117,194,b1825
3118,194,b1826
3119,194,b2259
3120,194,b4242
3121,194,b4359
3122,195,b2522
3123,195,b2523
3124,195,b2524
3125,195,b2525
3126,195,b2526
3127,195,b2527
3128,195,b2528
3129,195,b2529
3130,195,b2530
3131,195,b2531
3132,195,b3414
3133,196,b0005
3134,196,b0028
3135,196,b0268
3136,196,b0412
3137,196,b0453
3138,196,b0819
3139,196,b0865
3140,196,b0891
3141,196,b1047
3142,196,b1063
3143,196,b1115
3144,196,b1271
3145,196,b4522
3146,196,b4523
3147,196,b1414
3148,196,b1481
3149,196,b1735
3150,196,b1762
3151,196,b4536
3152,196,b1974
3153,196,b2027
3154,196,b2086
3155,196,b2317
3156,196,b2326
3157,196,b2415
3158,196,b2416
3159,196,b2417
3160,196,b2753
3161,196,b2921
3162,196,b2922
3163,196,b3011
3164,196,b3013
3165,196,b3191
3166,196,b3192
3167,196,b3234
3168,196,b3555
3169,196,b3774
3170,196,b3821
3171,196,b4487
3172,196,b4241
3173,196,b4326
3174,197,b0694
3175,197,b1800
3176,197,b1974
3177,197,b2028
3178,197,b2252
3179,197,b2253
3180,197,b2254
3181,197,b2255
3182,197,b2256
3183,197,b2257
3184,197,b4544
3185,197,b3207
3186,197,b3469
3187,197,b3615
3188,197,b3955
3189,197,b4114
3190,198,b4735
3191,198,b0988
3192,198,b4519
3193,198,b1283
3194,198,b1552
3195,198,b1649
3196,198,b1650
3197,198,b2029
3198,198,b2388
3199,198,b2415
3200,198,b2416
3201,198,b2417
3202,198,b3398
3203,198,b3599
3204,198,b3600
3205,198,b3601
3206,198,b3665
3207,198,b3666
3208,198,b3675
3209,198,b3676
3210,198,b3685
3211,198,b3688
3212,198,b3690
3213,198,b3698
3214,198,b3711
3215,198,b3716
3216,198,b3717
3217,198,b3747
3218,198,b3764
3219,198,b3775
3220,198,b3777
3221,198,b3778
3222,198,b3780
3223,198,b3802
3224,198,b3803
3225,198,b3919
3226,198,b4116
3227,199,b1861
3228,199,b2715
3229,199,b2716
3230,200,b4633
3231,201,b0483
3232,201,b4633
3233,201,b4723
3234,201,b2135
3235,201,b2398
3236,201,b2399
3237,202,b4604
3238,203,b1970
3239,203,b1971
3240,203,b1972
3241,203,b3010
3242,203,b3011
3243,203,b3666
3244,204,b1571
3245,205,b1823
3246,205,b1824
3247,206,b0099
3248,206,b0772
3249,206,b0825
3250,206,b0917
3251,206,b0928
3252,206,b1004
3253,206,b1109
3254,206,b1248
3255,206,b1604
3256,206,b1656
3257,206,b1777
3258,206,b1778
3259,206,b1780
3260,206,b1957
3261,206,b2113
3262,206,b2193
3263,206,b2388
3264,206,b2508
3265,206,b2842
3266,206,b2947
3267,206,b3253
3268,206,b3346
3269,206,b3360
3270,206,b3384
3271,206,b3460
3272,206,b3744
3273,206,b3748
3274,206,b4178
3275,206,b4214
3276,207,b4520
3277,207,b1189
3278,207,b1634
3279,207,b2670
3280,208,b0989
3281,208,b1558
3282,208,b2387
3283,209,b0991
3284,209,b4246
3285,210,b4518
3286,210,b1465
3287,210,b1466
3288,210,b1467
3289,210,b1468
3290,210,b1469
3291,210,b2215
3292,210,b3267
3293,210,b3405
3294,211,b1223
3295,211,b1224
3296,211,b1474
3297,211,b1751
3298,211,b1797
3299,211,b2206
3300,211,b2207
3301,211,b2208
3302,211,b3365
3303,211,b3366
3304,212,b1483
3305,212,b1484
3306,212,b1485
3307,212,b1486
3308,212,b1487
3309,212,b1488
3310,212,b1744
3311,212,b1745
3312,212,b1746
3313,212,b1747
3314,212,b1748
3315,212,b2344
3316,212,b3268
3317,212,b3451
3318,212,b3452
3319,212,b3453
3320,212,b4067
3321,212,b4068
3322,212,b4565
3323,213,b0702
3324,213,b0704
3325,213,b4514
3326,213,b3901
3327,214,b4744
3328,214,b1557
3329,215,b2241
3330,215,b2242
3331,215,b2243
3332,215,b3357
3333,215,b3926
3334,215,b3927
3335,216,b0315
3336,216,b0830
3337,216,b0831
3338,216,b0832
3339,216,b0833
3340,216,b0834
3341,217,b4662
3342,217,b3666
